<annotation>
	<folder></folder>
	<filename>ba10_png.rf.6f841fa59bbcc3e74f7b8daab4e8fa94.jpg</filename>
	<path>ba10_png.rf.6f841fa59bbcc3e74f7b8daab4e8fa94.jpg</path>
	<source>
		<database>roboflow.com</database>
	</source>
	<size>
		<width>512</width>
		<height>512</height>
		<depth>3</depth>
	</size>
	<segmented>0</segmented>
	<object>
		<name>ba</name>
		<pose>Unspecified</pose>
		<truncated>0</truncated>
		<difficult>0</difficult>
		<occluded>0</occluded>
		<bndbox>
			<xmin>170</xmin>
			<xmax>418</xmax>
			<ymin>42</ymin>
			<ymax>230</ymax>
		</bndbox>
	</object>
</annotation>
