<annotation>
	<folder></folder>
	<filename>ba10_png.rf.2aab4df791c1b8544da1f9ba78bd0c20.jpg</filename>
	<path>ba10_png.rf.2aab4df791c1b8544da1f9ba78bd0c20.jpg</path>
	<source>
		<database>roboflow.com</database>
	</source>
	<size>
		<width>512</width>
		<height>512</height>
		<depth>3</depth>
	</size>
	<segmented>0</segmented>
	<object>
		<name>ba</name>
		<pose>Unspecified</pose>
		<truncated>0</truncated>
		<difficult>0</difficult>
		<occluded>0</occluded>
		<bndbox>
			<xmin>169</xmin>
			<xmax>411</xmax>
			<ymin>45</ymin>
			<ymax>225</ymax>
		</bndbox>
	</object>
</annotation>
