<annotation>
	<folder></folder>
	<filename>ba10_png.rf.c1e5b3c4f527a83765fc318b3fa451f3.jpg</filename>
	<path>ba10_png.rf.c1e5b3c4f527a83765fc318b3fa451f3.jpg</path>
	<source>
		<database>roboflow.com</database>
	</source>
	<size>
		<width>512</width>
		<height>512</height>
		<depth>3</depth>
	</size>
	<segmented>0</segmented>
	<object>
		<name>ba</name>
		<pose>Unspecified</pose>
		<truncated>0</truncated>
		<difficult>0</difficult>
		<occluded>0</occluded>
		<bndbox>
			<xmin>155</xmin>
			<xmax>409</xmax>
			<ymin>35</ymin>
			<ymax>231</ymax>
		</bndbox>
	</object>
</annotation>
