<annotation>
	<folder></folder>
	<filename>ba11_png.rf.3d12d10c387a5389307a3102a1c653d7.jpg</filename>
	<path>ba11_png.rf.3d12d10c387a5389307a3102a1c653d7.jpg</path>
	<source>
		<database>roboflow.com</database>
	</source>
	<size>
		<width>512</width>
		<height>512</height>
		<depth>3</depth>
	</size>
	<segmented>0</segmented>
	<object>
		<name>ba</name>
		<pose>Unspecified</pose>
		<truncated>0</truncated>
		<difficult>0</difficult>
		<occluded>0</occluded>
		<bndbox>
			<xmin>126</xmin>
			<xmax>436</xmax>
			<ymin>51</ymin>
			<ymax>237</ymax>
		</bndbox>
	</object>
</annotation>
