<annotation>
	<folder></folder>
	<filename>ba11_png.rf.bbd0feff616835ff9541da9ba90965e2.jpg</filename>
	<path>ba11_png.rf.bbd0feff616835ff9541da9ba90965e2.jpg</path>
	<source>
		<database>roboflow.com</database>
	</source>
	<size>
		<width>512</width>
		<height>512</height>
		<depth>3</depth>
	</size>
	<segmented>0</segmented>
	<object>
		<name>ba</name>
		<pose>Unspecified</pose>
		<truncated>0</truncated>
		<difficult>0</difficult>
		<occluded>0</occluded>
		<bndbox>
			<xmin>124</xmin>
			<xmax>426</xmax>
			<ymin>58</ymin>
			<ymax>228</ymax>
		</bndbox>
	</object>
</annotation>
