<annotation>
	<folder></folder>
	<filename>ba12_png.rf.5a0288b2d740575ac4d23be5cc5ab773.jpg</filename>
	<path>ba12_png.rf.5a0288b2d740575ac4d23be5cc5ab773.jpg</path>
	<source>
		<database>roboflow.com</database>
	</source>
	<size>
		<width>512</width>
		<height>512</height>
		<depth>3</depth>
	</size>
	<segmented>0</segmented>
	<object>
		<name>ba</name>
		<pose>Unspecified</pose>
		<truncated>0</truncated>
		<difficult>0</difficult>
		<occluded>0</occluded>
		<bndbox>
			<xmin>47</xmin>
			<xmax>400</xmax>
			<ymin>47</ymin>
			<ymax>264</ymax>
		</bndbox>
	</object>
</annotation>
