<annotation>
	<folder></folder>
	<filename>ba12_png.rf.e12e0030b55c163c8314252c646c1f61.jpg</filename>
	<path>ba12_png.rf.e12e0030b55c163c8314252c646c1f61.jpg</path>
	<source>
		<database>roboflow.com</database>
	</source>
	<size>
		<width>512</width>
		<height>512</height>
		<depth>3</depth>
	</size>
	<segmented>0</segmented>
	<object>
		<name>ba</name>
		<pose>Unspecified</pose>
		<truncated>0</truncated>
		<difficult>0</difficult>
		<occluded>0</occluded>
		<bndbox>
			<xmin>46</xmin>
			<xmax>386</xmax>
			<ymin>61</ymin>
			<ymax>255</ymax>
		</bndbox>
	</object>
</annotation>
