<annotation>
	<folder></folder>
	<filename>ba13_png.rf.b2d5c645bee21aee27ce4791822b9405.jpg</filename>
	<path>ba13_png.rf.b2d5c645bee21aee27ce4791822b9405.jpg</path>
	<source>
		<database>roboflow.com</database>
	</source>
	<size>
		<width>512</width>
		<height>512</height>
		<depth>3</depth>
	</size>
	<segmented>0</segmented>
	<object>
		<name>ba</name>
		<pose>Unspecified</pose>
		<truncated>0</truncated>
		<difficult>0</difficult>
		<occluded>0</occluded>
		<bndbox>
			<xmin>95</xmin>
			<xmax>487</xmax>
			<ymin>1</ymin>
			<ymax>242</ymax>
		</bndbox>
	</object>
</annotation>
