<annotation>
	<folder></folder>
	<filename>ba13_png.rf.861a6a90af930cf1d0774d14e4729e24.jpg</filename>
	<path>ba13_png.rf.861a6a90af930cf1d0774d14e4729e24.jpg</path>
	<source>
		<database>roboflow.com</database>
	</source>
	<size>
		<width>512</width>
		<height>512</height>
		<depth>3</depth>
	</size>
	<segmented>0</segmented>
	<object>
		<name>ba</name>
		<pose>Unspecified</pose>
		<truncated>0</truncated>
		<difficult>0</difficult>
		<occluded>0</occluded>
		<bndbox>
			<xmin>112</xmin>
			<xmax>490</xmax>
			<ymin>13</ymin>
			<ymax>232</ymax>
		</bndbox>
	</object>
</annotation>
