<annotation>
	<folder></folder>
	<filename>ba14_png.rf.335e271570ebc0d43fd15bc1f96dd44b.jpg</filename>
	<path>ba14_png.rf.335e271570ebc0d43fd15bc1f96dd44b.jpg</path>
	<source>
		<database>roboflow.com</database>
	</source>
	<size>
		<width>512</width>
		<height>512</height>
		<depth>3</depth>
	</size>
	<segmented>0</segmented>
	<object>
		<name>ba</name>
		<pose>Unspecified</pose>
		<truncated>0</truncated>
		<difficult>0</difficult>
		<occluded>0</occluded>
		<bndbox>
			<xmin>74</xmin>
			<xmax>483</xmax>
			<ymin>27</ymin>
			<ymax>293</ymax>
		</bndbox>
	</object>
</annotation>
