<annotation>
	<folder></folder>
	<filename>ba14_png.rf.6f667c0ccf5788b1e8146f575479d696.jpg</filename>
	<path>ba14_png.rf.6f667c0ccf5788b1e8146f575479d696.jpg</path>
	<source>
		<database>roboflow.com</database>
	</source>
	<size>
		<width>512</width>
		<height>512</height>
		<depth>3</depth>
	</size>
	<segmented>0</segmented>
	<object>
		<name>ba</name>
		<pose>Unspecified</pose>
		<truncated>0</truncated>
		<difficult>0</difficult>
		<occluded>0</occluded>
		<bndbox>
			<xmin>75</xmin>
			<xmax>468</xmax>
			<ymin>40</ymin>
			<ymax>279</ymax>
		</bndbox>
	</object>
</annotation>
