<annotation>
	<folder></folder>
	<filename>ba15_png.rf.778e8b151051589acf4cdc691d0d2acf.jpg</filename>
	<path>ba15_png.rf.778e8b151051589acf4cdc691d0d2acf.jpg</path>
	<source>
		<database>roboflow.com</database>
	</source>
	<size>
		<width>512</width>
		<height>512</height>
		<depth>3</depth>
	</size>
	<segmented>0</segmented>
	<object>
		<name>ba</name>
		<pose>Unspecified</pose>
		<truncated>0</truncated>
		<difficult>0</difficult>
		<occluded>0</occluded>
		<bndbox>
			<xmin>35</xmin>
			<xmax>454</xmax>
			<ymin>23</ymin>
			<ymax>225</ymax>
		</bndbox>
	</object>
</annotation>
