<annotation>
	<folder></folder>
	<filename>ba15_png.rf.38471ed3a09898dd66426f36b41daa3c.jpg</filename>
	<path>ba15_png.rf.38471ed3a09898dd66426f36b41daa3c.jpg</path>
	<source>
		<database>roboflow.com</database>
	</source>
	<size>
		<width>512</width>
		<height>512</height>
		<depth>3</depth>
	</size>
	<segmented>0</segmented>
	<object>
		<name>ba</name>
		<pose>Unspecified</pose>
		<truncated>0</truncated>
		<difficult>0</difficult>
		<occluded>0</occluded>
		<bndbox>
			<xmin>39</xmin>
			<xmax>477</xmax>
			<ymin>1</ymin>
			<ymax>246</ymax>
		</bndbox>
	</object>
</annotation>
