<annotation>
	<folder></folder>
	<filename>ba15_png.rf.771289afaf784c1c8e594295bf2c10a2.jpg</filename>
	<path>ba15_png.rf.771289afaf784c1c8e594295bf2c10a2.jpg</path>
	<source>
		<database>roboflow.com</database>
	</source>
	<size>
		<width>512</width>
		<height>512</height>
		<depth>3</depth>
	</size>
	<segmented>0</segmented>
	<object>
		<name>ba</name>
		<pose>Unspecified</pose>
		<truncated>0</truncated>
		<difficult>0</difficult>
		<occluded>0</occluded>
		<bndbox>
			<xmin>38</xmin>
			<xmax>470</xmax>
			<ymin>8</ymin>
			<ymax>239</ymax>
		</bndbox>
	</object>
</annotation>
