<annotation>
	<folder></folder>
	<filename>ba16_png.rf.ff7842026b21ec74963d1c20eaee49cf.jpg</filename>
	<path>ba16_png.rf.ff7842026b21ec74963d1c20eaee49cf.jpg</path>
	<source>
		<database>roboflow.com</database>
	</source>
	<size>
		<width>512</width>
		<height>512</height>
		<depth>3</depth>
	</size>
	<segmented>0</segmented>
	<object>
		<name>ba</name>
		<pose>Unspecified</pose>
		<truncated>0</truncated>
		<difficult>0</difficult>
		<occluded>0</occluded>
		<bndbox>
			<xmin>136</xmin>
			<xmax>391</xmax>
			<ymin>44</ymin>
			<ymax>210</ymax>
		</bndbox>
	</object>
</annotation>
