<annotation>
	<folder></folder>
	<filename>ba16_png.rf.f3fdc34db50ddd4c4333e58f2e287147.jpg</filename>
	<path>ba16_png.rf.f3fdc34db50ddd4c4333e58f2e287147.jpg</path>
	<source>
		<database>roboflow.com</database>
	</source>
	<size>
		<width>512</width>
		<height>512</height>
		<depth>3</depth>
	</size>
	<segmented>0</segmented>
	<object>
		<name>ba</name>
		<pose>Unspecified</pose>
		<truncated>0</truncated>
		<difficult>0</difficult>
		<occluded>0</occluded>
		<bndbox>
			<xmin>137</xmin>
			<xmax>395</xmax>
			<ymin>42</ymin>
			<ymax>213</ymax>
		</bndbox>
	</object>
</annotation>
