<annotation>
	<folder></folder>
	<filename>ba16_png.rf.30f3a45ec30a8ca498d8355ea418dd05.jpg</filename>
	<path>ba16_png.rf.30f3a45ec30a8ca498d8355ea418dd05.jpg</path>
	<source>
		<database>roboflow.com</database>
	</source>
	<size>
		<width>512</width>
		<height>512</height>
		<depth>3</depth>
	</size>
	<segmented>0</segmented>
	<object>
		<name>ba</name>
		<pose>Unspecified</pose>
		<truncated>0</truncated>
		<difficult>0</difficult>
		<occluded>0</occluded>
		<bndbox>
			<xmin>135</xmin>
			<xmax>387</xmax>
			<ymin>46</ymin>
			<ymax>208</ymax>
		</bndbox>
	</object>
</annotation>
