<annotation>
	<folder></folder>
	<filename>ba17_png.rf.03fc669e56daf77d31c3e77c19badbc3.jpg</filename>
	<path>ba17_png.rf.03fc669e56daf77d31c3e77c19badbc3.jpg</path>
	<source>
		<database>roboflow.com</database>
	</source>
	<size>
		<width>512</width>
		<height>512</height>
		<depth>3</depth>
	</size>
	<segmented>0</segmented>
	<object>
		<name>ba</name>
		<pose>Unspecified</pose>
		<truncated>0</truncated>
		<difficult>0</difficult>
		<occluded>0</occluded>
		<bndbox>
			<xmin>104</xmin>
			<xmax>426</xmax>
			<ymin>13</ymin>
			<ymax>242</ymax>
		</bndbox>
	</object>
</annotation>
