<annotation>
	<folder></folder>
	<filename>ba17_png.rf.335568567169dd328b37bc80d99fb213.jpg</filename>
	<path>ba17_png.rf.335568567169dd328b37bc80d99fb213.jpg</path>
	<source>
		<database>roboflow.com</database>
	</source>
	<size>
		<width>512</width>
		<height>512</height>
		<depth>3</depth>
	</size>
	<segmented>0</segmented>
	<object>
		<name>ba</name>
		<pose>Unspecified</pose>
		<truncated>0</truncated>
		<difficult>0</difficult>
		<occluded>0</occluded>
		<bndbox>
			<xmin>106</xmin>
			<xmax>450</xmax>
			<ymin>1</ymin>
			<ymax>259</ymax>
		</bndbox>
	</object>
</annotation>
