<annotation>
	<folder></folder>
	<filename>ba17_png.rf.f9eb42d213600d267e71b3f70b3747fe.jpg</filename>
	<path>ba17_png.rf.f9eb42d213600d267e71b3f70b3747fe.jpg</path>
	<source>
		<database>roboflow.com</database>
	</source>
	<size>
		<width>512</width>
		<height>512</height>
		<depth>3</depth>
	</size>
	<segmented>0</segmented>
	<object>
		<name>ba</name>
		<pose>Unspecified</pose>
		<truncated>0</truncated>
		<difficult>0</difficult>
		<occluded>0</occluded>
		<bndbox>
			<xmin>105</xmin>
			<xmax>439</xmax>
			<ymin>5</ymin>
			<ymax>251</ymax>
		</bndbox>
	</object>
</annotation>
