<annotation>
	<folder></folder>
	<filename>ba18_png.rf.af44bddf748d2ea95af0b6356f577846.jpg</filename>
	<path>ba18_png.rf.af44bddf748d2ea95af0b6356f577846.jpg</path>
	<source>
		<database>roboflow.com</database>
	</source>
	<size>
		<width>512</width>
		<height>512</height>
		<depth>3</depth>
	</size>
	<segmented>0</segmented>
	<object>
		<name>ba</name>
		<pose>Unspecified</pose>
		<truncated>0</truncated>
		<difficult>0</difficult>
		<occluded>0</occluded>
		<bndbox>
			<xmin>94</xmin>
			<xmax>373</xmax>
			<ymin>22</ymin>
			<ymax>245</ymax>
		</bndbox>
	</object>
</annotation>
