<annotation>
	<folder></folder>
	<filename>ba18_png.rf.d415bea3db5ae21c4259172f21a0ef0d.jpg</filename>
	<path>ba18_png.rf.d415bea3db5ae21c4259172f21a0ef0d.jpg</path>
	<source>
		<database>roboflow.com</database>
	</source>
	<size>
		<width>512</width>
		<height>512</height>
		<depth>3</depth>
	</size>
	<segmented>0</segmented>
	<object>
		<name>ba</name>
		<pose>Unspecified</pose>
		<truncated>0</truncated>
		<difficult>0</difficult>
		<occluded>0</occluded>
		<bndbox>
			<xmin>103</xmin>
			<xmax>382</xmax>
			<ymin>21</ymin>
			<ymax>244</ymax>
		</bndbox>
	</object>
</annotation>
