<annotation>
	<folder></folder>
	<filename>ba18_png.rf.bdebb7a9e3c6c0d751063c065826d438.jpg</filename>
	<path>ba18_png.rf.bdebb7a9e3c6c0d751063c065826d438.jpg</path>
	<source>
		<database>roboflow.com</database>
	</source>
	<size>
		<width>512</width>
		<height>512</height>
		<depth>3</depth>
	</size>
	<segmented>0</segmented>
	<object>
		<name>ba</name>
		<pose>Unspecified</pose>
		<truncated>0</truncated>
		<difficult>0</difficult>
		<occluded>0</occluded>
		<bndbox>
			<xmin>102</xmin>
			<xmax>374</xmax>
			<ymin>26</ymin>
			<ymax>240</ymax>
		</bndbox>
	</object>
</annotation>
