<annotation>
	<folder></folder>
	<filename>ba19_png.rf.a899bdfa82204d602777d7093d74efd6.jpg</filename>
	<path>ba19_png.rf.a899bdfa82204d602777d7093d74efd6.jpg</path>
	<source>
		<database>roboflow.com</database>
	</source>
	<size>
		<width>512</width>
		<height>512</height>
		<depth>3</depth>
	</size>
	<segmented>0</segmented>
	<object>
		<name>ba</name>
		<pose>Unspecified</pose>
		<truncated>0</truncated>
		<difficult>0</difficult>
		<occluded>0</occluded>
		<bndbox>
			<xmin>46</xmin>
			<xmax>379</xmax>
			<ymin>22</ymin>
			<ymax>300</ymax>
		</bndbox>
	</object>
</annotation>
