<annotation>
	<folder></folder>
	<filename>ba19_png.rf.4021c0cef9554bd87352445f22b4522d.jpg</filename>
	<path>ba19_png.rf.4021c0cef9554bd87352445f22b4522d.jpg</path>
	<source>
		<database>roboflow.com</database>
	</source>
	<size>
		<width>512</width>
		<height>512</height>
		<depth>3</depth>
	</size>
	<segmented>0</segmented>
	<object>
		<name>ba</name>
		<pose>Unspecified</pose>
		<truncated>0</truncated>
		<difficult>0</difficult>
		<occluded>0</occluded>
		<bndbox>
			<xmin>61</xmin>
			<xmax>377</xmax>
			<ymin>30</ymin>
			<ymax>287</ymax>
		</bndbox>
	</object>
</annotation>
