<annotation>
	<folder></folder>
	<filename>ba19_png.rf.fba83447e53b2befeeb73d4f8841f20b.jpg</filename>
	<path>ba19_png.rf.fba83447e53b2befeeb73d4f8841f20b.jpg</path>
	<source>
		<database>roboflow.com</database>
	</source>
	<size>
		<width>512</width>
		<height>512</height>
		<depth>3</depth>
	</size>
	<segmented>0</segmented>
	<object>
		<name>ba</name>
		<pose>Unspecified</pose>
		<truncated>0</truncated>
		<difficult>0</difficult>
		<occluded>0</occluded>
		<bndbox>
			<xmin>60</xmin>
			<xmax>385</xmax>
			<ymin>23</ymin>
			<ymax>291</ymax>
		</bndbox>
	</object>
</annotation>
