<annotation>
	<folder></folder>
	<filename>ba1_png.rf.bcf7f15bbb06b32f4591310e26a87195.jpg</filename>
	<path>ba1_png.rf.bcf7f15bbb06b32f4591310e26a87195.jpg</path>
	<source>
		<database>roboflow.com</database>
	</source>
	<size>
		<width>512</width>
		<height>512</height>
		<depth>3</depth>
	</size>
	<segmented>0</segmented>
	<object>
		<name>ba</name>
		<pose>Unspecified</pose>
		<truncated>0</truncated>
		<difficult>0</difficult>
		<occluded>0</occluded>
		<bndbox>
			<xmin>111</xmin>
			<xmax>445</xmax>
			<ymin>48</ymin>
			<ymax>247</ymax>
		</bndbox>
	</object>
</annotation>
