<annotation>
	<folder></folder>
	<filename>ba1_png.rf.8d9a4658c185c6c4226053674078cdb2.jpg</filename>
	<path>ba1_png.rf.8d9a4658c185c6c4226053674078cdb2.jpg</path>
	<source>
		<database>roboflow.com</database>
	</source>
	<size>
		<width>512</width>
		<height>512</height>
		<depth>3</depth>
	</size>
	<segmented>0</segmented>
	<object>
		<name>ba</name>
		<pose>Unspecified</pose>
		<truncated>0</truncated>
		<difficult>0</difficult>
		<occluded>0</occluded>
		<bndbox>
			<xmin>100</xmin>
			<xmax>444</xmax>
			<ymin>38</ymin>
			<ymax>254</ymax>
		</bndbox>
	</object>
</annotation>
