<annotation>
	<folder></folder>
	<filename>ba20_png.rf.ed2e9fad7fa4bd7f83e033a6de0418b8.jpg</filename>
	<path>ba20_png.rf.ed2e9fad7fa4bd7f83e033a6de0418b8.jpg</path>
	<source>
		<database>roboflow.com</database>
	</source>
	<size>
		<width>512</width>
		<height>512</height>
		<depth>3</depth>
	</size>
	<segmented>0</segmented>
	<object>
		<name>ba</name>
		<pose>Unspecified</pose>
		<truncated>0</truncated>
		<difficult>0</difficult>
		<occluded>0</occluded>
		<bndbox>
			<xmin>141</xmin>
			<xmax>356</xmax>
			<ymin>13</ymin>
			<ymax>223</ymax>
		</bndbox>
	</object>
</annotation>
