<annotation>
	<folder></folder>
	<filename>ba20_png.rf.cb0acdfd90607950ecb38b2673120bfe.jpg</filename>
	<path>ba20_png.rf.cb0acdfd90607950ecb38b2673120bfe.jpg</path>
	<source>
		<database>roboflow.com</database>
	</source>
	<size>
		<width>512</width>
		<height>512</height>
		<depth>3</depth>
	</size>
	<segmented>0</segmented>
	<object>
		<name>ba</name>
		<pose>Unspecified</pose>
		<truncated>0</truncated>
		<difficult>0</difficult>
		<occluded>0</occluded>
		<bndbox>
			<xmin>144</xmin>
			<xmax>376</xmax>
			<ymin>4</ymin>
			<ymax>232</ymax>
		</bndbox>
	</object>
</annotation>
