<annotation>
	<folder></folder>
	<filename>ba20_png.rf.ef74606c52d54ea9802d1917edd1e018.jpg</filename>
	<path>ba20_png.rf.ef74606c52d54ea9802d1917edd1e018.jpg</path>
	<source>
		<database>roboflow.com</database>
	</source>
	<size>
		<width>512</width>
		<height>512</height>
		<depth>3</depth>
	</size>
	<segmented>0</segmented>
	<object>
		<name>ba</name>
		<pose>Unspecified</pose>
		<truncated>0</truncated>
		<difficult>0</difficult>
		<occluded>0</occluded>
		<bndbox>
			<xmin>120</xmin>
			<xmax>352</xmax>
			<ymin>6</ymin>
			<ymax>234</ymax>
		</bndbox>
	</object>
</annotation>
