<annotation>
	<folder></folder>
	<filename>ba21_png.rf.3494518905ee34e523c293604b46db8a.jpg</filename>
	<path>ba21_png.rf.3494518905ee34e523c293604b46db8a.jpg</path>
	<source>
		<database>roboflow.com</database>
	</source>
	<size>
		<width>512</width>
		<height>512</height>
		<depth>3</depth>
	</size>
	<segmented>0</segmented>
	<object>
		<name>ba</name>
		<pose>Unspecified</pose>
		<truncated>0</truncated>
		<difficult>0</difficult>
		<occluded>0</occluded>
		<bndbox>
			<xmin>105</xmin>
			<xmax>399</xmax>
			<ymin>55</ymin>
			<ymax>259</ymax>
		</bndbox>
	</object>
</annotation>
