<annotation>
	<folder></folder>
	<filename>ba22_png.rf.b3971658d871d773f0a1e601ce35d59c.jpg</filename>
	<path>ba22_png.rf.b3971658d871d773f0a1e601ce35d59c.jpg</path>
	<source>
		<database>roboflow.com</database>
	</source>
	<size>
		<width>512</width>
		<height>512</height>
		<depth>3</depth>
	</size>
	<segmented>0</segmented>
	<object>
		<name>ba</name>
		<pose>Unspecified</pose>
		<truncated>0</truncated>
		<difficult>0</difficult>
		<occluded>0</occluded>
		<bndbox>
			<xmin>118</xmin>
			<xmax>386</xmax>
			<ymin>52</ymin>
			<ymax>194</ymax>
		</bndbox>
	</object>
</annotation>
