<annotation>
	<folder></folder>
	<filename>ba22_png.rf.c38447f8d7fdec106d8f2a70c9e65f02.jpg</filename>
	<path>ba22_png.rf.c38447f8d7fdec106d8f2a70c9e65f02.jpg</path>
	<source>
		<database>roboflow.com</database>
	</source>
	<size>
		<width>512</width>
		<height>512</height>
		<depth>3</depth>
	</size>
	<segmented>0</segmented>
	<object>
		<name>ba</name>
		<pose>Unspecified</pose>
		<truncated>0</truncated>
		<difficult>0</difficult>
		<occluded>0</occluded>
		<bndbox>
			<xmin>107</xmin>
			<xmax>382</xmax>
			<ymin>46</ymin>
			<ymax>201</ymax>
		</bndbox>
	</object>
</annotation>
