<annotation>
	<folder></folder>
	<filename>ba22_png.rf.bc6b9c250412380c01c9c1837ffbf95b.jpg</filename>
	<path>ba22_png.rf.bc6b9c250412380c01c9c1837ffbf95b.jpg</path>
	<source>
		<database>roboflow.com</database>
	</source>
	<size>
		<width>512</width>
		<height>512</height>
		<depth>3</depth>
	</size>
	<segmented>0</segmented>
	<object>
		<name>ba</name>
		<pose>Unspecified</pose>
		<truncated>0</truncated>
		<difficult>0</difficult>
		<occluded>0</occluded>
		<bndbox>
			<xmin>121</xmin>
			<xmax>387</xmax>
			<ymin>55</ymin>
			<ymax>192</ymax>
		</bndbox>
	</object>
</annotation>
