<annotation>
	<folder></folder>
	<filename>ba23_png.rf.55a24da3365be328ea33e9e375d243f2.jpg</filename>
	<path>ba23_png.rf.55a24da3365be328ea33e9e375d243f2.jpg</path>
	<source>
		<database>roboflow.com</database>
	</source>
	<size>
		<width>512</width>
		<height>512</height>
		<depth>3</depth>
	</size>
	<segmented>0</segmented>
	<object>
		<name>ba</name>
		<pose>Unspecified</pose>
		<truncated>0</truncated>
		<difficult>0</difficult>
		<occluded>0</occluded>
		<bndbox>
			<xmin>134</xmin>
			<xmax>359</xmax>
			<ymin>86</ymin>
			<ymax>226</ymax>
		</bndbox>
	</object>
</annotation>
