<annotation>
	<folder></folder>
	<filename>ba23_png.rf.fa01c7694f003c413fad10ba1c1afb1b.jpg</filename>
	<path>ba23_png.rf.fa01c7694f003c413fad10ba1c1afb1b.jpg</path>
	<source>
		<database>roboflow.com</database>
	</source>
	<size>
		<width>512</width>
		<height>512</height>
		<depth>3</depth>
	</size>
	<segmented>0</segmented>
	<object>
		<name>ba</name>
		<pose>Unspecified</pose>
		<truncated>0</truncated>
		<difficult>0</difficult>
		<occluded>0</occluded>
		<bndbox>
			<xmin>135</xmin>
			<xmax>362</xmax>
			<ymin>84</ymin>
			<ymax>228</ymax>
		</bndbox>
	</object>
</annotation>
