<annotation>
	<folder></folder>
	<filename>ba23_png.rf.5a2821863655e63bc683a6e4c0079f84.jpg</filename>
	<path>ba23_png.rf.5a2821863655e63bc683a6e4c0079f84.jpg</path>
	<source>
		<database>roboflow.com</database>
	</source>
	<size>
		<width>512</width>
		<height>512</height>
		<depth>3</depth>
	</size>
	<segmented>0</segmented>
	<object>
		<name>ba</name>
		<pose>Unspecified</pose>
		<truncated>0</truncated>
		<difficult>0</difficult>
		<occluded>0</occluded>
		<bndbox>
			<xmin>122</xmin>
			<xmax>356</xmax>
			<ymin>80</ymin>
			<ymax>235</ymax>
		</bndbox>
	</object>
</annotation>
