<annotation>
	<folder></folder>
	<filename>ba24_png.rf.c2dd57b02d2eb60b115fe2b620fbc987.jpg</filename>
	<path>ba24_png.rf.c2dd57b02d2eb60b115fe2b620fbc987.jpg</path>
	<source>
		<database>roboflow.com</database>
	</source>
	<size>
		<width>512</width>
		<height>512</height>
		<depth>3</depth>
	</size>
	<segmented>0</segmented>
	<object>
		<name>ba</name>
		<pose>Unspecified</pose>
		<truncated>0</truncated>
		<difficult>0</difficult>
		<occluded>0</occluded>
		<bndbox>
			<xmin>95</xmin>
			<xmax>417</xmax>
			<ymin>38</ymin>
			<ymax>289</ymax>
		</bndbox>
	</object>
</annotation>
