<annotation>
	<folder></folder>
	<filename>ba24_png.rf.6a9503cefcf5f20342ea260f7053b502.jpg</filename>
	<path>ba24_png.rf.6a9503cefcf5f20342ea260f7053b502.jpg</path>
	<source>
		<database>roboflow.com</database>
	</source>
	<size>
		<width>512</width>
		<height>512</height>
		<depth>3</depth>
	</size>
	<segmented>0</segmented>
	<object>
		<name>ba</name>
		<pose>Unspecified</pose>
		<truncated>0</truncated>
		<difficult>0</difficult>
		<occluded>0</occluded>
		<bndbox>
			<xmin>101</xmin>
			<xmax>427</xmax>
			<ymin>35</ymin>
			<ymax>291</ymax>
		</bndbox>
	</object>
</annotation>
