<annotation>
	<folder></folder>
	<filename>ba24_png.rf.c260b8c5a039a578b62b3797c337ed7f.jpg</filename>
	<path>ba24_png.rf.c260b8c5a039a578b62b3797c337ed7f.jpg</path>
	<source>
		<database>roboflow.com</database>
	</source>
	<size>
		<width>512</width>
		<height>512</height>
		<depth>3</depth>
	</size>
	<segmented>0</segmented>
	<object>
		<name>ba</name>
		<pose>Unspecified</pose>
		<truncated>0</truncated>
		<difficult>0</difficult>
		<occluded>0</occluded>
		<bndbox>
			<xmin>102</xmin>
			<xmax>416</xmax>
			<ymin>43</ymin>
			<ymax>283</ymax>
		</bndbox>
	</object>
</annotation>
