<annotation>
	<folder></folder>
	<filename>ba25_png.rf.85d4ebc8e8adc955a4ea5465362518ff.jpg</filename>
	<path>ba25_png.rf.85d4ebc8e8adc955a4ea5465362518ff.jpg</path>
	<source>
		<database>roboflow.com</database>
	</source>
	<size>
		<width>512</width>
		<height>512</height>
		<depth>3</depth>
	</size>
	<segmented>0</segmented>
	<object>
		<name>ba</name>
		<pose>Unspecified</pose>
		<truncated>0</truncated>
		<difficult>0</difficult>
		<occluded>0</occluded>
		<bndbox>
			<xmin>62</xmin>
			<xmax>411</xmax>
			<ymin>37</ymin>
			<ymax>283</ymax>
		</bndbox>
	</object>
</annotation>
