<annotation>
	<folder></folder>
	<filename>ba25_png.rf.cab9b08109ee5a8607115033e220c675.jpg</filename>
	<path>ba25_png.rf.cab9b08109ee5a8607115033e220c675.jpg</path>
	<source>
		<database>roboflow.com</database>
	</source>
	<size>
		<width>512</width>
		<height>512</height>
		<depth>3</depth>
	</size>
	<segmented>0</segmented>
	<object>
		<name>ba</name>
		<pose>Unspecified</pose>
		<truncated>0</truncated>
		<difficult>0</difficult>
		<occluded>0</occluded>
		<bndbox>
			<xmin>70</xmin>
			<xmax>411</xmax>
			<ymin>42</ymin>
			<ymax>276</ymax>
		</bndbox>
	</object>
</annotation>
