<annotation>
	<folder></folder>
	<filename>ba27_png.rf.8445b7c9b4606e89301f70d9365ae926.jpg</filename>
	<path>ba27_png.rf.8445b7c9b4606e89301f70d9365ae926.jpg</path>
	<source>
		<database>roboflow.com</database>
	</source>
	<size>
		<width>512</width>
		<height>512</height>
		<depth>3</depth>
	</size>
	<segmented>0</segmented>
	<object>
		<name>ba</name>
		<pose>Unspecified</pose>
		<truncated>0</truncated>
		<difficult>0</difficult>
		<occluded>0</occluded>
		<bndbox>
			<xmin>133</xmin>
			<xmax>476</xmax>
			<ymin>32</ymin>
			<ymax>281</ymax>
		</bndbox>
	</object>
</annotation>
