<annotation>
	<folder></folder>
	<filename>ba27_png.rf.425a97ea92950b4b5582193c1d6eecb7.jpg</filename>
	<path>ba27_png.rf.425a97ea92950b4b5582193c1d6eecb7.jpg</path>
	<source>
		<database>roboflow.com</database>
	</source>
	<size>
		<width>512</width>
		<height>512</height>
		<depth>3</depth>
	</size>
	<segmented>0</segmented>
	<object>
		<name>ba</name>
		<pose>Unspecified</pose>
		<truncated>0</truncated>
		<difficult>0</difficult>
		<occluded>0</occluded>
		<bndbox>
			<xmin>125</xmin>
			<xmax>454</xmax>
			<ymin>37</ymin>
			<ymax>265</ymax>
		</bndbox>
	</object>
</annotation>
