<annotation>
	<folder></folder>
	<filename>ba27_png.rf.4d51f84dd00e1dff8a35be3dfcc6f62d.jpg</filename>
	<path>ba27_png.rf.4d51f84dd00e1dff8a35be3dfcc6f62d.jpg</path>
	<source>
		<database>roboflow.com</database>
	</source>
	<size>
		<width>512</width>
		<height>512</height>
		<depth>3</depth>
	</size>
	<segmented>0</segmented>
	<object>
		<name>ba</name>
		<pose>Unspecified</pose>
		<truncated>0</truncated>
		<difficult>0</difficult>
		<occluded>0</occluded>
		<bndbox>
			<xmin>132</xmin>
			<xmax>454</xmax>
			<ymin>44</ymin>
			<ymax>261</ymax>
		</bndbox>
	</object>
</annotation>
