<annotation>
	<folder></folder>
	<filename>ba28_png.rf.0deb09d580f0e5e374f1b0a660975e84.jpg</filename>
	<path>ba28_png.rf.0deb09d580f0e5e374f1b0a660975e84.jpg</path>
	<source>
		<database>roboflow.com</database>
	</source>
	<size>
		<width>512</width>
		<height>512</height>
		<depth>3</depth>
	</size>
	<segmented>0</segmented>
	<object>
		<name>ba</name>
		<pose>Unspecified</pose>
		<truncated>0</truncated>
		<difficult>0</difficult>
		<occluded>0</occluded>
		<bndbox>
			<xmin>111</xmin>
			<xmax>431</xmax>
			<ymin>39</ymin>
			<ymax>237</ymax>
		</bndbox>
	</object>
</annotation>
