<annotation>
	<folder></folder>
	<filename>ba28_png.rf.f46b9a62793970b8cc540ab40054f82e.jpg</filename>
	<path>ba28_png.rf.f46b9a62793970b8cc540ab40054f82e.jpg</path>
	<source>
		<database>roboflow.com</database>
	</source>
	<size>
		<width>512</width>
		<height>512</height>
		<depth>3</depth>
	</size>
	<segmented>0</segmented>
	<object>
		<name>ba</name>
		<pose>Unspecified</pose>
		<truncated>0</truncated>
		<difficult>0</difficult>
		<occluded>0</occluded>
		<bndbox>
			<xmin>109</xmin>
			<xmax>420</xmax>
			<ymin>46</ymin>
			<ymax>228</ymax>
		</bndbox>
	</object>
</annotation>
