<annotation>
	<folder></folder>
	<filename>ba29_png.rf.14ba5636e67c33a27a651fef45cedb2d.jpg</filename>
	<path>ba29_png.rf.14ba5636e67c33a27a651fef45cedb2d.jpg</path>
	<source>
		<database>roboflow.com</database>
	</source>
	<size>
		<width>512</width>
		<height>512</height>
		<depth>3</depth>
	</size>
	<segmented>0</segmented>
	<object>
		<name>ba</name>
		<pose>Unspecified</pose>
		<truncated>0</truncated>
		<difficult>0</difficult>
		<occluded>0</occluded>
		<bndbox>
			<xmin>140</xmin>
			<xmax>406</xmax>
			<ymin>75</ymin>
			<ymax>254</ymax>
		</bndbox>
	</object>
</annotation>
