<annotation>
	<folder></folder>
	<filename>ba29_png.rf.4663dea1d6bfe97cfa87846398a55b9a.jpg</filename>
	<path>ba29_png.rf.4663dea1d6bfe97cfa87846398a55b9a.jpg</path>
	<source>
		<database>roboflow.com</database>
	</source>
	<size>
		<width>512</width>
		<height>512</height>
		<depth>3</depth>
	</size>
	<segmented>0</segmented>
	<object>
		<name>ba</name>
		<pose>Unspecified</pose>
		<truncated>0</truncated>
		<difficult>0</difficult>
		<occluded>0</occluded>
		<bndbox>
			<xmin>141</xmin>
			<xmax>416</xmax>
			<ymin>69</ymin>
			<ymax>262</ymax>
		</bndbox>
	</object>
</annotation>
