<annotation>
	<folder></folder>
	<filename>ba2_png.rf.af1d7b473f404952cc36305e8f02e5b7.jpg</filename>
	<path>ba2_png.rf.af1d7b473f404952cc36305e8f02e5b7.jpg</path>
	<source>
		<database>roboflow.com</database>
	</source>
	<size>
		<width>512</width>
		<height>512</height>
		<depth>3</depth>
	</size>
	<segmented>0</segmented>
	<object>
		<name>ba</name>
		<pose>Unspecified</pose>
		<truncated>0</truncated>
		<difficult>0</difficult>
		<occluded>0</occluded>
		<bndbox>
			<xmin>86</xmin>
			<xmax>405</xmax>
			<ymin>5</ymin>
			<ymax>185</ymax>
		</bndbox>
	</object>
</annotation>
