<annotation>
	<folder></folder>
	<filename>ba2_png.rf.738b9f3682917ffb6cb5093fd14884dc.jpg</filename>
	<path>ba2_png.rf.738b9f3682917ffb6cb5093fd14884dc.jpg</path>
	<source>
		<database>roboflow.com</database>
	</source>
	<size>
		<width>512</width>
		<height>512</height>
		<depth>3</depth>
	</size>
	<segmented>0</segmented>
	<object>
		<name>ba</name>
		<pose>Unspecified</pose>
		<truncated>0</truncated>
		<difficult>0</difficult>
		<occluded>0</occluded>
		<bndbox>
			<xmin>92</xmin>
			<xmax>425</xmax>
			<ymin>1</ymin>
			<ymax>198</ymax>
		</bndbox>
	</object>
</annotation>
