<annotation>
	<folder></folder>
	<filename>ba30_png.rf.b1e8a962c92f08ffa9ba998ff34c18d1.jpg</filename>
	<path>ba30_png.rf.b1e8a962c92f08ffa9ba998ff34c18d1.jpg</path>
	<source>
		<database>roboflow.com</database>
	</source>
	<size>
		<width>512</width>
		<height>512</height>
		<depth>3</depth>
	</size>
	<segmented>0</segmented>
	<object>
		<name>ba</name>
		<pose>Unspecified</pose>
		<truncated>0</truncated>
		<difficult>0</difficult>
		<occluded>0</occluded>
		<bndbox>
			<xmin>123</xmin>
			<xmax>473</xmax>
			<ymin>62</ymin>
			<ymax>261</ymax>
		</bndbox>
	</object>
</annotation>
