<annotation>
	<folder></folder>
	<filename>ba30_png.rf.c0c56ede865fb4db8cf743fd67dbe973.jpg</filename>
	<path>ba30_png.rf.c0c56ede865fb4db8cf743fd67dbe973.jpg</path>
	<source>
		<database>roboflow.com</database>
	</source>
	<size>
		<width>512</width>
		<height>512</height>
		<depth>3</depth>
	</size>
	<segmented>0</segmented>
	<object>
		<name>ba</name>
		<pose>Unspecified</pose>
		<truncated>0</truncated>
		<difficult>0</difficult>
		<occluded>0</occluded>
		<bndbox>
			<xmin>133</xmin>
			<xmax>474</xmax>
			<ymin>74</ymin>
			<ymax>255</ymax>
		</bndbox>
	</object>
</annotation>
