<annotation>
	<folder></folder>
	<filename>ba31_png.rf.da4b2ae37634f67136dea2a3d6612114.jpg</filename>
	<path>ba31_png.rf.da4b2ae37634f67136dea2a3d6612114.jpg</path>
	<source>
		<database>roboflow.com</database>
	</source>
	<size>
		<width>512</width>
		<height>512</height>
		<depth>3</depth>
	</size>
	<segmented>0</segmented>
	<object>
		<name>ba</name>
		<pose>Unspecified</pose>
		<truncated>0</truncated>
		<difficult>0</difficult>
		<occluded>0</occluded>
		<bndbox>
			<xmin>48</xmin>
			<xmax>442</xmax>
			<ymin>23</ymin>
			<ymax>280</ymax>
		</bndbox>
	</object>
</annotation>
