<annotation>
	<folder></folder>
	<filename>ba31_png.rf.f07669c2a2a293fbe34789d1b4e494c2.jpg</filename>
	<path>ba31_png.rf.f07669c2a2a293fbe34789d1b4e494c2.jpg</path>
	<source>
		<database>roboflow.com</database>
	</source>
	<size>
		<width>512</width>
		<height>512</height>
		<depth>3</depth>
	</size>
	<segmented>0</segmented>
	<object>
		<name>ba</name>
		<pose>Unspecified</pose>
		<truncated>0</truncated>
		<difficult>0</difficult>
		<occluded>0</occluded>
		<bndbox>
			<xmin>66</xmin>
			<xmax>442</xmax>
			<ymin>39</ymin>
			<ymax>264</ymax>
		</bndbox>
	</object>
</annotation>
