<annotation>
	<folder></folder>
	<filename>ba31_png.rf.0dbf1cd179668f37075a27e082499183.jpg</filename>
	<path>ba31_png.rf.0dbf1cd179668f37075a27e082499183.jpg</path>
	<source>
		<database>roboflow.com</database>
	</source>
	<size>
		<width>512</width>
		<height>512</height>
		<depth>3</depth>
	</size>
	<segmented>0</segmented>
	<object>
		<name>ba</name>
		<pose>Unspecified</pose>
		<truncated>0</truncated>
		<difficult>0</difficult>
		<occluded>0</occluded>
		<bndbox>
			<xmin>66</xmin>
			<xmax>453</xmax>
			<ymin>29</ymin>
			<ymax>273</ymax>
		</bndbox>
	</object>
</annotation>
