<annotation>
	<folder></folder>
	<filename>ba34_png.rf.4961061904a000fb1e2e01098e646833.jpg</filename>
	<path>ba34_png.rf.4961061904a000fb1e2e01098e646833.jpg</path>
	<source>
		<database>roboflow.com</database>
	</source>
	<size>
		<width>512</width>
		<height>512</height>
		<depth>3</depth>
	</size>
	<segmented>0</segmented>
	<object>
		<name>ba</name>
		<pose>Unspecified</pose>
		<truncated>0</truncated>
		<difficult>0</difficult>
		<occluded>0</occluded>
		<bndbox>
			<xmin>51</xmin>
			<xmax>501</xmax>
			<ymin>78</ymin>
			<ymax>299</ymax>
		</bndbox>
	</object>
</annotation>
