<annotation>
	<folder></folder>
	<filename>ba34_png.rf.f6c1618242a7bfbfcfcb095b173ff9f2.jpg</filename>
	<path>ba34_png.rf.f6c1618242a7bfbfcfcb095b173ff9f2.jpg</path>
	<source>
		<database>roboflow.com</database>
	</source>
	<size>
		<width>512</width>
		<height>512</height>
		<depth>3</depth>
	</size>
	<segmented>0</segmented>
	<object>
		<name>ba</name>
		<pose>Unspecified</pose>
		<truncated>0</truncated>
		<difficult>0</difficult>
		<occluded>0</occluded>
		<bndbox>
			<xmin>52</xmin>
			<xmax>498</xmax>
			<ymin>82</ymin>
			<ymax>295</ymax>
		</bndbox>
	</object>
</annotation>
