<annotation>
	<folder></folder>
	<filename>ba34_png.rf.dac8a7383f5a96d4e17d222090f81634.jpg</filename>
	<path>ba34_png.rf.dac8a7383f5a96d4e17d222090f81634.jpg</path>
	<source>
		<database>roboflow.com</database>
	</source>
	<size>
		<width>512</width>
		<height>512</height>
		<depth>3</depth>
	</size>
	<segmented>0</segmented>
	<object>
		<name>ba</name>
		<pose>Unspecified</pose>
		<truncated>0</truncated>
		<difficult>0</difficult>
		<occluded>0</occluded>
		<bndbox>
			<xmin>35</xmin>
			<xmax>501</xmax>
			<ymin>58</ymin>
			<ymax>316</ymax>
		</bndbox>
	</object>
</annotation>
