<annotation>
	<folder></folder>
	<filename>ba35_png.rf.7cff2a4b573581afb12c071d3d430aec.jpg</filename>
	<path>ba35_png.rf.7cff2a4b573581afb12c071d3d430aec.jpg</path>
	<source>
		<database>roboflow.com</database>
	</source>
	<size>
		<width>512</width>
		<height>512</height>
		<depth>3</depth>
	</size>
	<segmented>0</segmented>
	<object>
		<name>ba</name>
		<pose>Unspecified</pose>
		<truncated>0</truncated>
		<difficult>0</difficult>
		<occluded>0</occluded>
		<bndbox>
			<xmin>25</xmin>
			<xmax>352</xmax>
			<ymin>59</ymin>
			<ymax>257</ymax>
		</bndbox>
	</object>
</annotation>
