<annotation>
	<folder></folder>
	<filename>ba35_png.rf.2590c5c6f27fafcd3d5ec0e709300cb5.jpg</filename>
	<path>ba35_png.rf.2590c5c6f27fafcd3d5ec0e709300cb5.jpg</path>
	<source>
		<database>roboflow.com</database>
	</source>
	<size>
		<width>512</width>
		<height>512</height>
		<depth>3</depth>
	</size>
	<segmented>0</segmented>
	<object>
		<name>ba</name>
		<pose>Unspecified</pose>
		<truncated>0</truncated>
		<difficult>0</difficult>
		<occluded>0</occluded>
		<bndbox>
			<xmin>26</xmin>
			<xmax>362</xmax>
			<ymin>47</ymin>
			<ymax>261</ymax>
		</bndbox>
	</object>
</annotation>
