<annotation>
	<folder></folder>
	<filename>ba35_png.rf.c22be55e128c457cba559080173f71ba.jpg</filename>
	<path>ba35_png.rf.c22be55e128c457cba559080173f71ba.jpg</path>
	<source>
		<database>roboflow.com</database>
	</source>
	<size>
		<width>512</width>
		<height>512</height>
		<depth>3</depth>
	</size>
	<segmented>0</segmented>
	<object>
		<name>ba</name>
		<pose>Unspecified</pose>
		<truncated>0</truncated>
		<difficult>0</difficult>
		<occluded>0</occluded>
		<bndbox>
			<xmin>25</xmin>
			<xmax>346</xmax>
			<ymin>67</ymin>
			<ymax>254</ymax>
		</bndbox>
	</object>
</annotation>
