<annotation>
	<folder></folder>
	<filename>ba36_png.rf.96265d7f76710a872e875c19d4872bd8.jpg</filename>
	<path>ba36_png.rf.96265d7f76710a872e875c19d4872bd8.jpg</path>
	<source>
		<database>roboflow.com</database>
	</source>
	<size>
		<width>512</width>
		<height>512</height>
		<depth>3</depth>
	</size>
	<segmented>0</segmented>
	<object>
		<name>ba</name>
		<pose>Unspecified</pose>
		<truncated>0</truncated>
		<difficult>0</difficult>
		<occluded>0</occluded>
		<bndbox>
			<xmin>35</xmin>
			<xmax>367</xmax>
			<ymin>122</ymin>
			<ymax>289</ymax>
		</bndbox>
	</object>
</annotation>
