<annotation>
	<folder></folder>
	<filename>ba36_png.rf.a9db83e09fc3e12cceb800172c95fcb5.jpg</filename>
	<path>ba36_png.rf.a9db83e09fc3e12cceb800172c95fcb5.jpg</path>
	<source>
		<database>roboflow.com</database>
	</source>
	<size>
		<width>512</width>
		<height>512</height>
		<depth>3</depth>
	</size>
	<segmented>0</segmented>
	<object>
		<name>ba</name>
		<pose>Unspecified</pose>
		<truncated>0</truncated>
		<difficult>0</difficult>
		<occluded>0</occluded>
		<bndbox>
			<xmin>34</xmin>
			<xmax>372</xmax>
			<ymin>114</ymin>
			<ymax>292</ymax>
		</bndbox>
	</object>
</annotation>
