<annotation>
	<folder></folder>
	<filename>ba36_png.rf.6aef87220692ec426821cfbcdedc0895.jpg</filename>
	<path>ba36_png.rf.6aef87220692ec426821cfbcdedc0895.jpg</path>
	<source>
		<database>roboflow.com</database>
	</source>
	<size>
		<width>512</width>
		<height>512</height>
		<depth>3</depth>
	</size>
	<segmented>0</segmented>
	<object>
		<name>ba</name>
		<pose>Unspecified</pose>
		<truncated>0</truncated>
		<difficult>0</difficult>
		<occluded>0</occluded>
		<bndbox>
			<xmin>24</xmin>
			<xmax>369</xmax>
			<ymin>113</ymin>
			<ymax>308</ymax>
		</bndbox>
	</object>
</annotation>
