<annotation>
	<folder></folder>
	<filename>ba38_png.rf.b743fd298f4cb727581fee74a5309b7e.jpg</filename>
	<path>ba38_png.rf.b743fd298f4cb727581fee74a5309b7e.jpg</path>
	<source>
		<database>roboflow.com</database>
	</source>
	<size>
		<width>512</width>
		<height>512</height>
		<depth>3</depth>
	</size>
	<segmented>0</segmented>
	<object>
		<name>ba</name>
		<pose>Unspecified</pose>
		<truncated>0</truncated>
		<difficult>0</difficult>
		<occluded>0</occluded>
		<bndbox>
			<xmin>21</xmin>
			<xmax>463</xmax>
			<ymin>6</ymin>
			<ymax>272</ymax>
		</bndbox>
	</object>
</annotation>
