<annotation>
	<folder></folder>
	<filename>ba38_png.rf.454f2e4d5a1c992f742c8c7634957969.jpg</filename>
	<path>ba38_png.rf.454f2e4d5a1c992f742c8c7634957969.jpg</path>
	<source>
		<database>roboflow.com</database>
	</source>
	<size>
		<width>512</width>
		<height>512</height>
		<depth>3</depth>
	</size>
	<segmented>0</segmented>
	<object>
		<name>ba</name>
		<pose>Unspecified</pose>
		<truncated>0</truncated>
		<difficult>0</difficult>
		<occluded>0</occluded>
		<bndbox>
			<xmin>1</xmin>
			<xmax>451</xmax>
			<ymin>2</ymin>
			<ymax>283</ymax>
		</bndbox>
	</object>
</annotation>
