<annotation>
	<folder></folder>
	<filename>ba39_png.rf.dd23de3e4add442afa0d01e17523f8bf.jpg</filename>
	<path>ba39_png.rf.dd23de3e4add442afa0d01e17523f8bf.jpg</path>
	<source>
		<database>roboflow.com</database>
	</source>
	<size>
		<width>512</width>
		<height>512</height>
		<depth>3</depth>
	</size>
	<segmented>0</segmented>
	<object>
		<name>ba</name>
		<pose>Unspecified</pose>
		<truncated>0</truncated>
		<difficult>0</difficult>
		<occluded>0</occluded>
		<bndbox>
			<xmin>158</xmin>
			<xmax>471</xmax>
			<ymin>51</ymin>
			<ymax>254</ymax>
		</bndbox>
	</object>
</annotation>
