<annotation>
	<folder></folder>
	<filename>ba39_png.rf.101623a164c98ad8fa9060e15c6a1281.jpg</filename>
	<path>ba39_png.rf.101623a164c98ad8fa9060e15c6a1281.jpg</path>
	<source>
		<database>roboflow.com</database>
	</source>
	<size>
		<width>512</width>
		<height>512</height>
		<depth>3</depth>
	</size>
	<segmented>0</segmented>
	<object>
		<name>ba</name>
		<pose>Unspecified</pose>
		<truncated>0</truncated>
		<difficult>0</difficult>
		<occluded>0</occluded>
		<bndbox>
			<xmin>155</xmin>
			<xmax>464</xmax>
			<ymin>51</ymin>
			<ymax>248</ymax>
		</bndbox>
	</object>
</annotation>
