<annotation>
	<folder></folder>
	<filename>ba39_png.rf.b96edd1000cfeaae8fe518d571f95f97.jpg</filename>
	<path>ba39_png.rf.b96edd1000cfeaae8fe518d571f95f97.jpg</path>
	<source>
		<database>roboflow.com</database>
	</source>
	<size>
		<width>512</width>
		<height>512</height>
		<depth>3</depth>
	</size>
	<segmented>0</segmented>
	<object>
		<name>ba</name>
		<pose>Unspecified</pose>
		<truncated>0</truncated>
		<difficult>0</difficult>
		<occluded>0</occluded>
		<bndbox>
			<xmin>158</xmin>
			<xmax>464</xmax>
			<ymin>54</ymin>
			<ymax>246</ymax>
		</bndbox>
	</object>
</annotation>
