<annotation>
	<folder></folder>
	<filename>ba3_png.rf.cb24a06d5a51153f4628d08519656605.jpg</filename>
	<path>ba3_png.rf.cb24a06d5a51153f4628d08519656605.jpg</path>
	<source>
		<database>roboflow.com</database>
	</source>
	<size>
		<width>512</width>
		<height>512</height>
		<depth>3</depth>
	</size>
	<segmented>0</segmented>
	<object>
		<name>ba</name>
		<pose>Unspecified</pose>
		<truncated>0</truncated>
		<difficult>0</difficult>
		<occluded>0</occluded>
		<bndbox>
			<xmin>100</xmin>
			<xmax>461</xmax>
			<ymin>8</ymin>
			<ymax>248</ymax>
		</bndbox>
	</object>
</annotation>
