<annotation>
	<folder></folder>
	<filename>ba3_png.rf.5828271473d469c0dd6828d39a793de4.jpg</filename>
	<path>ba3_png.rf.5828271473d469c0dd6828d39a793de4.jpg</path>
	<source>
		<database>roboflow.com</database>
	</source>
	<size>
		<width>512</width>
		<height>512</height>
		<depth>3</depth>
	</size>
	<segmented>0</segmented>
	<object>
		<name>ba</name>
		<pose>Unspecified</pose>
		<truncated>0</truncated>
		<difficult>0</difficult>
		<occluded>0</occluded>
		<bndbox>
			<xmin>110</xmin>
			<xmax>478</xmax>
			<ymin>6</ymin>
			<ymax>258</ymax>
		</bndbox>
	</object>
</annotation>
