<annotation>
	<folder></folder>
	<filename>ba3_png.rf.835580b207e841074a6d8443f7b09eef.jpg</filename>
	<path>ba3_png.rf.835580b207e841074a6d8443f7b09eef.jpg</path>
	<source>
		<database>roboflow.com</database>
	</source>
	<size>
		<width>512</width>
		<height>512</height>
		<depth>3</depth>
	</size>
	<segmented>0</segmented>
	<object>
		<name>ba</name>
		<pose>Unspecified</pose>
		<truncated>0</truncated>
		<difficult>0</difficult>
		<occluded>0</occluded>
		<bndbox>
			<xmin>109</xmin>
			<xmax>462</xmax>
			<ymin>15</ymin>
			<ymax>243</ymax>
		</bndbox>
	</object>
</annotation>
