<annotation>
	<folder></folder>
	<filename>ba40_png.rf.50a03ef8402254ac4eb1715221bb7c7c.jpg</filename>
	<path>ba40_png.rf.50a03ef8402254ac4eb1715221bb7c7c.jpg</path>
	<source>
		<database>roboflow.com</database>
	</source>
	<size>
		<width>512</width>
		<height>512</height>
		<depth>3</depth>
	</size>
	<segmented>0</segmented>
	<object>
		<name>ba</name>
		<pose>Unspecified</pose>
		<truncated>0</truncated>
		<difficult>0</difficult>
		<occluded>0</occluded>
		<bndbox>
			<xmin>58</xmin>
			<xmax>406</xmax>
			<ymin>58</ymin>
			<ymax>250</ymax>
		</bndbox>
	</object>
</annotation>
