<annotation>
	<folder></folder>
	<filename>ba40_png.rf.8852206b86777eff91a4bec60e3a0e99.jpg</filename>
	<path>ba40_png.rf.8852206b86777eff91a4bec60e3a0e99.jpg</path>
	<source>
		<database>roboflow.com</database>
	</source>
	<size>
		<width>512</width>
		<height>512</height>
		<depth>3</depth>
	</size>
	<segmented>0</segmented>
	<object>
		<name>ba</name>
		<pose>Unspecified</pose>
		<truncated>0</truncated>
		<difficult>0</difficult>
		<occluded>0</occluded>
		<bndbox>
			<xmin>39</xmin>
			<xmax>405</xmax>
			<ymin>44</ymin>
			<ymax>271</ymax>
		</bndbox>
	</object>
</annotation>
