<annotation>
	<folder></folder>
	<filename>ba41_png.rf.e3d42b82445b9750be92f3b7a3d5112b.jpg</filename>
	<path>ba41_png.rf.e3d42b82445b9750be92f3b7a3d5112b.jpg</path>
	<source>
		<database>roboflow.com</database>
	</source>
	<size>
		<width>512</width>
		<height>512</height>
		<depth>3</depth>
	</size>
	<segmented>0</segmented>
	<object>
		<name>ba</name>
		<pose>Unspecified</pose>
		<truncated>0</truncated>
		<difficult>0</difficult>
		<occluded>0</occluded>
		<bndbox>
			<xmin>106</xmin>
			<xmax>354</xmax>
			<ymin>10</ymin>
			<ymax>228</ymax>
		</bndbox>
	</object>
</annotation>
