<annotation>
	<folder></folder>
	<filename>ba41_png.rf.a86df6ab45195713047b11d7fcfdae30.jpg</filename>
	<path>ba41_png.rf.a86df6ab45195713047b11d7fcfdae30.jpg</path>
	<source>
		<database>roboflow.com</database>
	</source>
	<size>
		<width>512</width>
		<height>512</height>
		<depth>3</depth>
	</size>
	<segmented>0</segmented>
	<object>
		<name>ba</name>
		<pose>Unspecified</pose>
		<truncated>0</truncated>
		<difficult>0</difficult>
		<occluded>0</occluded>
		<bndbox>
			<xmin>103</xmin>
			<xmax>337</xmax>
			<ymin>20</ymin>
			<ymax>222</ymax>
		</bndbox>
	</object>
</annotation>
