<annotation>
	<folder></folder>
	<filename>ba41_png.rf.fc7c70aff65fc05f3b73c33d42a68c4f.jpg</filename>
	<path>ba41_png.rf.fc7c70aff65fc05f3b73c33d42a68c4f.jpg</path>
	<source>
		<database>roboflow.com</database>
	</source>
	<size>
		<width>512</width>
		<height>512</height>
		<depth>3</depth>
	</size>
	<segmented>0</segmented>
	<object>
		<name>ba</name>
		<pose>Unspecified</pose>
		<truncated>0</truncated>
		<difficult>0</difficult>
		<occluded>0</occluded>
		<bndbox>
			<xmin>79</xmin>
			<xmax>333</xmax>
			<ymin>13</ymin>
			<ymax>238</ymax>
		</bndbox>
	</object>
</annotation>
