<annotation>
	<folder></folder>
	<filename>ba46_png.rf.74efaed2ebff65193532a3b406f5e479.jpg</filename>
	<path>ba46_png.rf.74efaed2ebff65193532a3b406f5e479.jpg</path>
	<source>
		<database>roboflow.com</database>
	</source>
	<size>
		<width>512</width>
		<height>512</height>
		<depth>3</depth>
	</size>
	<segmented>0</segmented>
	<object>
		<name>ba</name>
		<pose>Unspecified</pose>
		<truncated>0</truncated>
		<difficult>0</difficult>
		<occluded>0</occluded>
		<bndbox>
			<xmin>114</xmin>
			<xmax>424</xmax>
			<ymin>26</ymin>
			<ymax>246</ymax>
		</bndbox>
	</object>
</annotation>
