<annotation>
	<folder></folder>
	<filename>ba46_png.rf.4cd07bf6d6b7063d2540aa01f96e538a.jpg</filename>
	<path>ba46_png.rf.4cd07bf6d6b7063d2540aa01f96e538a.jpg</path>
	<source>
		<database>roboflow.com</database>
	</source>
	<size>
		<width>512</width>
		<height>512</height>
		<depth>3</depth>
	</size>
	<segmented>0</segmented>
	<object>
		<name>ba</name>
		<pose>Unspecified</pose>
		<truncated>0</truncated>
		<difficult>0</difficult>
		<occluded>0</occluded>
		<bndbox>
			<xmin>135</xmin>
			<xmax>427</xmax>
			<ymin>43</ymin>
			<ymax>234</ymax>
		</bndbox>
	</object>
</annotation>
