<annotation>
	<folder></folder>
	<filename>ba47_png.rf.3d87b124576e87e68f0927a2bae99f6f.jpg</filename>
	<path>ba47_png.rf.3d87b124576e87e68f0927a2bae99f6f.jpg</path>
	<source>
		<database>roboflow.com</database>
	</source>
	<size>
		<width>512</width>
		<height>512</height>
		<depth>3</depth>
	</size>
	<segmented>0</segmented>
	<object>
		<name>ba</name>
		<pose>Unspecified</pose>
		<truncated>0</truncated>
		<difficult>0</difficult>
		<occluded>0</occluded>
		<bndbox>
			<xmin>41</xmin>
			<xmax>418</xmax>
			<ymin>36</ymin>
			<ymax>287</ymax>
		</bndbox>
	</object>
</annotation>
