<annotation>
	<folder></folder>
	<filename>ba47_png.rf.a05f88c9f141141db0e304956926ee71.jpg</filename>
	<path>ba47_png.rf.a05f88c9f141141db0e304956926ee71.jpg</path>
	<source>
		<database>roboflow.com</database>
	</source>
	<size>
		<width>512</width>
		<height>512</height>
		<depth>3</depth>
	</size>
	<segmented>0</segmented>
	<object>
		<name>ba</name>
		<pose>Unspecified</pose>
		<truncated>0</truncated>
		<difficult>0</difficult>
		<occluded>0</occluded>
		<bndbox>
			<xmin>61</xmin>
			<xmax>417</xmax>
			<ymin>52</ymin>
			<ymax>267</ymax>
		</bndbox>
	</object>
</annotation>
