<annotation>
	<folder></folder>
	<filename>ba48_png.rf.6e06dc0c5776fcc4121aeb4b30788ab2.jpg</filename>
	<path>ba48_png.rf.6e06dc0c5776fcc4121aeb4b30788ab2.jpg</path>
	<source>
		<database>roboflow.com</database>
	</source>
	<size>
		<width>512</width>
		<height>512</height>
		<depth>3</depth>
	</size>
	<segmented>0</segmented>
	<object>
		<name>ba</name>
		<pose>Unspecified</pose>
		<truncated>0</truncated>
		<difficult>0</difficult>
		<occluded>0</occluded>
		<bndbox>
			<xmin>120</xmin>
			<xmax>394</xmax>
			<ymin>77</ymin>
			<ymax>280</ymax>
		</bndbox>
	</object>
</annotation>
