<annotation>
	<folder></folder>
	<filename>ba48_png.rf.d112efc924a047117ae8f6532d1db854.jpg</filename>
	<path>ba48_png.rf.d112efc924a047117ae8f6532d1db854.jpg</path>
	<source>
		<database>roboflow.com</database>
	</source>
	<size>
		<width>512</width>
		<height>512</height>
		<depth>3</depth>
	</size>
	<segmented>0</segmented>
	<object>
		<name>ba</name>
		<pose>Unspecified</pose>
		<truncated>0</truncated>
		<difficult>0</difficult>
		<occluded>0</occluded>
		<bndbox>
			<xmin>121</xmin>
			<xmax>388</xmax>
			<ymin>81</ymin>
			<ymax>275</ymax>
		</bndbox>
	</object>
</annotation>
