<annotation>
	<folder></folder>
	<filename>ba48_png.rf.62ceac958133baaa719a9330bb7c9913.jpg</filename>
	<path>ba48_png.rf.62ceac958133baaa719a9330bb7c9913.jpg</path>
	<source>
		<database>roboflow.com</database>
	</source>
	<size>
		<width>512</width>
		<height>512</height>
		<depth>3</depth>
	</size>
	<segmented>0</segmented>
	<object>
		<name>ba</name>
		<pose>Unspecified</pose>
		<truncated>0</truncated>
		<difficult>0</difficult>
		<occluded>0</occluded>
		<bndbox>
			<xmin>120</xmin>
			<xmax>403</xmax>
			<ymin>70</ymin>
			<ymax>287</ymax>
		</bndbox>
	</object>
</annotation>
