<annotation>
	<folder></folder>
	<filename>ba4_png.rf.9d17ae9fd1abccdc79c6fda17122b9dc.jpg</filename>
	<path>ba4_png.rf.9d17ae9fd1abccdc79c6fda17122b9dc.jpg</path>
	<source>
		<database>roboflow.com</database>
	</source>
	<size>
		<width>512</width>
		<height>512</height>
		<depth>3</depth>
	</size>
	<segmented>0</segmented>
	<object>
		<name>ba</name>
		<pose>Unspecified</pose>
		<truncated>0</truncated>
		<difficult>0</difficult>
		<occluded>0</occluded>
		<bndbox>
			<xmin>69</xmin>
			<xmax>478</xmax>
			<ymin>73</ymin>
			<ymax>306</ymax>
		</bndbox>
	</object>
</annotation>
