<annotation>
	<folder></folder>
	<filename>ba4_png.rf.1566562dd5cac7f097409f7d38f6bf01.jpg</filename>
	<path>ba4_png.rf.1566562dd5cac7f097409f7d38f6bf01.jpg</path>
	<source>
		<database>roboflow.com</database>
	</source>
	<size>
		<width>512</width>
		<height>512</height>
		<depth>3</depth>
	</size>
	<segmented>0</segmented>
	<object>
		<name>ba</name>
		<pose>Unspecified</pose>
		<truncated>0</truncated>
		<difficult>0</difficult>
		<occluded>0</occluded>
		<bndbox>
			<xmin>59</xmin>
			<xmax>480</xmax>
			<ymin>62</ymin>
			<ymax>316</ymax>
		</bndbox>
	</object>
</annotation>
