<annotation>
	<folder></folder>
	<filename>ba4_png.rf.714d475df56033c797bbc4bc7f7f31df.jpg</filename>
	<path>ba4_png.rf.714d475df56033c797bbc4bc7f7f31df.jpg</path>
	<source>
		<database>roboflow.com</database>
	</source>
	<size>
		<width>512</width>
		<height>512</height>
		<depth>3</depth>
	</size>
	<segmented>0</segmented>
	<object>
		<name>ba</name>
		<pose>Unspecified</pose>
		<truncated>0</truncated>
		<difficult>0</difficult>
		<occluded>0</occluded>
		<bndbox>
			<xmin>53</xmin>
			<xmax>481</xmax>
			<ymin>54</ymin>
			<ymax>322</ymax>
		</bndbox>
	</object>
</annotation>
