<annotation>
	<folder></folder>
	<filename>ba50_png.rf.5e3b6b51b4901eb58a11e3793758fdf6.jpg</filename>
	<path>ba50_png.rf.5e3b6b51b4901eb58a11e3793758fdf6.jpg</path>
	<source>
		<database>roboflow.com</database>
	</source>
	<size>
		<width>512</width>
		<height>512</height>
		<depth>3</depth>
	</size>
	<segmented>0</segmented>
	<object>
		<name>ba</name>
		<pose>Unspecified</pose>
		<truncated>0</truncated>
		<difficult>0</difficult>
		<occluded>0</occluded>
		<bndbox>
			<xmin>98</xmin>
			<xmax>410</xmax>
			<ymin>34</ymin>
			<ymax>279</ymax>
		</bndbox>
	</object>
</annotation>
