<annotation>
	<folder></folder>
	<filename>ba50_png.rf.5bfcf9f8691ec7f23a13ef6fea79f047.jpg</filename>
	<path>ba50_png.rf.5bfcf9f8691ec7f23a13ef6fea79f047.jpg</path>
	<source>
		<database>roboflow.com</database>
	</source>
	<size>
		<width>512</width>
		<height>512</height>
		<depth>3</depth>
	</size>
	<segmented>0</segmented>
	<object>
		<name>ba</name>
		<pose>Unspecified</pose>
		<truncated>0</truncated>
		<difficult>0</difficult>
		<occluded>0</occluded>
		<bndbox>
			<xmin>98</xmin>
			<xmax>402</xmax>
			<ymin>39</ymin>
			<ymax>274</ymax>
		</bndbox>
	</object>
</annotation>
