<annotation>
	<folder></folder>
	<filename>ba50_png.rf.57894f654fce8187cb910d02801da0a9.jpg</filename>
	<path>ba50_png.rf.57894f654fce8187cb910d02801da0a9.jpg</path>
	<source>
		<database>roboflow.com</database>
	</source>
	<size>
		<width>512</width>
		<height>512</height>
		<depth>3</depth>
	</size>
	<segmented>0</segmented>
	<object>
		<name>ba</name>
		<pose>Unspecified</pose>
		<truncated>0</truncated>
		<difficult>0</difficult>
		<occluded>0</occluded>
		<bndbox>
			<xmin>87</xmin>
			<xmax>403</xmax>
			<ymin>31</ymin>
			<ymax>282</ymax>
		</bndbox>
	</object>
</annotation>
