<annotation>
	<folder></folder>
	<filename>ba51_png.rf.bdad3a247708d5ebe23757e6f395a4f5.jpg</filename>
	<path>ba51_png.rf.bdad3a247708d5ebe23757e6f395a4f5.jpg</path>
	<source>
		<database>roboflow.com</database>
	</source>
	<size>
		<width>512</width>
		<height>512</height>
		<depth>3</depth>
	</size>
	<segmented>0</segmented>
	<object>
		<name>ba</name>
		<pose>Unspecified</pose>
		<truncated>0</truncated>
		<difficult>0</difficult>
		<occluded>0</occluded>
		<bndbox>
			<xmin>63</xmin>
			<xmax>434</xmax>
			<ymin>13</ymin>
			<ymax>251</ymax>
		</bndbox>
	</object>
</annotation>
