<annotation>
	<folder></folder>
	<filename>ba51_png.rf.0a0b292a16c67d06fbe25d69b1c48cc1.jpg</filename>
	<path>ba51_png.rf.0a0b292a16c67d06fbe25d69b1c48cc1.jpg</path>
	<source>
		<database>roboflow.com</database>
	</source>
	<size>
		<width>512</width>
		<height>512</height>
		<depth>3</depth>
	</size>
	<segmented>0</segmented>
	<object>
		<name>ba</name>
		<pose>Unspecified</pose>
		<truncated>0</truncated>
		<difficult>0</difficult>
		<occluded>0</occluded>
		<bndbox>
			<xmin>72</xmin>
			<xmax>435</xmax>
			<ymin>20</ymin>
			<ymax>245</ymax>
		</bndbox>
	</object>
</annotation>
