<annotation>
	<folder></folder>
	<filename>ba53_png.rf.c329412621e6bb4209613ea24101b350.jpg</filename>
	<path>ba53_png.rf.c329412621e6bb4209613ea24101b350.jpg</path>
	<source>
		<database>roboflow.com</database>
	</source>
	<size>
		<width>512</width>
		<height>512</height>
		<depth>3</depth>
	</size>
	<segmented>0</segmented>
	<object>
		<name>ba</name>
		<pose>Unspecified</pose>
		<truncated>0</truncated>
		<difficult>0</difficult>
		<occluded>0</occluded>
		<bndbox>
			<xmin>119</xmin>
			<xmax>456</xmax>
			<ymin>28</ymin>
			<ymax>237</ymax>
		</bndbox>
	</object>
</annotation>
