<annotation>
	<folder></folder>
	<filename>ba53_png.rf.c42695164a8f61d7b2bc857f77e1d610.jpg</filename>
	<path>ba53_png.rf.c42695164a8f61d7b2bc857f77e1d610.jpg</path>
	<source>
		<database>roboflow.com</database>
	</source>
	<size>
		<width>512</width>
		<height>512</height>
		<depth>3</depth>
	</size>
	<segmented>0</segmented>
	<object>
		<name>ba</name>
		<pose>Unspecified</pose>
		<truncated>0</truncated>
		<difficult>0</difficult>
		<occluded>0</occluded>
		<bndbox>
			<xmin>121</xmin>
			<xmax>475</xmax>
			<ymin>16</ymin>
			<ymax>254</ymax>
		</bndbox>
	</object>
</annotation>
