<annotation>
	<folder></folder>
	<filename>ba55_png.rf.36a8729551bf855624cba50c1fee7c81.jpg</filename>
	<path>ba55_png.rf.36a8729551bf855624cba50c1fee7c81.jpg</path>
	<source>
		<database>roboflow.com</database>
	</source>
	<size>
		<width>512</width>
		<height>512</height>
		<depth>3</depth>
	</size>
	<segmented>0</segmented>
	<object>
		<name>ba</name>
		<pose>Unspecified</pose>
		<truncated>0</truncated>
		<difficult>0</difficult>
		<occluded>0</occluded>
		<bndbox>
			<xmin>118</xmin>
			<xmax>439</xmax>
			<ymin>73</ymin>
			<ymax>267</ymax>
		</bndbox>
	</object>
</annotation>
