<annotation>
	<folder></folder>
	<filename>ba55_png.rf.808421dce3990abd125ae356e3f29be9.jpg</filename>
	<path>ba55_png.rf.808421dce3990abd125ae356e3f29be9.jpg</path>
	<source>
		<database>roboflow.com</database>
	</source>
	<size>
		<width>512</width>
		<height>512</height>
		<depth>3</depth>
	</size>
	<segmented>0</segmented>
	<object>
		<name>ba</name>
		<pose>Unspecified</pose>
		<truncated>0</truncated>
		<difficult>0</difficult>
		<occluded>0</occluded>
		<bndbox>
			<xmin>117</xmin>
			<xmax>445</xmax>
			<ymin>69</ymin>
			<ymax>274</ymax>
		</bndbox>
	</object>
</annotation>
