<annotation>
	<folder></folder>
	<filename>ba55_png.rf.1a5598b112b4685a6f1a8fa43efdc9d9.jpg</filename>
	<path>ba55_png.rf.1a5598b112b4685a6f1a8fa43efdc9d9.jpg</path>
	<source>
		<database>roboflow.com</database>
	</source>
	<size>
		<width>512</width>
		<height>512</height>
		<depth>3</depth>
	</size>
	<segmented>0</segmented>
	<object>
		<name>ba</name>
		<pose>Unspecified</pose>
		<truncated>0</truncated>
		<difficult>0</difficult>
		<occluded>0</occluded>
		<bndbox>
			<xmin>117</xmin>
			<xmax>454</xmax>
			<ymin>62</ymin>
			<ymax>283</ymax>
		</bndbox>
	</object>
</annotation>
