<annotation>
	<folder></folder>
	<filename>ba56_png.rf.2e75857b6b8ffc33202ebc170273644c.jpg</filename>
	<path>ba56_png.rf.2e75857b6b8ffc33202ebc170273644c.jpg</path>
	<source>
		<database>roboflow.com</database>
	</source>
	<size>
		<width>512</width>
		<height>512</height>
		<depth>3</depth>
	</size>
	<segmented>0</segmented>
	<object>
		<name>ba</name>
		<pose>Unspecified</pose>
		<truncated>0</truncated>
		<difficult>0</difficult>
		<occluded>0</occluded>
		<bndbox>
			<xmin>33</xmin>
			<xmax>446</xmax>
			<ymin>32</ymin>
			<ymax>281</ymax>
		</bndbox>
	</object>
</annotation>
