<annotation>
	<folder></folder>
	<filename>ba56_png.rf.716efcc15adf949758a4e85fec576802.jpg</filename>
	<path>ba56_png.rf.716efcc15adf949758a4e85fec576802.jpg</path>
	<source>
		<database>roboflow.com</database>
	</source>
	<size>
		<width>512</width>
		<height>512</height>
		<depth>3</depth>
	</size>
	<segmented>0</segmented>
	<object>
		<name>ba</name>
		<pose>Unspecified</pose>
		<truncated>0</truncated>
		<difficult>0</difficult>
		<occluded>0</occluded>
		<bndbox>
			<xmin>32</xmin>
			<xmax>465</xmax>
			<ymin>13</ymin>
			<ymax>297</ymax>
		</bndbox>
	</object>
</annotation>
