<annotation>
	<folder></folder>
	<filename>ba56_png.rf.68ebc38991712f51f7987f8334a2db93.jpg</filename>
	<path>ba56_png.rf.68ebc38991712f51f7987f8334a2db93.jpg</path>
	<source>
		<database>roboflow.com</database>
	</source>
	<size>
		<width>512</width>
		<height>512</height>
		<depth>3</depth>
	</size>
	<segmented>0</segmented>
	<object>
		<name>ba</name>
		<pose>Unspecified</pose>
		<truncated>0</truncated>
		<difficult>0</difficult>
		<occluded>0</occluded>
		<bndbox>
			<xmin>33</xmin>
			<xmax>450</xmax>
			<ymin>28</ymin>
			<ymax>284</ymax>
		</bndbox>
	</object>
</annotation>
