<annotation>
	<folder></folder>
	<filename>ba57_png.rf.be1c08cb90b28990176cedcfd2d5a329.jpg</filename>
	<path>ba57_png.rf.be1c08cb90b28990176cedcfd2d5a329.jpg</path>
	<source>
		<database>roboflow.com</database>
	</source>
	<size>
		<width>512</width>
		<height>512</height>
		<depth>3</depth>
	</size>
	<segmented>0</segmented>
	<object>
		<name>ba</name>
		<pose>Unspecified</pose>
		<truncated>0</truncated>
		<difficult>0</difficult>
		<occluded>0</occluded>
		<bndbox>
			<xmin>71</xmin>
			<xmax>442</xmax>
			<ymin>41</ymin>
			<ymax>275</ymax>
		</bndbox>
	</object>
</annotation>
