<annotation>
	<folder></folder>
	<filename>ba57_png.rf.87b88cf8058dc17859edbada6b8f2bd5.jpg</filename>
	<path>ba57_png.rf.87b88cf8058dc17859edbada6b8f2bd5.jpg</path>
	<source>
		<database>roboflow.com</database>
	</source>
	<size>
		<width>512</width>
		<height>512</height>
		<depth>3</depth>
	</size>
	<segmented>0</segmented>
	<object>
		<name>ba</name>
		<pose>Unspecified</pose>
		<truncated>0</truncated>
		<difficult>0</difficult>
		<occluded>0</occluded>
		<bndbox>
			<xmin>70</xmin>
			<xmax>438</xmax>
			<ymin>44</ymin>
			<ymax>272</ymax>
		</bndbox>
	</object>
</annotation>
