<annotation>
	<folder></folder>
	<filename>ba58_png.rf.c0d24985bc37fa1361bc5e2cb296ff40.jpg</filename>
	<path>ba58_png.rf.c0d24985bc37fa1361bc5e2cb296ff40.jpg</path>
	<source>
		<database>roboflow.com</database>
	</source>
	<size>
		<width>512</width>
		<height>512</height>
		<depth>3</depth>
	</size>
	<segmented>0</segmented>
	<object>
		<name>ba</name>
		<pose>Unspecified</pose>
		<truncated>0</truncated>
		<difficult>0</difficult>
		<occluded>0</occluded>
		<bndbox>
			<xmin>84</xmin>
			<xmax>472</xmax>
			<ymin>54</ymin>
			<ymax>293</ymax>
		</bndbox>
	</object>
</annotation>
