<annotation>
	<folder></folder>
	<filename>ba58_png.rf.4ef3e516656446c5480e218b13d09cf2.jpg</filename>
	<path>ba58_png.rf.4ef3e516656446c5480e218b13d09cf2.jpg</path>
	<source>
		<database>roboflow.com</database>
	</source>
	<size>
		<width>512</width>
		<height>512</height>
		<depth>3</depth>
	</size>
	<segmented>0</segmented>
	<object>
		<name>ba</name>
		<pose>Unspecified</pose>
		<truncated>0</truncated>
		<difficult>0</difficult>
		<occluded>0</occluded>
		<bndbox>
			<xmin>72</xmin>
			<xmax>457</xmax>
			<ymin>56</ymin>
			<ymax>288</ymax>
		</bndbox>
	</object>
</annotation>
