<annotation>
	<folder></folder>
	<filename>ba58_png.rf.6d83fb2a21ea1bfce5c5d579d73fafd2.jpg</filename>
	<path>ba58_png.rf.6d83fb2a21ea1bfce5c5d579d73fafd2.jpg</path>
	<source>
		<database>roboflow.com</database>
	</source>
	<size>
		<width>512</width>
		<height>512</height>
		<depth>3</depth>
	</size>
	<segmented>0</segmented>
	<object>
		<name>ba</name>
		<pose>Unspecified</pose>
		<truncated>0</truncated>
		<difficult>0</difficult>
		<occluded>0</occluded>
		<bndbox>
			<xmin>85</xmin>
			<xmax>456</xmax>
			<ymin>69</ymin>
			<ymax>276</ymax>
		</bndbox>
	</object>
</annotation>
