<annotation>
	<folder></folder>
	<filename>ba5_png.rf.66c864c01bec1e053d3247f4a0bcf070.jpg</filename>
	<path>ba5_png.rf.66c864c01bec1e053d3247f4a0bcf070.jpg</path>
	<source>
		<database>roboflow.com</database>
	</source>
	<size>
		<width>512</width>
		<height>512</height>
		<depth>3</depth>
	</size>
	<segmented>0</segmented>
	<object>
		<name>ba</name>
		<pose>Unspecified</pose>
		<truncated>0</truncated>
		<difficult>0</difficult>
		<occluded>0</occluded>
		<bndbox>
			<xmin>80</xmin>
			<xmax>426</xmax>
			<ymin>27</ymin>
			<ymax>271</ymax>
		</bndbox>
	</object>
</annotation>
