<annotation>
	<folder></folder>
	<filename>ba5_png.rf.5d448c74c460aa683f79fd76d2b03818.jpg</filename>
	<path>ba5_png.rf.5d448c74c460aa683f79fd76d2b03818.jpg</path>
	<source>
		<database>roboflow.com</database>
	</source>
	<size>
		<width>512</width>
		<height>512</height>
		<depth>3</depth>
	</size>
	<segmented>0</segmented>
	<object>
		<name>ba</name>
		<pose>Unspecified</pose>
		<truncated>0</truncated>
		<difficult>0</difficult>
		<occluded>0</occluded>
		<bndbox>
			<xmin>95</xmin>
			<xmax>426</xmax>
			<ymin>39</ymin>
			<ymax>260</ymax>
		</bndbox>
	</object>
</annotation>
