<annotation>
	<folder></folder>
	<filename>ba5_png.rf.c412f2cffa96415cd2e1e63daa597c17.jpg</filename>
	<path>ba5_png.rf.c412f2cffa96415cd2e1e63daa597c17.jpg</path>
	<source>
		<database>roboflow.com</database>
	</source>
	<size>
		<width>512</width>
		<height>512</height>
		<depth>3</depth>
	</size>
	<segmented>0</segmented>
	<object>
		<name>ba</name>
		<pose>Unspecified</pose>
		<truncated>0</truncated>
		<difficult>0</difficult>
		<occluded>0</occluded>
		<bndbox>
			<xmin>73</xmin>
			<xmax>425</xmax>
			<ymin>23</ymin>
			<ymax>277</ymax>
		</bndbox>
	</object>
</annotation>
