<annotation>
	<folder></folder>
	<filename>ba60_png.rf.5fbc13d4519a9bc701223ac7ca3735c8.jpg</filename>
	<path>ba60_png.rf.5fbc13d4519a9bc701223ac7ca3735c8.jpg</path>
	<source>
		<database>roboflow.com</database>
	</source>
	<size>
		<width>512</width>
		<height>512</height>
		<depth>3</depth>
	</size>
	<segmented>0</segmented>
	<object>
		<name>ba</name>
		<pose>Unspecified</pose>
		<truncated>0</truncated>
		<difficult>0</difficult>
		<occluded>0</occluded>
		<bndbox>
			<xmin>143</xmin>
			<xmax>411</xmax>
			<ymin>44</ymin>
			<ymax>236</ymax>
		</bndbox>
	</object>
</annotation>
