<annotation>
	<folder></folder>
	<filename>ba60_png.rf.a3ea599bd851bfb3abb8c15255cdff51.jpg</filename>
	<path>ba60_png.rf.a3ea599bd851bfb3abb8c15255cdff51.jpg</path>
	<source>
		<database>roboflow.com</database>
	</source>
	<size>
		<width>512</width>
		<height>512</height>
		<depth>3</depth>
	</size>
	<segmented>0</segmented>
	<object>
		<name>ba</name>
		<pose>Unspecified</pose>
		<truncated>0</truncated>
		<difficult>0</difficult>
		<occluded>0</occluded>
		<bndbox>
			<xmin>157</xmin>
			<xmax>413</xmax>
			<ymin>54</ymin>
			<ymax>229</ymax>
		</bndbox>
	</object>
</annotation>
