<annotation>
	<folder></folder>
	<filename>ba60_png.rf.8c097e961c78db52acae56f4548dd94d.jpg</filename>
	<path>ba60_png.rf.8c097e961c78db52acae56f4548dd94d.jpg</path>
	<source>
		<database>roboflow.com</database>
	</source>
	<size>
		<width>512</width>
		<height>512</height>
		<depth>3</depth>
	</size>
	<segmented>0</segmented>
	<object>
		<name>ba</name>
		<pose>Unspecified</pose>
		<truncated>0</truncated>
		<difficult>0</difficult>
		<occluded>0</occluded>
		<bndbox>
			<xmin>159</xmin>
			<xmax>424</xmax>
			<ymin>49</ymin>
			<ymax>237</ymax>
		</bndbox>
	</object>
</annotation>
