<annotation>
	<folder></folder>
	<filename>ba61_png.rf.35fda5f714feb063e2521c75b7e72c83.jpg</filename>
	<path>ba61_png.rf.35fda5f714feb063e2521c75b7e72c83.jpg</path>
	<source>
		<database>roboflow.com</database>
	</source>
	<size>
		<width>512</width>
		<height>512</height>
		<depth>3</depth>
	</size>
	<segmented>0</segmented>
	<object>
		<name>ba</name>
		<pose>Unspecified</pose>
		<truncated>0</truncated>
		<difficult>0</difficult>
		<occluded>0</occluded>
		<bndbox>
			<xmin>22</xmin>
			<xmax>493</xmax>
			<ymin>19</ymin>
			<ymax>358</ymax>
		</bndbox>
	</object>
</annotation>
