<annotation>
	<folder></folder>
	<filename>ba61_png.rf.ea87cd5ba5a8a9ae62940f259c06e236.jpg</filename>
	<path>ba61_png.rf.ea87cd5ba5a8a9ae62940f259c06e236.jpg</path>
	<source>
		<database>roboflow.com</database>
	</source>
	<size>
		<width>512</width>
		<height>512</height>
		<depth>3</depth>
	</size>
	<segmented>0</segmented>
	<object>
		<name>ba</name>
		<pose>Unspecified</pose>
		<truncated>0</truncated>
		<difficult>0</difficult>
		<occluded>0</occluded>
		<bndbox>
			<xmin>12</xmin>
			<xmax>513</xmax>
			<ymin>1</ymin>
			<ymax>381</ymax>
		</bndbox>
	</object>
</annotation>
