<annotation>
	<folder></folder>
	<filename>ba61_png.rf.1f1b8770d93987832ccebb2869c24cd2.jpg</filename>
	<path>ba61_png.rf.1f1b8770d93987832ccebb2869c24cd2.jpg</path>
	<source>
		<database>roboflow.com</database>
	</source>
	<size>
		<width>512</width>
		<height>512</height>
		<depth>3</depth>
	</size>
	<segmented>0</segmented>
	<object>
		<name>ba</name>
		<pose>Unspecified</pose>
		<truncated>0</truncated>
		<difficult>0</difficult>
		<occluded>0</occluded>
		<bndbox>
			<xmin>13</xmin>
			<xmax>512</xmax>
			<ymin>1</ymin>
			<ymax>378</ymax>
		</bndbox>
	</object>
</annotation>
