<annotation>
	<folder></folder>
	<filename>ba62_png.rf.be866b4ff1a2c240e5495c0c9a904a02.jpg</filename>
	<path>ba62_png.rf.be866b4ff1a2c240e5495c0c9a904a02.jpg</path>
	<source>
		<database>roboflow.com</database>
	</source>
	<size>
		<width>512</width>
		<height>512</height>
		<depth>3</depth>
	</size>
	<segmented>0</segmented>
	<object>
		<name>ba</name>
		<pose>Unspecified</pose>
		<truncated>0</truncated>
		<difficult>0</difficult>
		<occluded>0</occluded>
		<bndbox>
			<xmin>74</xmin>
			<xmax>391</xmax>
			<ymin>43</ymin>
			<ymax>265</ymax>
		</bndbox>
	</object>
</annotation>
