<annotation>
	<folder></folder>
	<filename>ba62_png.rf.47919f48ae399198c34e3027d3c01821.jpg</filename>
	<path>ba62_png.rf.47919f48ae399198c34e3027d3c01821.jpg</path>
	<source>
		<database>roboflow.com</database>
	</source>
	<size>
		<width>512</width>
		<height>512</height>
		<depth>3</depth>
	</size>
	<segmented>0</segmented>
	<object>
		<name>ba</name>
		<pose>Unspecified</pose>
		<truncated>0</truncated>
		<difficult>0</difficult>
		<occluded>0</occluded>
		<bndbox>
			<xmin>56</xmin>
			<xmax>391</xmax>
			<ymin>32</ymin>
			<ymax>281</ymax>
		</bndbox>
	</object>
</annotation>
