<annotation>
	<folder></folder>
	<filename>ba63_png.rf.5b0a397d5a55e7177b3a16699a15ae0f.jpg</filename>
	<path>ba63_png.rf.5b0a397d5a55e7177b3a16699a15ae0f.jpg</path>
	<source>
		<database>roboflow.com</database>
	</source>
	<size>
		<width>512</width>
		<height>512</height>
		<depth>3</depth>
	</size>
	<segmented>0</segmented>
	<object>
		<name>ba</name>
		<pose>Unspecified</pose>
		<truncated>0</truncated>
		<difficult>0</difficult>
		<occluded>0</occluded>
		<bndbox>
			<xmin>28</xmin>
			<xmax>385</xmax>
			<ymin>45</ymin>
			<ymax>276</ymax>
		</bndbox>
	</object>
</annotation>
