<annotation>
	<folder></folder>
	<filename>ba63_png.rf.0f99fb1e010a90c0bcb74a73231c0edb.jpg</filename>
	<path>ba63_png.rf.0f99fb1e010a90c0bcb74a73231c0edb.jpg</path>
	<source>
		<database>roboflow.com</database>
	</source>
	<size>
		<width>512</width>
		<height>512</height>
		<depth>3</depth>
	</size>
	<segmented>0</segmented>
	<object>
		<name>ba</name>
		<pose>Unspecified</pose>
		<truncated>0</truncated>
		<difficult>0</difficult>
		<occluded>0</occluded>
		<bndbox>
			<xmin>32</xmin>
			<xmax>385</xmax>
			<ymin>47</ymin>
			<ymax>272</ymax>
		</bndbox>
	</object>
</annotation>
