<annotation>
	<folder></folder>
	<filename>ba63_png.rf.f6dc774a090819212c62435dd50c0500.jpg</filename>
	<path>ba63_png.rf.f6dc774a090819212c62435dd50c0500.jpg</path>
	<source>
		<database>roboflow.com</database>
	</source>
	<size>
		<width>512</width>
		<height>512</height>
		<depth>3</depth>
	</size>
	<segmented>0</segmented>
	<object>
		<name>ba</name>
		<pose>Unspecified</pose>
		<truncated>0</truncated>
		<difficult>0</difficult>
		<occluded>0</occluded>
		<bndbox>
			<xmin>31</xmin>
			<xmax>388</xmax>
			<ymin>43</ymin>
			<ymax>274</ymax>
		</bndbox>
	</object>
</annotation>
