<annotation>
	<folder></folder>
	<filename>ba64_png.rf.e9f62193cb17fb146facfbf0694d5125.jpg</filename>
	<path>ba64_png.rf.e9f62193cb17fb146facfbf0694d5125.jpg</path>
	<source>
		<database>roboflow.com</database>
	</source>
	<size>
		<width>512</width>
		<height>512</height>
		<depth>3</depth>
	</size>
	<segmented>0</segmented>
	<object>
		<name>ba</name>
		<pose>Unspecified</pose>
		<truncated>0</truncated>
		<difficult>0</difficult>
		<occluded>0</occluded>
		<bndbox>
			<xmin>37</xmin>
			<xmax>421</xmax>
			<ymin>56</ymin>
			<ymax>290</ymax>
		</bndbox>
	</object>
</annotation>
