<annotation>
	<folder></folder>
	<filename>ba64_png.rf.e7694076bf17b951ffe0167a9c7aa8ff.jpg</filename>
	<path>ba64_png.rf.e7694076bf17b951ffe0167a9c7aa8ff.jpg</path>
	<source>
		<database>roboflow.com</database>
	</source>
	<size>
		<width>512</width>
		<height>512</height>
		<depth>3</depth>
	</size>
	<segmented>0</segmented>
	<object>
		<name>ba</name>
		<pose>Unspecified</pose>
		<truncated>0</truncated>
		<difficult>0</difficult>
		<occluded>0</occluded>
		<bndbox>
			<xmin>46</xmin>
			<xmax>439</xmax>
			<ymin>43</ymin>
			<ymax>296</ymax>
		</bndbox>
	</object>
</annotation>
