<annotation>
	<folder></folder>
	<filename>ba64_png.rf.1d0d8e38a0001b3b034fe936b6013d19.jpg</filename>
	<path>ba64_png.rf.1d0d8e38a0001b3b034fe936b6013d19.jpg</path>
	<source>
		<database>roboflow.com</database>
	</source>
	<size>
		<width>512</width>
		<height>512</height>
		<depth>3</depth>
	</size>
	<segmented>0</segmented>
	<object>
		<name>ba</name>
		<pose>Unspecified</pose>
		<truncated>0</truncated>
		<difficult>0</difficult>
		<occluded>0</occluded>
		<bndbox>
			<xmin>47</xmin>
			<xmax>420</xmax>
			<ymin>64</ymin>
			<ymax>279</ymax>
		</bndbox>
	</object>
</annotation>
