<annotation>
	<folder></folder>
	<filename>ba65_png.rf.db8a4c19c51c9f956e8bb9b1f19cf5f9.jpg</filename>
	<path>ba65_png.rf.db8a4c19c51c9f956e8bb9b1f19cf5f9.jpg</path>
	<source>
		<database>roboflow.com</database>
	</source>
	<size>
		<width>512</width>
		<height>512</height>
		<depth>3</depth>
	</size>
	<segmented>0</segmented>
	<object>
		<name>ba</name>
		<pose>Unspecified</pose>
		<truncated>0</truncated>
		<difficult>0</difficult>
		<occluded>0</occluded>
		<bndbox>
			<xmin>62</xmin>
			<xmax>475</xmax>
			<ymin>7</ymin>
			<ymax>277</ymax>
		</bndbox>
	</object>
</annotation>
