<annotation>
	<folder></folder>
	<filename>ba65_png.rf.4446bd7744487c3471b1e6b6ce1e72b4.jpg</filename>
	<path>ba65_png.rf.4446bd7744487c3471b1e6b6ce1e72b4.jpg</path>
	<source>
		<database>roboflow.com</database>
	</source>
	<size>
		<width>512</width>
		<height>512</height>
		<depth>3</depth>
	</size>
	<segmented>0</segmented>
	<object>
		<name>ba</name>
		<pose>Unspecified</pose>
		<truncated>0</truncated>
		<difficult>0</difficult>
		<occluded>0</occluded>
		<bndbox>
			<xmin>74</xmin>
			<xmax>475</xmax>
			<ymin>18</ymin>
			<ymax>267</ymax>
		</bndbox>
	</object>
</annotation>
