<annotation>
	<folder></folder>
	<filename>ba68_png.rf.17aec79faf9ccfd01e4943bdeb663a35.jpg</filename>
	<path>ba68_png.rf.17aec79faf9ccfd01e4943bdeb663a35.jpg</path>
	<source>
		<database>roboflow.com</database>
	</source>
	<size>
		<width>512</width>
		<height>512</height>
		<depth>3</depth>
	</size>
	<segmented>0</segmented>
	<object>
		<name>ba</name>
		<pose>Unspecified</pose>
		<truncated>0</truncated>
		<difficult>0</difficult>
		<occluded>0</occluded>
		<bndbox>
			<xmin>132</xmin>
			<xmax>398</xmax>
			<ymin>60</ymin>
			<ymax>250</ymax>
		</bndbox>
	</object>
</annotation>
