<annotation>
	<folder></folder>
	<filename>ba68_png.rf.12573aea824bc937106640cae6ad7cf0.jpg</filename>
	<path>ba68_png.rf.12573aea824bc937106640cae6ad7cf0.jpg</path>
	<source>
		<database>roboflow.com</database>
	</source>
	<size>
		<width>512</width>
		<height>512</height>
		<depth>3</depth>
	</size>
	<segmented>0</segmented>
	<object>
		<name>ba</name>
		<pose>Unspecified</pose>
		<truncated>0</truncated>
		<difficult>0</difficult>
		<occluded>0</occluded>
		<bndbox>
			<xmin>133</xmin>
			<xmax>402</xmax>
			<ymin>58</ymin>
			<ymax>253</ymax>
		</bndbox>
	</object>
</annotation>
