<annotation>
	<folder></folder>
	<filename>ba69_png.rf.3b59f0026659e43b523ae3af02bec706.jpg</filename>
	<path>ba69_png.rf.3b59f0026659e43b523ae3af02bec706.jpg</path>
	<source>
		<database>roboflow.com</database>
	</source>
	<size>
		<width>512</width>
		<height>512</height>
		<depth>3</depth>
	</size>
	<segmented>0</segmented>
	<object>
		<name>ba</name>
		<pose>Unspecified</pose>
		<truncated>0</truncated>
		<difficult>0</difficult>
		<occluded>0</occluded>
		<bndbox>
			<xmin>97</xmin>
			<xmax>419</xmax>
			<ymin>62</ymin>
			<ymax>243</ymax>
		</bndbox>
	</object>
</annotation>
