<annotation>
	<folder></folder>
	<filename>ba69_png.rf.f73ad48da04b26c94d11627aa27ce653.jpg</filename>
	<path>ba69_png.rf.f73ad48da04b26c94d11627aa27ce653.jpg</path>
	<source>
		<database>roboflow.com</database>
	</source>
	<size>
		<width>512</width>
		<height>512</height>
		<depth>3</depth>
	</size>
	<segmented>0</segmented>
	<object>
		<name>ba</name>
		<pose>Unspecified</pose>
		<truncated>0</truncated>
		<difficult>0</difficult>
		<occluded>0</occluded>
		<bndbox>
			<xmin>91</xmin>
			<xmax>419</xmax>
			<ymin>56</ymin>
			<ymax>248</ymax>
		</bndbox>
	</object>
</annotation>
