<annotation>
	<folder></folder>
	<filename>ba69_png.rf.3eabd33480f48aca16c28154c3c10065.jpg</filename>
	<path>ba69_png.rf.3eabd33480f48aca16c28154c3c10065.jpg</path>
	<source>
		<database>roboflow.com</database>
	</source>
	<size>
		<width>512</width>
		<height>512</height>
		<depth>3</depth>
	</size>
	<segmented>0</segmented>
	<object>
		<name>ba</name>
		<pose>Unspecified</pose>
		<truncated>0</truncated>
		<difficult>0</difficult>
		<occluded>0</occluded>
		<bndbox>
			<xmin>81</xmin>
			<xmax>418</xmax>
			<ymin>49</ymin>
			<ymax>257</ymax>
		</bndbox>
	</object>
</annotation>
