<annotation>
	<folder></folder>
	<filename>ba6_png.rf.97d1c4ddf5a01ae6b7c76cde45383c73.jpg</filename>
	<path>ba6_png.rf.97d1c4ddf5a01ae6b7c76cde45383c73.jpg</path>
	<source>
		<database>roboflow.com</database>
	</source>
	<size>
		<width>512</width>
		<height>512</height>
		<depth>3</depth>
	</size>
	<segmented>0</segmented>
	<object>
		<name>ba</name>
		<pose>Unspecified</pose>
		<truncated>0</truncated>
		<difficult>0</difficult>
		<occluded>0</occluded>
		<bndbox>
			<xmin>99</xmin>
			<xmax>423</xmax>
			<ymin>76</ymin>
			<ymax>273</ymax>
		</bndbox>
	</object>
</annotation>
