<annotation>
	<folder></folder>
	<filename>ba6_png.rf.97e5717e04e57ddac9f964bea189357c.jpg</filename>
	<path>ba6_png.rf.97e5717e04e57ddac9f964bea189357c.jpg</path>
	<source>
		<database>roboflow.com</database>
	</source>
	<size>
		<width>512</width>
		<height>512</height>
		<depth>3</depth>
	</size>
	<segmented>0</segmented>
	<object>
		<name>ba</name>
		<pose>Unspecified</pose>
		<truncated>0</truncated>
		<difficult>0</difficult>
		<occluded>0</occluded>
		<bndbox>
			<xmin>93</xmin>
			<xmax>424</xmax>
			<ymin>70</ymin>
			<ymax>278</ymax>
		</bndbox>
	</object>
</annotation>
