<annotation>
	<folder></folder>
	<filename>ba70_png.rf.c875c8336af99c183e6c69216a881b02.jpg</filename>
	<path>ba70_png.rf.c875c8336af99c183e6c69216a881b02.jpg</path>
	<source>
		<database>roboflow.com</database>
	</source>
	<size>
		<width>512</width>
		<height>512</height>
		<depth>3</depth>
	</size>
	<segmented>0</segmented>
	<object>
		<name>ba</name>
		<pose>Unspecified</pose>
		<truncated>0</truncated>
		<difficult>0</difficult>
		<occluded>0</occluded>
		<bndbox>
			<xmin>145</xmin>
			<xmax>377</xmax>
			<ymin>67</ymin>
			<ymax>235</ymax>
		</bndbox>
	</object>
</annotation>
