<annotation>
	<folder></folder>
	<filename>ba70_png.rf.2c249a507d998eefba41d2fd0eb59a41.jpg</filename>
	<path>ba70_png.rf.2c249a507d998eefba41d2fd0eb59a41.jpg</path>
	<source>
		<database>roboflow.com</database>
	</source>
	<size>
		<width>512</width>
		<height>512</height>
		<depth>3</depth>
	</size>
	<segmented>0</segmented>
	<object>
		<name>ba</name>
		<pose>Unspecified</pose>
		<truncated>0</truncated>
		<difficult>0</difficult>
		<occluded>0</occluded>
		<bndbox>
			<xmin>147</xmin>
			<xmax>390</xmax>
			<ymin>60</ymin>
			<ymax>244</ymax>
		</bndbox>
	</object>
</annotation>
