<annotation>
	<folder></folder>
	<filename>ba72_png.rf.a4fb04448af7eb31e5f42619c05b5bd9.jpg</filename>
	<path>ba72_png.rf.a4fb04448af7eb31e5f42619c05b5bd9.jpg</path>
	<source>
		<database>roboflow.com</database>
	</source>
	<size>
		<width>512</width>
		<height>512</height>
		<depth>3</depth>
	</size>
	<segmented>0</segmented>
	<object>
		<name>ba</name>
		<pose>Unspecified</pose>
		<truncated>0</truncated>
		<difficult>0</difficult>
		<occluded>0</occluded>
		<bndbox>
			<xmin>125</xmin>
			<xmax>405</xmax>
			<ymin>48</ymin>
			<ymax>256</ymax>
		</bndbox>
	</object>
</annotation>
