<annotation>
	<folder></folder>
	<filename>ba72_png.rf.a50ec4391d0c5db4c4dfff5e44705f91.jpg</filename>
	<path>ba72_png.rf.a50ec4391d0c5db4c4dfff5e44705f91.jpg</path>
	<source>
		<database>roboflow.com</database>
	</source>
	<size>
		<width>512</width>
		<height>512</height>
		<depth>3</depth>
	</size>
	<segmented>0</segmented>
	<object>
		<name>ba</name>
		<pose>Unspecified</pose>
		<truncated>0</truncated>
		<difficult>0</difficult>
		<occluded>0</occluded>
		<bndbox>
			<xmin>128</xmin>
			<xmax>405</xmax>
			<ymin>51</ymin>
			<ymax>255</ymax>
		</bndbox>
	</object>
</annotation>
