<annotation>
	<folder></folder>
	<filename>ba72_png.rf.fc1e5d09e832aa13c7d20c8a2d056e31.jpg</filename>
	<path>ba72_png.rf.fc1e5d09e832aa13c7d20c8a2d056e31.jpg</path>
	<source>
		<database>roboflow.com</database>
	</source>
	<size>
		<width>512</width>
		<height>512</height>
		<depth>3</depth>
	</size>
	<segmented>0</segmented>
	<object>
		<name>ba</name>
		<pose>Unspecified</pose>
		<truncated>0</truncated>
		<difficult>0</difficult>
		<occluded>0</occluded>
		<bndbox>
			<xmin>139</xmin>
			<xmax>406</xmax>
			<ymin>58</ymin>
			<ymax>248</ymax>
		</bndbox>
	</object>
</annotation>
