<annotation>
	<folder></folder>
	<filename>ba73_png.rf.aa9701e183760b7aa4fc1ff5a9f0afc5.jpg</filename>
	<path>ba73_png.rf.aa9701e183760b7aa4fc1ff5a9f0afc5.jpg</path>
	<source>
		<database>roboflow.com</database>
	</source>
	<size>
		<width>512</width>
		<height>512</height>
		<depth>3</depth>
	</size>
	<segmented>0</segmented>
	<object>
		<name>ba</name>
		<pose>Unspecified</pose>
		<truncated>0</truncated>
		<difficult>0</difficult>
		<occluded>0</occluded>
		<bndbox>
			<xmin>156</xmin>
			<xmax>394</xmax>
			<ymin>61</ymin>
			<ymax>234</ymax>
		</bndbox>
	</object>
</annotation>
