<annotation>
	<folder></folder>
	<filename>ba73_png.rf.3286d79f7d439bb42b00bf93444a11be.jpg</filename>
	<path>ba73_png.rf.3286d79f7d439bb42b00bf93444a11be.jpg</path>
	<source>
		<database>roboflow.com</database>
	</source>
	<size>
		<width>512</width>
		<height>512</height>
		<depth>3</depth>
	</size>
	<segmented>0</segmented>
	<object>
		<name>ba</name>
		<pose>Unspecified</pose>
		<truncated>0</truncated>
		<difficult>0</difficult>
		<occluded>0</occluded>
		<bndbox>
			<xmin>155</xmin>
			<xmax>387</xmax>
			<ymin>65</ymin>
			<ymax>230</ymax>
		</bndbox>
	</object>
</annotation>
