<annotation>
	<folder></folder>
	<filename>ba73_png.rf.419b7ef73a001d94a29120169db8bb18.jpg</filename>
	<path>ba73_png.rf.419b7ef73a001d94a29120169db8bb18.jpg</path>
	<source>
		<database>roboflow.com</database>
	</source>
	<size>
		<width>512</width>
		<height>512</height>
		<depth>3</depth>
	</size>
	<segmented>0</segmented>
	<object>
		<name>ba</name>
		<pose>Unspecified</pose>
		<truncated>0</truncated>
		<difficult>0</difficult>
		<occluded>0</occluded>
		<bndbox>
			<xmin>139</xmin>
			<xmax>384</xmax>
			<ymin>54</ymin>
			<ymax>239</ymax>
		</bndbox>
	</object>
</annotation>
