<annotation>
	<folder></folder>
	<filename>ba74_png.rf.e17c3235be9210a56bf255093df622a0.jpg</filename>
	<path>ba74_png.rf.e17c3235be9210a56bf255093df622a0.jpg</path>
	<source>
		<database>roboflow.com</database>
	</source>
	<size>
		<width>512</width>
		<height>512</height>
		<depth>3</depth>
	</size>
	<segmented>0</segmented>
	<object>
		<name>ba</name>
		<pose>Unspecified</pose>
		<truncated>0</truncated>
		<difficult>0</difficult>
		<occluded>0</occluded>
		<bndbox>
			<xmin>105</xmin>
			<xmax>360</xmax>
			<ymin>89</ymin>
			<ymax>242</ymax>
		</bndbox>
	</object>
</annotation>
