<annotation>
	<folder></folder>
	<filename>ba74_png.rf.eaf13774cc09164bfc564a8cf645e364.jpg</filename>
	<path>ba74_png.rf.eaf13774cc09164bfc564a8cf645e364.jpg</path>
	<source>
		<database>roboflow.com</database>
	</source>
	<size>
		<width>512</width>
		<height>512</height>
		<depth>3</depth>
	</size>
	<segmented>0</segmented>
	<object>
		<name>ba</name>
		<pose>Unspecified</pose>
		<truncated>0</truncated>
		<difficult>0</difficult>
		<occluded>0</occluded>
		<bndbox>
			<xmin>88</xmin>
			<xmax>358</xmax>
			<ymin>79</ymin>
			<ymax>258</ymax>
		</bndbox>
	</object>
</annotation>
