<annotation>
	<folder></folder>
	<filename>ba74_png.rf.84cf4dc35eb23da5c50199df5d543cda.jpg</filename>
	<path>ba74_png.rf.84cf4dc35eb23da5c50199df5d543cda.jpg</path>
	<source>
		<database>roboflow.com</database>
	</source>
	<size>
		<width>512</width>
		<height>512</height>
		<depth>3</depth>
	</size>
	<segmented>0</segmented>
	<object>
		<name>ba</name>
		<pose>Unspecified</pose>
		<truncated>0</truncated>
		<difficult>0</difficult>
		<occluded>0</occluded>
		<bndbox>
			<xmin>96</xmin>
			<xmax>359</xmax>
			<ymin>84</ymin>
			<ymax>250</ymax>
		</bndbox>
	</object>
</annotation>
