<annotation>
	<folder></folder>
	<filename>ba75_png.rf.4a2ca243a401a33d53c105edc152e0a4.jpg</filename>
	<path>ba75_png.rf.4a2ca243a401a33d53c105edc152e0a4.jpg</path>
	<source>
		<database>roboflow.com</database>
	</source>
	<size>
		<width>512</width>
		<height>512</height>
		<depth>3</depth>
	</size>
	<segmented>0</segmented>
	<object>
		<name>ba</name>
		<pose>Unspecified</pose>
		<truncated>0</truncated>
		<difficult>0</difficult>
		<occluded>0</occluded>
		<bndbox>
			<xmin>52</xmin>
			<xmax>454</xmax>
			<ymin>67</ymin>
			<ymax>306</ymax>
		</bndbox>
	</object>
</annotation>
