<annotation>
	<folder></folder>
	<filename>ba75_png.rf.9d13f3568e4e1313f50fb492202cbeb7.jpg</filename>
	<path>ba75_png.rf.9d13f3568e4e1313f50fb492202cbeb7.jpg</path>
	<source>
		<database>roboflow.com</database>
	</source>
	<size>
		<width>512</width>
		<height>512</height>
		<depth>3</depth>
	</size>
	<segmented>0</segmented>
	<object>
		<name>ba</name>
		<pose>Unspecified</pose>
		<truncated>0</truncated>
		<difficult>0</difficult>
		<occluded>0</occluded>
		<bndbox>
			<xmin>50</xmin>
			<xmax>462</xmax>
			<ymin>57</ymin>
			<ymax>315</ymax>
		</bndbox>
	</object>
</annotation>
