<annotation>
	<folder></folder>
	<filename>ba75_png.rf.e54e587542c7858d9b919852f6b77e46.jpg</filename>
	<path>ba75_png.rf.e54e587542c7858d9b919852f6b77e46.jpg</path>
	<source>
		<database>roboflow.com</database>
	</source>
	<size>
		<width>512</width>
		<height>512</height>
		<depth>3</depth>
	</size>
	<segmented>0</segmented>
	<object>
		<name>ba</name>
		<pose>Unspecified</pose>
		<truncated>0</truncated>
		<difficult>0</difficult>
		<occluded>0</occluded>
		<bndbox>
			<xmin>53</xmin>
			<xmax>447</xmax>
			<ymin>74</ymin>
			<ymax>299</ymax>
		</bndbox>
	</object>
</annotation>
