<annotation>
	<folder></folder>
	<filename>ba76_png.rf.41f1739a18a00d347a095f66dc29de43.jpg</filename>
	<path>ba76_png.rf.41f1739a18a00d347a095f66dc29de43.jpg</path>
	<source>
		<database>roboflow.com</database>
	</source>
	<size>
		<width>512</width>
		<height>512</height>
		<depth>3</depth>
	</size>
	<segmented>0</segmented>
	<object>
		<name>ba</name>
		<pose>Unspecified</pose>
		<truncated>0</truncated>
		<difficult>0</difficult>
		<occluded>0</occluded>
		<bndbox>
			<xmin>130</xmin>
			<xmax>397</xmax>
			<ymin>59</ymin>
			<ymax>255</ymax>
		</bndbox>
	</object>
</annotation>
