<annotation>
	<folder></folder>
	<filename>ba76_png.rf.2b1270132094db848689f91fe6a74a57.jpg</filename>
	<path>ba76_png.rf.2b1270132094db848689f91fe6a74a57.jpg</path>
	<source>
		<database>roboflow.com</database>
	</source>
	<size>
		<width>512</width>
		<height>512</height>
		<depth>3</depth>
	</size>
	<segmented>0</segmented>
	<object>
		<name>ba</name>
		<pose>Unspecified</pose>
		<truncated>0</truncated>
		<difficult>0</difficult>
		<occluded>0</occluded>
		<bndbox>
			<xmin>131</xmin>
			<xmax>404</xmax>
			<ymin>55</ymin>
			<ymax>260</ymax>
		</bndbox>
	</object>
</annotation>
