<annotation>
	<folder></folder>
	<filename>ba76_png.rf.6ebe311e28490ae5781f362cea4b1695.jpg</filename>
	<path>ba76_png.rf.6ebe311e28490ae5781f362cea4b1695.jpg</path>
	<source>
		<database>roboflow.com</database>
	</source>
	<size>
		<width>512</width>
		<height>512</height>
		<depth>3</depth>
	</size>
	<segmented>0</segmented>
	<object>
		<name>ba</name>
		<pose>Unspecified</pose>
		<truncated>0</truncated>
		<difficult>0</difficult>
		<occluded>0</occluded>
		<bndbox>
			<xmin>130</xmin>
			<xmax>391</xmax>
			<ymin>64</ymin>
			<ymax>251</ymax>
		</bndbox>
	</object>
</annotation>
