<annotation>
	<folder></folder>
	<filename>ba77_png.rf.54231288dee2fff61cb46f67dc3a75a5.jpg</filename>
	<path>ba77_png.rf.54231288dee2fff61cb46f67dc3a75a5.jpg</path>
	<source>
		<database>roboflow.com</database>
	</source>
	<size>
		<width>512</width>
		<height>512</height>
		<depth>3</depth>
	</size>
	<segmented>0</segmented>
	<object>
		<name>ba</name>
		<pose>Unspecified</pose>
		<truncated>0</truncated>
		<difficult>0</difficult>
		<occluded>0</occluded>
		<bndbox>
			<xmin>26</xmin>
			<xmax>497</xmax>
			<ymin>21</ymin>
			<ymax>306</ymax>
		</bndbox>
	</object>
</annotation>
