<annotation>
	<folder></folder>
	<filename>ba77_png.rf.f8d05ce698d4a9d3c0138a8d26af450d.jpg</filename>
	<path>ba77_png.rf.f8d05ce698d4a9d3c0138a8d26af450d.jpg</path>
	<source>
		<database>roboflow.com</database>
	</source>
	<size>
		<width>512</width>
		<height>512</height>
		<depth>3</depth>
	</size>
	<segmented>0</segmented>
	<object>
		<name>ba</name>
		<pose>Unspecified</pose>
		<truncated>0</truncated>
		<difficult>0</difficult>
		<occluded>0</occluded>
		<bndbox>
			<xmin>40</xmin>
			<xmax>507</xmax>
			<ymin>26</ymin>
			<ymax>303</ymax>
		</bndbox>
	</object>
</annotation>
