<annotation>
	<folder></folder>
	<filename>ba77_png.rf.9c8ac76578ba3ea5b4eccfb8aa7c2538.jpg</filename>
	<path>ba77_png.rf.9c8ac76578ba3ea5b4eccfb8aa7c2538.jpg</path>
	<source>
		<database>roboflow.com</database>
	</source>
	<size>
		<width>512</width>
		<height>512</height>
		<depth>3</depth>
	</size>
	<segmented>0</segmented>
	<object>
		<name>ba</name>
		<pose>Unspecified</pose>
		<truncated>0</truncated>
		<difficult>0</difficult>
		<occluded>0</occluded>
		<bndbox>
			<xmin>41</xmin>
			<xmax>495</xmax>
			<ymin>37</ymin>
			<ymax>291</ymax>
		</bndbox>
	</object>
</annotation>
