<annotation>
	<folder></folder>
	<filename>ba78_png.rf.65654c59a740d27f89dc495e62a7e8c3.jpg</filename>
	<path>ba78_png.rf.65654c59a740d27f89dc495e62a7e8c3.jpg</path>
	<source>
		<database>roboflow.com</database>
	</source>
	<size>
		<width>512</width>
		<height>512</height>
		<depth>3</depth>
	</size>
	<segmented>0</segmented>
	<object>
		<name>ba</name>
		<pose>Unspecified</pose>
		<truncated>0</truncated>
		<difficult>0</difficult>
		<occluded>0</occluded>
		<bndbox>
			<xmin>78</xmin>
			<xmax>446</xmax>
			<ymin>8</ymin>
			<ymax>238</ymax>
		</bndbox>
	</object>
</annotation>
