<annotation>
	<folder></folder>
	<filename>ba78_png.rf.ddc4a2b0d50bd6670fa3737f03e0cc08.jpg</filename>
	<path>ba78_png.rf.ddc4a2b0d50bd6670fa3737f03e0cc08.jpg</path>
	<source>
		<database>roboflow.com</database>
	</source>
	<size>
		<width>512</width>
		<height>512</height>
		<depth>3</depth>
	</size>
	<segmented>0</segmented>
	<object>
		<name>ba</name>
		<pose>Unspecified</pose>
		<truncated>0</truncated>
		<difficult>0</difficult>
		<occluded>0</occluded>
		<bndbox>
			<xmin>79</xmin>
			<xmax>459</xmax>
			<ymin>1</ymin>
			<ymax>248</ymax>
		</bndbox>
	</object>
</annotation>
