<annotation>
	<folder></folder>
	<filename>ba7_png.rf.75d016e7cadeecb8f201edbc7a2f35a8.jpg</filename>
	<path>ba7_png.rf.75d016e7cadeecb8f201edbc7a2f35a8.jpg</path>
	<source>
		<database>roboflow.com</database>
	</source>
	<size>
		<width>512</width>
		<height>512</height>
		<depth>3</depth>
	</size>
	<segmented>0</segmented>
	<object>
		<name>ba</name>
		<pose>Unspecified</pose>
		<truncated>0</truncated>
		<difficult>0</difficult>
		<occluded>0</occluded>
		<bndbox>
			<xmin>141</xmin>
			<xmax>500</xmax>
			<ymin>75</ymin>
			<ymax>247</ymax>
		</bndbox>
	</object>
</annotation>
