<annotation>
	<folder></folder>
	<filename>ba7_png.rf.2b285f652b9d9f696eb4f96f4310b17c.jpg</filename>
	<path>ba7_png.rf.2b285f652b9d9f696eb4f96f4310b17c.jpg</path>
	<source>
		<database>roboflow.com</database>
	</source>
	<size>
		<width>512</width>
		<height>512</height>
		<depth>3</depth>
	</size>
	<segmented>0</segmented>
	<object>
		<name>ba</name>
		<pose>Unspecified</pose>
		<truncated>0</truncated>
		<difficult>0</difficult>
		<occluded>0</occluded>
		<bndbox>
			<xmin>142</xmin>
			<xmax>512</xmax>
			<ymin>67</ymin>
			<ymax>264</ymax>
		</bndbox>
	</object>
</annotation>
