<annotation>
	<folder></folder>
	<filename>ba7_png.rf.e24e967b111b35ab4f8751e512ccc556.jpg</filename>
	<path>ba7_png.rf.e24e967b111b35ab4f8751e512ccc556.jpg</path>
	<source>
		<database>roboflow.com</database>
	</source>
	<size>
		<width>512</width>
		<height>512</height>
		<depth>3</depth>
	</size>
	<segmented>0</segmented>
	<object>
		<name>ba</name>
		<pose>Unspecified</pose>
		<truncated>0</truncated>
		<difficult>0</difficult>
		<occluded>0</occluded>
		<bndbox>
			<xmin>141</xmin>
			<xmax>506</xmax>
			<ymin>72</ymin>
			<ymax>256</ymax>
		</bndbox>
	</object>
</annotation>
