<annotation>
	<folder></folder>
	<filename>ba8_png.rf.fce1e8d7970715b16681a670257b263a.jpg</filename>
	<path>ba8_png.rf.fce1e8d7970715b16681a670257b263a.jpg</path>
	<source>
		<database>roboflow.com</database>
	</source>
	<size>
		<width>512</width>
		<height>512</height>
		<depth>3</depth>
	</size>
	<segmented>0</segmented>
	<object>
		<name>ba</name>
		<pose>Unspecified</pose>
		<truncated>0</truncated>
		<difficult>0</difficult>
		<occluded>0</occluded>
		<bndbox>
			<xmin>153</xmin>
			<xmax>355</xmax>
			<ymin>90</ymin>
			<ymax>266</ymax>
		</bndbox>
	</object>
</annotation>
