<annotation>
	<folder></folder>
	<filename>ba8_png.rf.6f8a9df74b1967d4426461f512ed36de.jpg</filename>
	<path>ba8_png.rf.6f8a9df74b1967d4426461f512ed36de.jpg</path>
	<source>
		<database>roboflow.com</database>
	</source>
	<size>
		<width>512</width>
		<height>512</height>
		<depth>3</depth>
	</size>
	<segmented>0</segmented>
	<object>
		<name>ba</name>
		<pose>Unspecified</pose>
		<truncated>0</truncated>
		<difficult>0</difficult>
		<occluded>0</occluded>
		<bndbox>
			<xmin>164</xmin>
			<xmax>361</xmax>
			<ymin>93</ymin>
			<ymax>263</ymax>
		</bndbox>
	</object>
</annotation>
