<annotation>
	<folder></folder>
	<filename>ba9_png.rf.93a24b778f34e576eed13b4d87ce57eb.jpg</filename>
	<path>ba9_png.rf.93a24b778f34e576eed13b4d87ce57eb.jpg</path>
	<source>
		<database>roboflow.com</database>
	</source>
	<size>
		<width>512</width>
		<height>512</height>
		<depth>3</depth>
	</size>
	<segmented>0</segmented>
	<object>
		<name>ba</name>
		<pose>Unspecified</pose>
		<truncated>0</truncated>
		<difficult>0</difficult>
		<occluded>0</occluded>
		<bndbox>
			<xmin>112</xmin>
			<xmax>408</xmax>
			<ymin>55</ymin>
			<ymax>247</ymax>
		</bndbox>
	</object>
</annotation>
