<annotation>
	<folder></folder>
	<filename>ba9_png.rf.271abb25708d7656e1852790fe1c1acd.jpg</filename>
	<path>ba9_png.rf.271abb25708d7656e1852790fe1c1acd.jpg</path>
	<source>
		<database>roboflow.com</database>
	</source>
	<size>
		<width>512</width>
		<height>512</height>
		<depth>3</depth>
	</size>
	<segmented>0</segmented>
	<object>
		<name>ba</name>
		<pose>Unspecified</pose>
		<truncated>0</truncated>
		<difficult>0</difficult>
		<occluded>0</occluded>
		<bndbox>
			<xmin>114</xmin>
			<xmax>428</xmax>
			<ymin>41</ymin>
			<ymax>263</ymax>
		</bndbox>
	</object>
</annotation>
