<annotation>
	<folder></folder>
	<filename>ba9_png.rf.23df164a87fcc63ef7a07451f0bba11e.jpg</filename>
	<path>ba9_png.rf.23df164a87fcc63ef7a07451f0bba11e.jpg</path>
	<source>
		<database>roboflow.com</database>
	</source>
	<size>
		<width>512</width>
		<height>512</height>
		<depth>3</depth>
	</size>
	<segmented>0</segmented>
	<object>
		<name>ba</name>
		<pose>Unspecified</pose>
		<truncated>0</truncated>
		<difficult>0</difficult>
		<occluded>0</occluded>
		<bndbox>
			<xmin>112</xmin>
			<xmax>415</xmax>
			<ymin>50</ymin>
			<ymax>252</ymax>
		</bndbox>
	</object>
</annotation>
