<annotation>
	<folder></folder>
	<filename>ca0_png.rf.8a5be07bd858546dc80bde5f7542cb07.jpg</filename>
	<path>ca0_png.rf.8a5be07bd858546dc80bde5f7542cb07.jpg</path>
	<source>
		<database>roboflow.com</database>
	</source>
	<size>
		<width>512</width>
		<height>512</height>
		<depth>3</depth>
	</size>
	<segmented>0</segmented>
	<object>
		<name>ca</name>
		<pose>Unspecified</pose>
		<truncated>0</truncated>
		<difficult>0</difficult>
		<occluded>0</occluded>
		<bndbox>
			<xmin>135</xmin>
			<xmax>391</xmax>
			<ymin>59</ymin>
			<ymax>255</ymax>
		</bndbox>
	</object>
</annotation>
