<annotation>
	<folder></folder>
	<filename>ca0_png.rf.55ae273e8910c8b0a3e8573f1434f3e8.jpg</filename>
	<path>ca0_png.rf.55ae273e8910c8b0a3e8573f1434f3e8.jpg</path>
	<source>
		<database>roboflow.com</database>
	</source>
	<size>
		<width>512</width>
		<height>512</height>
		<depth>3</depth>
	</size>
	<segmented>0</segmented>
	<object>
		<name>ca</name>
		<pose>Unspecified</pose>
		<truncated>0</truncated>
		<difficult>0</difficult>
		<occluded>0</occluded>
		<bndbox>
			<xmin>119</xmin>
			<xmax>391</xmax>
			<ymin>48</ymin>
			<ymax>266</ymax>
		</bndbox>
	</object>
</annotation>
