<annotation>
	<folder></folder>
	<filename>ca0_png.rf.fce1666b836dde90047186715d589eba.jpg</filename>
	<path>ca0_png.rf.fce1666b836dde90047186715d589eba.jpg</path>
	<source>
		<database>roboflow.com</database>
	</source>
	<size>
		<width>512</width>
		<height>512</height>
		<depth>3</depth>
	</size>
	<segmented>0</segmented>
	<object>
		<name>ca</name>
		<pose>Unspecified</pose>
		<truncated>0</truncated>
		<difficult>0</difficult>
		<occluded>0</occluded>
		<bndbox>
			<xmin>136</xmin>
			<xmax>405</xmax>
			<ymin>51</ymin>
			<ymax>264</ymax>
		</bndbox>
	</object>
</annotation>
