<annotation>
	<folder></folder>
	<filename>ca10_png.rf.660641eed973b869394b6ffe2c5dec2c.jpg</filename>
	<path>ca10_png.rf.660641eed973b869394b6ffe2c5dec2c.jpg</path>
	<source>
		<database>roboflow.com</database>
	</source>
	<size>
		<width>512</width>
		<height>512</height>
		<depth>3</depth>
	</size>
	<segmented>0</segmented>
	<object>
		<name>ca</name>
		<pose>Unspecified</pose>
		<truncated>0</truncated>
		<difficult>0</difficult>
		<occluded>0</occluded>
		<bndbox>
			<xmin>162</xmin>
			<xmax>433</xmax>
			<ymin>91</ymin>
			<ymax>299</ymax>
		</bndbox>
	</object>
</annotation>
