<annotation>
	<folder></folder>
	<filename>ca10_png.rf.17bcc4516d5693d9c8ba3b85e3e10555.jpg</filename>
	<path>ca10_png.rf.17bcc4516d5693d9c8ba3b85e3e10555.jpg</path>
	<source>
		<database>roboflow.com</database>
	</source>
	<size>
		<width>512</width>
		<height>512</height>
		<depth>3</depth>
	</size>
	<segmented>0</segmented>
	<object>
		<name>ca</name>
		<pose>Unspecified</pose>
		<truncated>0</truncated>
		<difficult>0</difficult>
		<occluded>0</occluded>
		<bndbox>
			<xmin>159</xmin>
			<xmax>433</xmax>
			<ymin>88</ymin>
			<ymax>301</ymax>
		</bndbox>
	</object>
</annotation>
