<annotation>
	<folder></folder>
	<filename>ca10_png.rf.7c56fb84997b0c4ef920fd549d2cd9bb.jpg</filename>
	<path>ca10_png.rf.7c56fb84997b0c4ef920fd549d2cd9bb.jpg</path>
	<source>
		<database>roboflow.com</database>
	</source>
	<size>
		<width>512</width>
		<height>512</height>
		<depth>3</depth>
	</size>
	<segmented>0</segmented>
	<object>
		<name>ca</name>
		<pose>Unspecified</pose>
		<truncated>0</truncated>
		<difficult>0</difficult>
		<occluded>0</occluded>
		<bndbox>
			<xmin>167</xmin>
			<xmax>431</xmax>
			<ymin>97</ymin>
			<ymax>296</ymax>
		</bndbox>
	</object>
</annotation>
