<annotation>
	<folder></folder>
	<filename>ca12_png.rf.d6a0e1d311f253cb3d47d820cbae2a1c.jpg</filename>
	<path>ca12_png.rf.d6a0e1d311f253cb3d47d820cbae2a1c.jpg</path>
	<source>
		<database>roboflow.com</database>
	</source>
	<size>
		<width>512</width>
		<height>512</height>
		<depth>3</depth>
	</size>
	<segmented>0</segmented>
	<object>
		<name>ca</name>
		<pose>Unspecified</pose>
		<truncated>0</truncated>
		<difficult>0</difficult>
		<occluded>0</occluded>
		<bndbox>
			<xmin>122</xmin>
			<xmax>394</xmax>
			<ymin>67</ymin>
			<ymax>286</ymax>
		</bndbox>
	</object>
</annotation>
