<annotation>
	<folder></folder>
	<filename>ca12_png.rf.e7bcc6c70d12168bd37edc6c32a29de6.jpg</filename>
	<path>ca12_png.rf.e7bcc6c70d12168bd37edc6c32a29de6.jpg</path>
	<source>
		<database>roboflow.com</database>
	</source>
	<size>
		<width>512</width>
		<height>512</height>
		<depth>3</depth>
	</size>
	<segmented>0</segmented>
	<object>
		<name>ca</name>
		<pose>Unspecified</pose>
		<truncated>0</truncated>
		<difficult>0</difficult>
		<occluded>0</occluded>
		<bndbox>
			<xmin>128</xmin>
			<xmax>394</xmax>
			<ymin>72</ymin>
			<ymax>282</ymax>
		</bndbox>
	</object>
</annotation>
