<annotation>
	<folder></folder>
	<filename>ca12_png.rf.c50332b26c74dfcfce1e12d9e0efb4f5.jpg</filename>
	<path>ca12_png.rf.c50332b26c74dfcfce1e12d9e0efb4f5.jpg</path>
	<source>
		<database>roboflow.com</database>
	</source>
	<size>
		<width>512</width>
		<height>512</height>
		<depth>3</depth>
	</size>
	<segmented>0</segmented>
	<object>
		<name>ca</name>
		<pose>Unspecified</pose>
		<truncated>0</truncated>
		<difficult>0</difficult>
		<occluded>0</occluded>
		<bndbox>
			<xmin>137</xmin>
			<xmax>393</xmax>
			<ymin>79</ymin>
			<ymax>276</ymax>
		</bndbox>
	</object>
</annotation>
