<annotation>
	<folder></folder>
	<filename>ca13_png.rf.1a4213ddfeb8976facc42cadd36331b6.jpg</filename>
	<path>ca13_png.rf.1a4213ddfeb8976facc42cadd36331b6.jpg</path>
	<source>
		<database>roboflow.com</database>
	</source>
	<size>
		<width>512</width>
		<height>512</height>
		<depth>3</depth>
	</size>
	<segmented>0</segmented>
	<object>
		<name>ca</name>
		<pose>Unspecified</pose>
		<truncated>0</truncated>
		<difficult>0</difficult>
		<occluded>0</occluded>
		<bndbox>
			<xmin>78</xmin>
			<xmax>404</xmax>
			<ymin>15</ymin>
			<ymax>250</ymax>
		</bndbox>
	</object>
</annotation>
