<annotation>
	<folder></folder>
	<filename>ca13_png.rf.5d9a00ffafdf7918a41d5e14d55a5ff6.jpg</filename>
	<path>ca13_png.rf.5d9a00ffafdf7918a41d5e14d55a5ff6.jpg</path>
	<source>
		<database>roboflow.com</database>
	</source>
	<size>
		<width>512</width>
		<height>512</height>
		<depth>3</depth>
	</size>
	<segmented>0</segmented>
	<object>
		<name>ca</name>
		<pose>Unspecified</pose>
		<truncated>0</truncated>
		<difficult>0</difficult>
		<occluded>0</occluded>
		<bndbox>
			<xmin>78</xmin>
			<xmax>408</xmax>
			<ymin>11</ymin>
			<ymax>252</ymax>
		</bndbox>
	</object>
</annotation>
