<annotation>
	<folder></folder>
	<filename>ca14_png.rf.34c635d573d6cf2cc355f1112f2bdbc0.jpg</filename>
	<path>ca14_png.rf.34c635d573d6cf2cc355f1112f2bdbc0.jpg</path>
	<source>
		<database>roboflow.com</database>
	</source>
	<size>
		<width>512</width>
		<height>512</height>
		<depth>3</depth>
	</size>
	<segmented>0</segmented>
	<object>
		<name>ca</name>
		<pose>Unspecified</pose>
		<truncated>0</truncated>
		<difficult>0</difficult>
		<occluded>0</occluded>
		<bndbox>
			<xmin>73</xmin>
			<xmax>385</xmax>
			<ymin>41</ymin>
			<ymax>245</ymax>
		</bndbox>
	</object>
</annotation>
