<annotation>
	<folder></folder>
	<filename>ca14_png.rf.4df980573929e6b751c1b66a706277f4.jpg</filename>
	<path>ca14_png.rf.4df980573929e6b751c1b66a706277f4.jpg</path>
	<source>
		<database>roboflow.com</database>
	</source>
	<size>
		<width>512</width>
		<height>512</height>
		<depth>3</depth>
	</size>
	<segmented>0</segmented>
	<object>
		<name>ca</name>
		<pose>Unspecified</pose>
		<truncated>0</truncated>
		<difficult>0</difficult>
		<occluded>0</occluded>
		<bndbox>
			<xmin>62</xmin>
			<xmax>384</xmax>
			<ymin>35</ymin>
			<ymax>255</ymax>
		</bndbox>
	</object>
</annotation>
