<annotation>
	<folder></folder>
	<filename>ca15_png.rf.4d3e562854edcb69a784589bfdc3c750.jpg</filename>
	<path>ca15_png.rf.4d3e562854edcb69a784589bfdc3c750.jpg</path>
	<source>
		<database>roboflow.com</database>
	</source>
	<size>
		<width>512</width>
		<height>512</height>
		<depth>3</depth>
	</size>
	<segmented>0</segmented>
	<object>
		<name>ca</name>
		<pose>Unspecified</pose>
		<truncated>0</truncated>
		<difficult>0</difficult>
		<occluded>0</occluded>
		<bndbox>
			<xmin>123</xmin>
			<xmax>370</xmax>
			<ymin>38</ymin>
			<ymax>248</ymax>
		</bndbox>
	</object>
</annotation>
