<annotation>
	<folder></folder>
	<filename>ca15_png.rf.41755ad3c0647e0825111764d3b19c13.jpg</filename>
	<path>ca15_png.rf.41755ad3c0647e0825111764d3b19c13.jpg</path>
	<source>
		<database>roboflow.com</database>
	</source>
	<size>
		<width>512</width>
		<height>512</height>
		<depth>3</depth>
	</size>
	<segmented>0</segmented>
	<object>
		<name>ca</name>
		<pose>Unspecified</pose>
		<truncated>0</truncated>
		<difficult>0</difficult>
		<occluded>0</occluded>
		<bndbox>
			<xmin>137</xmin>
			<xmax>371</xmax>
			<ymin>45</ymin>
			<ymax>239</ymax>
		</bndbox>
	</object>
</annotation>
