<annotation>
	<folder></folder>
	<filename>ca15_png.rf.68c685cd0ec2d53b8783e4f3930b15f5.jpg</filename>
	<path>ca15_png.rf.68c685cd0ec2d53b8783e4f3930b15f5.jpg</path>
	<source>
		<database>roboflow.com</database>
	</source>
	<size>
		<width>512</width>
		<height>512</height>
		<depth>3</depth>
	</size>
	<segmented>0</segmented>
	<object>
		<name>ca</name>
		<pose>Unspecified</pose>
		<truncated>0</truncated>
		<difficult>0</difficult>
		<occluded>0</occluded>
		<bndbox>
			<xmin>138</xmin>
			<xmax>382</xmax>
			<ymin>39</ymin>
			<ymax>245</ymax>
		</bndbox>
	</object>
</annotation>
