<annotation>
	<folder></folder>
	<filename>ca16_png.rf.05e204b2cf729672bf808dfcc51ae19a.jpg</filename>
	<path>ca16_png.rf.05e204b2cf729672bf808dfcc51ae19a.jpg</path>
	<source>
		<database>roboflow.com</database>
	</source>
	<size>
		<width>512</width>
		<height>512</height>
		<depth>3</depth>
	</size>
	<segmented>0</segmented>
	<object>
		<name>ca</name>
		<pose>Unspecified</pose>
		<truncated>0</truncated>
		<difficult>0</difficult>
		<occluded>0</occluded>
		<bndbox>
			<xmin>41</xmin>
			<xmax>304</xmax>
			<ymin>42</ymin>
			<ymax>253</ymax>
		</bndbox>
	</object>
</annotation>
