<annotation>
	<folder></folder>
	<filename>ca16_png.rf.16f8635b4286b520c419d9bc58510b40.jpg</filename>
	<path>ca16_png.rf.16f8635b4286b520c419d9bc58510b40.jpg</path>
	<source>
		<database>roboflow.com</database>
	</source>
	<size>
		<width>512</width>
		<height>512</height>
		<depth>3</depth>
	</size>
	<segmented>0</segmented>
	<object>
		<name>ca</name>
		<pose>Unspecified</pose>
		<truncated>0</truncated>
		<difficult>0</difficult>
		<occluded>0</occluded>
		<bndbox>
			<xmin>55</xmin>
			<xmax>305</xmax>
			<ymin>45</ymin>
			<ymax>239</ymax>
		</bndbox>
	</object>
</annotation>
