<annotation>
	<folder></folder>
	<filename>ca16_png.rf.1d6f298a9b13c3e1c77f2009a8aa2789.jpg</filename>
	<path>ca16_png.rf.1d6f298a9b13c3e1c77f2009a8aa2789.jpg</path>
	<source>
		<database>roboflow.com</database>
	</source>
	<size>
		<width>512</width>
		<height>512</height>
		<depth>3</depth>
	</size>
	<segmented>0</segmented>
	<object>
		<name>ca</name>
		<pose>Unspecified</pose>
		<truncated>0</truncated>
		<difficult>0</difficult>
		<occluded>0</occluded>
		<bndbox>
			<xmin>44</xmin>
			<xmax>304</xmax>
			<ymin>43</ymin>
			<ymax>250</ymax>
		</bndbox>
	</object>
</annotation>
