<annotation>
	<folder></folder>
	<filename>ca17_png.rf.fa3f09c182a0b051796a08d997cc48f3.jpg</filename>
	<path>ca17_png.rf.fa3f09c182a0b051796a08d997cc48f3.jpg</path>
	<source>
		<database>roboflow.com</database>
	</source>
	<size>
		<width>512</width>
		<height>512</height>
		<depth>3</depth>
	</size>
	<segmented>0</segmented>
	<object>
		<name>ca</name>
		<pose>Unspecified</pose>
		<truncated>0</truncated>
		<difficult>0</difficult>
		<occluded>0</occluded>
		<bndbox>
			<xmin>144</xmin>
			<xmax>381</xmax>
			<ymin>62</ymin>
			<ymax>252</ymax>
		</bndbox>
	</object>
</annotation>
