<annotation>
	<folder></folder>
	<filename>ca17_png.rf.d21ed85714874d27304f64068331c7b3.jpg</filename>
	<path>ca17_png.rf.d21ed85714874d27304f64068331c7b3.jpg</path>
	<source>
		<database>roboflow.com</database>
	</source>
	<size>
		<width>512</width>
		<height>512</height>
		<depth>3</depth>
	</size>
	<segmented>0</segmented>
	<object>
		<name>ca</name>
		<pose>Unspecified</pose>
		<truncated>0</truncated>
		<difficult>0</difficult>
		<occluded>0</occluded>
		<bndbox>
			<xmin>144</xmin>
			<xmax>394</xmax>
			<ymin>55</ymin>
			<ymax>261</ymax>
		</bndbox>
	</object>
</annotation>
