<annotation>
	<folder></folder>
	<filename>ca17_png.rf.553c51c06dbad9ab5962bc1789a2cdff.jpg</filename>
	<path>ca17_png.rf.553c51c06dbad9ab5962bc1789a2cdff.jpg</path>
	<source>
		<database>roboflow.com</database>
	</source>
	<size>
		<width>512</width>
		<height>512</height>
		<depth>3</depth>
	</size>
	<segmented>0</segmented>
	<object>
		<name>ca</name>
		<pose>Unspecified</pose>
		<truncated>0</truncated>
		<difficult>0</difficult>
		<occluded>0</occluded>
		<bndbox>
			<xmin>141</xmin>
			<xmax>381</xmax>
			<ymin>60</ymin>
			<ymax>254</ymax>
		</bndbox>
	</object>
</annotation>
