<annotation>
	<folder></folder>
	<filename>ca18_png.rf.eb6a6f60caeb79a82a03d717dbf2e081.jpg</filename>
	<path>ca18_png.rf.eb6a6f60caeb79a82a03d717dbf2e081.jpg</path>
	<source>
		<database>roboflow.com</database>
	</source>
	<size>
		<width>512</width>
		<height>512</height>
		<depth>3</depth>
	</size>
	<segmented>0</segmented>
	<object>
		<name>ca</name>
		<pose>Unspecified</pose>
		<truncated>0</truncated>
		<difficult>0</difficult>
		<occluded>0</occluded>
		<bndbox>
			<xmin>89</xmin>
			<xmax>426</xmax>
			<ymin>33</ymin>
			<ymax>272</ymax>
		</bndbox>
	</object>
</annotation>
