<annotation>
	<folder></folder>
	<filename>ca18_png.rf.67fc7c5b06a0d39ed328f4fb91ef58ea.jpg</filename>
	<path>ca18_png.rf.67fc7c5b06a0d39ed328f4fb91ef58ea.jpg</path>
	<source>
		<database>roboflow.com</database>
	</source>
	<size>
		<width>512</width>
		<height>512</height>
		<depth>3</depth>
	</size>
	<segmented>0</segmented>
	<object>
		<name>ca</name>
		<pose>Unspecified</pose>
		<truncated>0</truncated>
		<difficult>0</difficult>
		<occluded>0</occluded>
		<bndbox>
			<xmin>88</xmin>
			<xmax>441</xmax>
			<ymin>22</ymin>
			<ymax>284</ymax>
		</bndbox>
	</object>
</annotation>
