<annotation>
	<folder></folder>
	<filename>ca1_png.rf.6afa220521c24b4be2c11dc23af6f5ea.jpg</filename>
	<path>ca1_png.rf.6afa220521c24b4be2c11dc23af6f5ea.jpg</path>
	<source>
		<database>roboflow.com</database>
	</source>
	<size>
		<width>512</width>
		<height>512</height>
		<depth>3</depth>
	</size>
	<segmented>0</segmented>
	<object>
		<name>ca</name>
		<pose>Unspecified</pose>
		<truncated>0</truncated>
		<difficult>0</difficult>
		<occluded>0</occluded>
		<bndbox>
			<xmin>93</xmin>
			<xmax>391</xmax>
			<ymin>22</ymin>
			<ymax>255</ymax>
		</bndbox>
	</object>
</annotation>
