<annotation>
	<folder></folder>
	<filename>ca20_png.rf.f1d50c5ad6fcb2b376b35bba35c7cf9c.jpg</filename>
	<path>ca20_png.rf.f1d50c5ad6fcb2b376b35bba35c7cf9c.jpg</path>
	<source>
		<database>roboflow.com</database>
	</source>
	<size>
		<width>512</width>
		<height>512</height>
		<depth>3</depth>
	</size>
	<segmented>0</segmented>
	<object>
		<name>ca</name>
		<pose>Unspecified</pose>
		<truncated>0</truncated>
		<difficult>0</difficult>
		<occluded>0</occluded>
		<bndbox>
			<xmin>94</xmin>
			<xmax>392</xmax>
			<ymin>26</ymin>
			<ymax>292</ymax>
		</bndbox>
	</object>
</annotation>
