<annotation>
	<folder></folder>
	<filename>ca20_png.rf.c586e11134f37d6d19018d4356f073f6.jpg</filename>
	<path>ca20_png.rf.c586e11134f37d6d19018d4356f073f6.jpg</path>
	<source>
		<database>roboflow.com</database>
	</source>
	<size>
		<width>512</width>
		<height>512</height>
		<depth>3</depth>
	</size>
	<segmented>0</segmented>
	<object>
		<name>ca</name>
		<pose>Unspecified</pose>
		<truncated>0</truncated>
		<difficult>0</difficult>
		<occluded>0</occluded>
		<bndbox>
			<xmin>108</xmin>
			<xmax>409</xmax>
			<ymin>23</ymin>
			<ymax>294</ymax>
		</bndbox>
	</object>
</annotation>
