<annotation>
	<folder></folder>
	<filename>ca20_png.rf.00608b7a9f7b80ba23650e30c7db593e.jpg</filename>
	<path>ca20_png.rf.00608b7a9f7b80ba23650e30c7db593e.jpg</path>
	<source>
		<database>roboflow.com</database>
	</source>
	<size>
		<width>512</width>
		<height>512</height>
		<depth>3</depth>
	</size>
	<segmented>0</segmented>
	<object>
		<name>ca</name>
		<pose>Unspecified</pose>
		<truncated>0</truncated>
		<difficult>0</difficult>
		<occluded>0</occluded>
		<bndbox>
			<xmin>110</xmin>
			<xmax>391</xmax>
			<ymin>35</ymin>
			<ymax>282</ymax>
		</bndbox>
	</object>
</annotation>
