<annotation>
	<folder></folder>
	<filename>ca21_png.rf.8de7fa0a12d01218f46dd55406bc6b1f.jpg</filename>
	<path>ca21_png.rf.8de7fa0a12d01218f46dd55406bc6b1f.jpg</path>
	<source>
		<database>roboflow.com</database>
	</source>
	<size>
		<width>512</width>
		<height>512</height>
		<depth>3</depth>
	</size>
	<segmented>0</segmented>
	<object>
		<name>ca</name>
		<pose>Unspecified</pose>
		<truncated>0</truncated>
		<difficult>0</difficult>
		<occluded>0</occluded>
		<bndbox>
			<xmin>138</xmin>
			<xmax>388</xmax>
			<ymin>45</ymin>
			<ymax>247</ymax>
		</bndbox>
	</object>
</annotation>
