<annotation>
	<folder></folder>
	<filename>ca21_png.rf.596eddd3304597b6c04e1b9da9ddbdc9.jpg</filename>
	<path>ca21_png.rf.596eddd3304597b6c04e1b9da9ddbdc9.jpg</path>
	<source>
		<database>roboflow.com</database>
	</source>
	<size>
		<width>512</width>
		<height>512</height>
		<depth>3</depth>
	</size>
	<segmented>0</segmented>
	<object>
		<name>ca</name>
		<pose>Unspecified</pose>
		<truncated>0</truncated>
		<difficult>0</difficult>
		<occluded>0</occluded>
		<bndbox>
			<xmin>136</xmin>
			<xmax>371</xmax>
			<ymin>55</ymin>
			<ymax>237</ymax>
		</bndbox>
	</object>
</annotation>
