<annotation>
	<folder></folder>
	<filename>ca21_png.rf.1950df451c78751c413a4128c5a8029a.jpg</filename>
	<path>ca21_png.rf.1950df451c78751c413a4128c5a8029a.jpg</path>
	<source>
		<database>roboflow.com</database>
	</source>
	<size>
		<width>512</width>
		<height>512</height>
		<depth>3</depth>
	</size>
	<segmented>0</segmented>
	<object>
		<name>ca</name>
		<pose>Unspecified</pose>
		<truncated>0</truncated>
		<difficult>0</difficult>
		<occluded>0</occluded>
		<bndbox>
			<xmin>119</xmin>
			<xmax>369</xmax>
			<ymin>46</ymin>
			<ymax>248</ymax>
		</bndbox>
	</object>
</annotation>
