<annotation>
	<folder></folder>
	<filename>ca22_png.rf.f0fa61c7f9ff65b2959291ab2c962e41.jpg</filename>
	<path>ca22_png.rf.f0fa61c7f9ff65b2959291ab2c962e41.jpg</path>
	<source>
		<database>roboflow.com</database>
	</source>
	<size>
		<width>512</width>
		<height>512</height>
		<depth>3</depth>
	</size>
	<segmented>0</segmented>
	<object>
		<name>ca</name>
		<pose>Unspecified</pose>
		<truncated>0</truncated>
		<difficult>0</difficult>
		<occluded>0</occluded>
		<bndbox>
			<xmin>122</xmin>
			<xmax>344</xmax>
			<ymin>94</ymin>
			<ymax>254</ymax>
		</bndbox>
	</object>
</annotation>
