<annotation>
	<folder></folder>
	<filename>ca22_png.rf.fc8dd51a72e37d66182ec0e2b00fb4d6.jpg</filename>
	<path>ca22_png.rf.fc8dd51a72e37d66182ec0e2b00fb4d6.jpg</path>
	<source>
		<database>roboflow.com</database>
	</source>
	<size>
		<width>512</width>
		<height>512</height>
		<depth>3</depth>
	</size>
	<segmented>0</segmented>
	<object>
		<name>ca</name>
		<pose>Unspecified</pose>
		<truncated>0</truncated>
		<difficult>0</difficult>
		<occluded>0</occluded>
		<bndbox>
			<xmin>111</xmin>
			<xmax>344</xmax>
			<ymin>89</ymin>
			<ymax>264</ymax>
		</bndbox>
	</object>
</annotation>
