<annotation>
	<folder></folder>
	<filename>ca22_png.rf.10a2eda8b52f4e62054a1f659afa047d.jpg</filename>
	<path>ca22_png.rf.10a2eda8b52f4e62054a1f659afa047d.jpg</path>
	<source>
		<database>roboflow.com</database>
	</source>
	<size>
		<width>512</width>
		<height>512</height>
		<depth>3</depth>
	</size>
	<segmented>0</segmented>
	<object>
		<name>ca</name>
		<pose>Unspecified</pose>
		<truncated>0</truncated>
		<difficult>0</difficult>
		<occluded>0</occluded>
		<bndbox>
			<xmin>123</xmin>
			<xmax>356</xmax>
			<ymin>85</ymin>
			<ymax>260</ymax>
		</bndbox>
	</object>
</annotation>
