<annotation>
	<folder></folder>
	<filename>ca23_png.rf.ee0258da8872d24cf3214d1a01e0685f.jpg</filename>
	<path>ca23_png.rf.ee0258da8872d24cf3214d1a01e0685f.jpg</path>
	<source>
		<database>roboflow.com</database>
	</source>
	<size>
		<width>512</width>
		<height>512</height>
		<depth>3</depth>
	</size>
	<segmented>0</segmented>
	<object>
		<name>ca</name>
		<pose>Unspecified</pose>
		<truncated>0</truncated>
		<difficult>0</difficult>
		<occluded>0</occluded>
		<bndbox>
			<xmin>103</xmin>
			<xmax>429</xmax>
			<ymin>28</ymin>
			<ymax>307</ymax>
		</bndbox>
	</object>
</annotation>
