<annotation>
	<folder></folder>
	<filename>ca23_png.rf.a820606c9f2d75c6afbab2ac247f090d.jpg</filename>
	<path>ca23_png.rf.a820606c9f2d75c6afbab2ac247f090d.jpg</path>
	<source>
		<database>roboflow.com</database>
	</source>
	<size>
		<width>512</width>
		<height>512</height>
		<depth>3</depth>
	</size>
	<segmented>0</segmented>
	<object>
		<name>ca</name>
		<pose>Unspecified</pose>
		<truncated>0</truncated>
		<difficult>0</difficult>
		<occluded>0</occluded>
		<bndbox>
			<xmin>105</xmin>
			<xmax>407</xmax>
			<ymin>43</ymin>
			<ymax>292</ymax>
		</bndbox>
	</object>
</annotation>
