<annotation>
	<folder></folder>
	<filename>ca23_png.rf.e643f5a52239b281d523e1f235d3cc8d.jpg</filename>
	<path>ca23_png.rf.e643f5a52239b281d523e1f235d3cc8d.jpg</path>
	<source>
		<database>roboflow.com</database>
	</source>
	<size>
		<width>512</width>
		<height>512</height>
		<depth>3</depth>
	</size>
	<segmented>0</segmented>
	<object>
		<name>ca</name>
		<pose>Unspecified</pose>
		<truncated>0</truncated>
		<difficult>0</difficult>
		<occluded>0</occluded>
		<bndbox>
			<xmin>103</xmin>
			<xmax>418</xmax>
			<ymin>35</ymin>
			<ymax>299</ymax>
		</bndbox>
	</object>
</annotation>
