<annotation>
	<folder></folder>
	<filename>ca24_png.rf.90b5de4e6e179e27f18ee601db2c45eb.jpg</filename>
	<path>ca24_png.rf.90b5de4e6e179e27f18ee601db2c45eb.jpg</path>
	<source>
		<database>roboflow.com</database>
	</source>
	<size>
		<width>512</width>
		<height>512</height>
		<depth>3</depth>
	</size>
	<segmented>0</segmented>
	<object>
		<name>ca</name>
		<pose>Unspecified</pose>
		<truncated>0</truncated>
		<difficult>0</difficult>
		<occluded>0</occluded>
		<bndbox>
			<xmin>110</xmin>
			<xmax>455</xmax>
			<ymin>28</ymin>
			<ymax>289</ymax>
		</bndbox>
	</object>
</annotation>
