<annotation>
	<folder></folder>
	<filename>ca24_png.rf.a5db9d7bb196994af5606b2058928348.jpg</filename>
	<path>ca24_png.rf.a5db9d7bb196994af5606b2058928348.jpg</path>
	<source>
		<database>roboflow.com</database>
	</source>
	<size>
		<width>512</width>
		<height>512</height>
		<depth>3</depth>
	</size>
	<segmented>0</segmented>
	<object>
		<name>ca</name>
		<pose>Unspecified</pose>
		<truncated>0</truncated>
		<difficult>0</difficult>
		<occluded>0</occluded>
		<bndbox>
			<xmin>111</xmin>
			<xmax>445</xmax>
			<ymin>35</ymin>
			<ymax>280</ymax>
		</bndbox>
	</object>
</annotation>
