<annotation>
	<folder></folder>
	<filename>ca24_png.rf.e6839d5a3d9565a59c0c66f2d738a69b.jpg</filename>
	<path>ca24_png.rf.e6839d5a3d9565a59c0c66f2d738a69b.jpg</path>
	<source>
		<database>roboflow.com</database>
	</source>
	<size>
		<width>512</width>
		<height>512</height>
		<depth>3</depth>
	</size>
	<segmented>0</segmented>
	<object>
		<name>ca</name>
		<pose>Unspecified</pose>
		<truncated>0</truncated>
		<difficult>0</difficult>
		<occluded>0</occluded>
		<bndbox>
			<xmin>111</xmin>
			<xmax>434</xmax>
			<ymin>42</ymin>
			<ymax>270</ymax>
		</bndbox>
	</object>
</annotation>
