<annotation>
	<folder></folder>
	<filename>ca26_png.rf.82d3ddfcc2371a4a84e141304eeee708.jpg</filename>
	<path>ca26_png.rf.82d3ddfcc2371a4a84e141304eeee708.jpg</path>
	<source>
		<database>roboflow.com</database>
	</source>
	<size>
		<width>512</width>
		<height>512</height>
		<depth>3</depth>
	</size>
	<segmented>0</segmented>
	<object>
		<name>ca</name>
		<pose>Unspecified</pose>
		<truncated>0</truncated>
		<difficult>0</difficult>
		<occluded>0</occluded>
		<bndbox>
			<xmin>101</xmin>
			<xmax>424</xmax>
			<ymin>36</ymin>
			<ymax>289</ymax>
		</bndbox>
	</object>
</annotation>
