<annotation>
	<folder></folder>
	<filename>ca26_png.rf.34af8e1ca4e298e2b7404b15565edb24.jpg</filename>
	<path>ca26_png.rf.34af8e1ca4e298e2b7404b15565edb24.jpg</path>
	<source>
		<database>roboflow.com</database>
	</source>
	<size>
		<width>512</width>
		<height>512</height>
		<depth>3</depth>
	</size>
	<segmented>0</segmented>
	<object>
		<name>ca</name>
		<pose>Unspecified</pose>
		<truncated>0</truncated>
		<difficult>0</difficult>
		<occluded>0</occluded>
		<bndbox>
			<xmin>118</xmin>
			<xmax>422</xmax>
			<ymin>50</ymin>
			<ymax>277</ymax>
		</bndbox>
	</object>
</annotation>
