<annotation>
	<folder></folder>
	<filename>ca26_png.rf.01b3c7502b8f37c2bd03badc5e4382c8.jpg</filename>
	<path>ca26_png.rf.01b3c7502b8f37c2bd03badc5e4382c8.jpg</path>
	<source>
		<database>roboflow.com</database>
	</source>
	<size>
		<width>512</width>
		<height>512</height>
		<depth>3</depth>
	</size>
	<segmented>0</segmented>
	<object>
		<name>ca</name>
		<pose>Unspecified</pose>
		<truncated>0</truncated>
		<difficult>0</difficult>
		<occluded>0</occluded>
		<bndbox>
			<xmin>104</xmin>
			<xmax>423</xmax>
			<ymin>39</ymin>
			<ymax>287</ymax>
		</bndbox>
	</object>
</annotation>
