<annotation>
	<folder></folder>
	<filename>ca27_png.rf.dc0f11f858b8a2594159e51b611a40b3.jpg</filename>
	<path>ca27_png.rf.dc0f11f858b8a2594159e51b611a40b3.jpg</path>
	<source>
		<database>roboflow.com</database>
	</source>
	<size>
		<width>512</width>
		<height>512</height>
		<depth>3</depth>
	</size>
	<segmented>0</segmented>
	<object>
		<name>ca</name>
		<pose>Unspecified</pose>
		<truncated>0</truncated>
		<difficult>0</difficult>
		<occluded>0</occluded>
		<bndbox>
			<xmin>116</xmin>
			<xmax>370</xmax>
			<ymin>42</ymin>
			<ymax>245</ymax>
		</bndbox>
	</object>
</annotation>
