<annotation>
	<folder></folder>
	<filename>ca27_png.rf.d17c141b9fa301c236c20573e8f41253.jpg</filename>
	<path>ca27_png.rf.d17c141b9fa301c236c20573e8f41253.jpg</path>
	<source>
		<database>roboflow.com</database>
	</source>
	<size>
		<width>512</width>
		<height>512</height>
		<depth>3</depth>
	</size>
	<segmented>0</segmented>
	<object>
		<name>ca</name>
		<pose>Unspecified</pose>
		<truncated>0</truncated>
		<difficult>0</difficult>
		<occluded>0</occluded>
		<bndbox>
			<xmin>127</xmin>
			<xmax>371</xmax>
			<ymin>48</ymin>
			<ymax>238</ymax>
		</bndbox>
	</object>
</annotation>
