<annotation>
	<folder></folder>
	<filename>ca27_png.rf.ebaad504f38455abc721166f5a34f4ed.jpg</filename>
	<path>ca27_png.rf.ebaad504f38455abc721166f5a34f4ed.jpg</path>
	<source>
		<database>roboflow.com</database>
	</source>
	<size>
		<width>512</width>
		<height>512</height>
		<depth>3</depth>
	</size>
	<segmented>0</segmented>
	<object>
		<name>ca</name>
		<pose>Unspecified</pose>
		<truncated>0</truncated>
		<difficult>0</difficult>
		<occluded>0</occluded>
		<bndbox>
			<xmin>128</xmin>
			<xmax>375</xmax>
			<ymin>46</ymin>
			<ymax>240</ymax>
		</bndbox>
	</object>
</annotation>
