<annotation>
	<folder></folder>
	<filename>ca29_png.rf.35775728a1bfb177aff1d4b896687394.jpg</filename>
	<path>ca29_png.rf.35775728a1bfb177aff1d4b896687394.jpg</path>
	<source>
		<database>roboflow.com</database>
	</source>
	<size>
		<width>512</width>
		<height>512</height>
		<depth>3</depth>
	</size>
	<segmented>0</segmented>
	<object>
		<name>ca</name>
		<pose>Unspecified</pose>
		<truncated>0</truncated>
		<difficult>0</difficult>
		<occluded>0</occluded>
		<bndbox>
			<xmin>169</xmin>
			<xmax>447</xmax>
			<ymin>41</ymin>
			<ymax>246</ymax>
		</bndbox>
	</object>
</annotation>
