<annotation>
	<folder></folder>
	<filename>ca29_png.rf.14bd47ccb81cf386f6a2d3c46ade9757.jpg</filename>
	<path>ca29_png.rf.14bd47ccb81cf386f6a2d3c46ade9757.jpg</path>
	<source>
		<database>roboflow.com</database>
	</source>
	<size>
		<width>512</width>
		<height>512</height>
		<depth>3</depth>
	</size>
	<segmented>0</segmented>
	<object>
		<name>ca</name>
		<pose>Unspecified</pose>
		<truncated>0</truncated>
		<difficult>0</difficult>
		<occluded>0</occluded>
		<bndbox>
			<xmin>170</xmin>
			<xmax>451</xmax>
			<ymin>40</ymin>
			<ymax>249</ymax>
		</bndbox>
	</object>
</annotation>
