<annotation>
	<folder></folder>
	<filename>ca29_png.rf.432cfa25591b0734a588a4622e77f50b.jpg</filename>
	<path>ca29_png.rf.432cfa25591b0734a588a4622e77f50b.jpg</path>
	<source>
		<database>roboflow.com</database>
	</source>
	<size>
		<width>512</width>
		<height>512</height>
		<depth>3</depth>
	</size>
	<segmented>0</segmented>
	<object>
		<name>ca</name>
		<pose>Unspecified</pose>
		<truncated>0</truncated>
		<difficult>0</difficult>
		<occluded>0</occluded>
		<bndbox>
			<xmin>167</xmin>
			<xmax>433</xmax>
			<ymin>47</ymin>
			<ymax>234</ymax>
		</bndbox>
	</object>
</annotation>
