<annotation>
	<folder></folder>
	<filename>ca30_png.rf.a98f60590d823ed4e180023e0ac97c72.jpg</filename>
	<path>ca30_png.rf.a98f60590d823ed4e180023e0ac97c72.jpg</path>
	<source>
		<database>roboflow.com</database>
	</source>
	<size>
		<width>512</width>
		<height>512</height>
		<depth>3</depth>
	</size>
	<segmented>0</segmented>
	<object>
		<name>ca</name>
		<pose>Unspecified</pose>
		<truncated>0</truncated>
		<difficult>0</difficult>
		<occluded>0</occluded>
		<bndbox>
			<xmin>66</xmin>
			<xmax>382</xmax>
			<ymin>65</ymin>
			<ymax>260</ymax>
		</bndbox>
	</object>
</annotation>
