<annotation>
	<folder></folder>
	<filename>ca30_png.rf.06d30afa815c227e4a88683cb5f88cf5.jpg</filename>
	<path>ca30_png.rf.06d30afa815c227e4a88683cb5f88cf5.jpg</path>
	<source>
		<database>roboflow.com</database>
	</source>
	<size>
		<width>512</width>
		<height>512</height>
		<depth>3</depth>
	</size>
	<segmented>0</segmented>
	<object>
		<name>ca</name>
		<pose>Unspecified</pose>
		<truncated>0</truncated>
		<difficult>0</difficult>
		<occluded>0</occluded>
		<bndbox>
			<xmin>77</xmin>
			<xmax>401</xmax>
			<ymin>54</ymin>
			<ymax>264</ymax>
		</bndbox>
	</object>
</annotation>
