<annotation>
	<folder></folder>
	<filename>ca30_png.rf.c9cab987ad96e07013d38a9b46d6a02b.jpg</filename>
	<path>ca30_png.rf.c9cab987ad96e07013d38a9b46d6a02b.jpg</path>
	<source>
		<database>roboflow.com</database>
	</source>
	<size>
		<width>512</width>
		<height>512</height>
		<depth>3</depth>
	</size>
	<segmented>0</segmented>
	<object>
		<name>ca</name>
		<pose>Unspecified</pose>
		<truncated>0</truncated>
		<difficult>0</difficult>
		<occluded>0</occluded>
		<bndbox>
			<xmin>76</xmin>
			<xmax>383</xmax>
			<ymin>72</ymin>
			<ymax>251</ymax>
		</bndbox>
	</object>
</annotation>
