<annotation>
	<folder></folder>
	<filename>ca31_png.rf.88497bfe6025a1af41eac4b8ebc0eec2.jpg</filename>
	<path>ca31_png.rf.88497bfe6025a1af41eac4b8ebc0eec2.jpg</path>
	<source>
		<database>roboflow.com</database>
	</source>
	<size>
		<width>512</width>
		<height>512</height>
		<depth>3</depth>
	</size>
	<segmented>0</segmented>
	<object>
		<name>ca</name>
		<pose>Unspecified</pose>
		<truncated>0</truncated>
		<difficult>0</difficult>
		<occluded>0</occluded>
		<bndbox>
			<xmin>147</xmin>
			<xmax>386</xmax>
			<ymin>56</ymin>
			<ymax>221</ymax>
		</bndbox>
	</object>
</annotation>
