<annotation>
	<folder></folder>
	<filename>ca31_png.rf.3f11e3732a7c26de4600b9d5fd45a8c1.jpg</filename>
	<path>ca31_png.rf.3f11e3732a7c26de4600b9d5fd45a8c1.jpg</path>
	<source>
		<database>roboflow.com</database>
	</source>
	<size>
		<width>512</width>
		<height>512</height>
		<depth>3</depth>
	</size>
	<segmented>0</segmented>
	<object>
		<name>ca</name>
		<pose>Unspecified</pose>
		<truncated>0</truncated>
		<difficult>0</difficult>
		<occluded>0</occluded>
		<bndbox>
			<xmin>146</xmin>
			<xmax>382</xmax>
			<ymin>58</ymin>
			<ymax>219</ymax>
		</bndbox>
	</object>
</annotation>
