<annotation>
	<folder></folder>
	<filename>ca31_png.rf.ff8ab60210b93ab47f795d6a7bff3fe8.jpg</filename>
	<path>ca31_png.rf.ff8ab60210b93ab47f795d6a7bff3fe8.jpg</path>
	<source>
		<database>roboflow.com</database>
	</source>
	<size>
		<width>512</width>
		<height>512</height>
		<depth>3</depth>
	</size>
	<segmented>0</segmented>
	<object>
		<name>ca</name>
		<pose>Unspecified</pose>
		<truncated>0</truncated>
		<difficult>0</difficult>
		<occluded>0</occluded>
		<bndbox>
			<xmin>150</xmin>
			<xmax>399</xmax>
			<ymin>49</ymin>
			<ymax>230</ymax>
		</bndbox>
	</object>
</annotation>
