<annotation>
	<folder></folder>
	<filename>ca32_png.rf.d83d02c245452baae2b3a276d922563c.jpg</filename>
	<path>ca32_png.rf.d83d02c245452baae2b3a276d922563c.jpg</path>
	<source>
		<database>roboflow.com</database>
	</source>
	<size>
		<width>512</width>
		<height>512</height>
		<depth>3</depth>
	</size>
	<segmented>0</segmented>
	<object>
		<name>ca</name>
		<pose>Unspecified</pose>
		<truncated>0</truncated>
		<difficult>0</difficult>
		<occluded>0</occluded>
		<bndbox>
			<xmin>120</xmin>
			<xmax>392</xmax>
			<ymin>32</ymin>
			<ymax>221</ymax>
		</bndbox>
	</object>
</annotation>
