<annotation>
	<folder></folder>
	<filename>ca32_png.rf.b0b333c16a12d7affdb1909961de0c92.jpg</filename>
	<path>ca32_png.rf.b0b333c16a12d7affdb1909961de0c92.jpg</path>
	<source>
		<database>roboflow.com</database>
	</source>
	<size>
		<width>512</width>
		<height>512</height>
		<depth>3</depth>
	</size>
	<segmented>0</segmented>
	<object>
		<name>ca</name>
		<pose>Unspecified</pose>
		<truncated>0</truncated>
		<difficult>0</difficult>
		<occluded>0</occluded>
		<bndbox>
			<xmin>122</xmin>
			<xmax>400</xmax>
			<ymin>27</ymin>
			<ymax>225</ymax>
		</bndbox>
	</object>
</annotation>
