<annotation>
	<folder></folder>
	<filename>ca32_png.rf.55880701e34970ee2b3f404b5f507cb0.jpg</filename>
	<path>ca32_png.rf.55880701e34970ee2b3f404b5f507cb0.jpg</path>
	<source>
		<database>roboflow.com</database>
	</source>
	<size>
		<width>512</width>
		<height>512</height>
		<depth>3</depth>
	</size>
	<segmented>0</segmented>
	<object>
		<name>ca</name>
		<pose>Unspecified</pose>
		<truncated>0</truncated>
		<difficult>0</difficult>
		<occluded>0</occluded>
		<bndbox>
			<xmin>125</xmin>
			<xmax>415</xmax>
			<ymin>19</ymin>
			<ymax>235</ymax>
		</bndbox>
	</object>
</annotation>
