<annotation>
	<folder></folder>
	<filename>ca33_png.rf.36be438e160aedc357e1d286cbbde061.jpg</filename>
	<path>ca33_png.rf.36be438e160aedc357e1d286cbbde061.jpg</path>
	<source>
		<database>roboflow.com</database>
	</source>
	<size>
		<width>512</width>
		<height>512</height>
		<depth>3</depth>
	</size>
	<segmented>0</segmented>
	<object>
		<name>ca</name>
		<pose>Unspecified</pose>
		<truncated>0</truncated>
		<difficult>0</difficult>
		<occluded>0</occluded>
		<bndbox>
			<xmin>44</xmin>
			<xmax>477</xmax>
			<ymin>47</ymin>
			<ymax>310</ymax>
		</bndbox>
	</object>
</annotation>
