<annotation>
	<folder></folder>
	<filename>ca33_png.rf.024854c3c768d2624853b1800db67a3e.jpg</filename>
	<path>ca33_png.rf.024854c3c768d2624853b1800db67a3e.jpg</path>
	<source>
		<database>roboflow.com</database>
	</source>
	<size>
		<width>512</width>
		<height>512</height>
		<depth>3</depth>
	</size>
	<segmented>0</segmented>
	<object>
		<name>ca</name>
		<pose>Unspecified</pose>
		<truncated>0</truncated>
		<difficult>0</difficult>
		<occluded>0</occluded>
		<bndbox>
			<xmin>42</xmin>
			<xmax>484</xmax>
			<ymin>39</ymin>
			<ymax>317</ymax>
		</bndbox>
	</object>
</annotation>
