<annotation>
	<folder></folder>
	<filename>ca33_png.rf.62e1e45975ede81617fb8aaad5fc35e9.jpg</filename>
	<path>ca33_png.rf.62e1e45975ede81617fb8aaad5fc35e9.jpg</path>
	<source>
		<database>roboflow.com</database>
	</source>
	<size>
		<width>512</width>
		<height>512</height>
		<depth>3</depth>
	</size>
	<segmented>0</segmented>
	<object>
		<name>ca</name>
		<pose>Unspecified</pose>
		<truncated>0</truncated>
		<difficult>0</difficult>
		<occluded>0</occluded>
		<bndbox>
			<xmin>45</xmin>
			<xmax>474</xmax>
			<ymin>50</ymin>
			<ymax>306</ymax>
		</bndbox>
	</object>
</annotation>
