<annotation>
	<folder></folder>
	<filename>ca34_png.rf.624cbc72e033261640396b4111d0d3ad.jpg</filename>
	<path>ca34_png.rf.624cbc72e033261640396b4111d0d3ad.jpg</path>
	<source>
		<database>roboflow.com</database>
	</source>
	<size>
		<width>512</width>
		<height>512</height>
		<depth>3</depth>
	</size>
	<segmented>0</segmented>
	<object>
		<name>ca</name>
		<pose>Unspecified</pose>
		<truncated>0</truncated>
		<difficult>0</difficult>
		<occluded>0</occluded>
		<bndbox>
			<xmin>43</xmin>
			<xmax>365</xmax>
			<ymin>33</ymin>
			<ymax>233</ymax>
		</bndbox>
	</object>
</annotation>
