<annotation>
	<folder></folder>
	<filename>ca34_png.rf.4a1b7c09eaca5c63f15ad3a836129b54.jpg</filename>
	<path>ca34_png.rf.4a1b7c09eaca5c63f15ad3a836129b54.jpg</path>
	<source>
		<database>roboflow.com</database>
	</source>
	<size>
		<width>512</width>
		<height>512</height>
		<depth>3</depth>
	</size>
	<segmented>0</segmented>
	<object>
		<name>ca</name>
		<pose>Unspecified</pose>
		<truncated>0</truncated>
		<difficult>0</difficult>
		<occluded>0</occluded>
		<bndbox>
			<xmin>35</xmin>
			<xmax>364</xmax>
			<ymin>30</ymin>
			<ymax>241</ymax>
		</bndbox>
	</object>
</annotation>
