<annotation>
	<folder></folder>
	<filename>ca34_png.rf.e106a6a101800663442f01e4394fcfbf.jpg</filename>
	<path>ca34_png.rf.e106a6a101800663442f01e4394fcfbf.jpg</path>
	<source>
		<database>roboflow.com</database>
	</source>
	<size>
		<width>512</width>
		<height>512</height>
		<depth>3</depth>
	</size>
	<segmented>0</segmented>
	<object>
		<name>ca</name>
		<pose>Unspecified</pose>
		<truncated>0</truncated>
		<difficult>0</difficult>
		<occluded>0</occluded>
		<bndbox>
			<xmin>25</xmin>
			<xmax>363</xmax>
			<ymin>25</ymin>
			<ymax>252</ymax>
		</bndbox>
	</object>
</annotation>
