<annotation>
	<folder></folder>
	<filename>ca36_png.rf.321d979651c587709c299f5d3bfe3a0d.jpg</filename>
	<path>ca36_png.rf.321d979651c587709c299f5d3bfe3a0d.jpg</path>
	<source>
		<database>roboflow.com</database>
	</source>
	<size>
		<width>512</width>
		<height>512</height>
		<depth>3</depth>
	</size>
	<segmented>0</segmented>
	<object>
		<name>ca</name>
		<pose>Unspecified</pose>
		<truncated>0</truncated>
		<difficult>0</difficult>
		<occluded>0</occluded>
		<bndbox>
			<xmin>181</xmin>
			<xmax>332</xmax>
			<ymin>102</ymin>
			<ymax>215</ymax>
		</bndbox>
	</object>
</annotation>
