<annotation>
	<folder></folder>
	<filename>ca36_png.rf.9c063c0f8f2a6bdd2baa9d4e3ca50e04.jpg</filename>
	<path>ca36_png.rf.9c063c0f8f2a6bdd2baa9d4e3ca50e04.jpg</path>
	<source>
		<database>roboflow.com</database>
	</source>
	<size>
		<width>512</width>
		<height>512</height>
		<depth>3</depth>
	</size>
	<segmented>0</segmented>
	<object>
		<name>ca</name>
		<pose>Unspecified</pose>
		<truncated>0</truncated>
		<difficult>0</difficult>
		<occluded>0</occluded>
		<bndbox>
			<xmin>181</xmin>
			<xmax>334</xmax>
			<ymin>100</ymin>
			<ymax>216</ymax>
		</bndbox>
	</object>
</annotation>
