<annotation>
	<folder></folder>
	<filename>ca36_png.rf.4349b729d35c8b972e7d886fda7c9a7f.jpg</filename>
	<path>ca36_png.rf.4349b729d35c8b972e7d886fda7c9a7f.jpg</path>
	<source>
		<database>roboflow.com</database>
	</source>
	<size>
		<width>512</width>
		<height>512</height>
		<depth>3</depth>
	</size>
	<segmented>0</segmented>
	<object>
		<name>ca</name>
		<pose>Unspecified</pose>
		<truncated>0</truncated>
		<difficult>0</difficult>
		<occluded>0</occluded>
		<bndbox>
			<xmin>175</xmin>
			<xmax>330</xmax>
			<ymin>99</ymin>
			<ymax>217</ymax>
		</bndbox>
	</object>
</annotation>
