<annotation>
	<folder></folder>
	<filename>ca37_png.rf.3a303ddfa942e091e7ec802984a49ee4.jpg</filename>
	<path>ca37_png.rf.3a303ddfa942e091e7ec802984a49ee4.jpg</path>
	<source>
		<database>roboflow.com</database>
	</source>
	<size>
		<width>512</width>
		<height>512</height>
		<depth>3</depth>
	</size>
	<segmented>0</segmented>
	<object>
		<name>ca</name>
		<pose>Unspecified</pose>
		<truncated>0</truncated>
		<difficult>0</difficult>
		<occluded>0</occluded>
		<bndbox>
			<xmin>35</xmin>
			<xmax>485</xmax>
			<ymin>1</ymin>
			<ymax>310</ymax>
		</bndbox>
	</object>
</annotation>
