<annotation>
	<folder></folder>
	<filename>ca37_png.rf.4f36337c7160a117fa650d7b1ce27338.jpg</filename>
	<path>ca37_png.rf.4f36337c7160a117fa650d7b1ce27338.jpg</path>
	<source>
		<database>roboflow.com</database>
	</source>
	<size>
		<width>512</width>
		<height>512</height>
		<depth>3</depth>
	</size>
	<segmented>0</segmented>
	<object>
		<name>ca</name>
		<pose>Unspecified</pose>
		<truncated>0</truncated>
		<difficult>0</difficult>
		<occluded>0</occluded>
		<bndbox>
			<xmin>38</xmin>
			<xmax>461</xmax>
			<ymin>10</ymin>
			<ymax>289</ymax>
		</bndbox>
	</object>
</annotation>
