<annotation>
	<folder></folder>
	<filename>ca37_png.rf.5925d0fbfdc135375ced665de8b08b3b.jpg</filename>
	<path>ca37_png.rf.5925d0fbfdc135375ced665de8b08b3b.jpg</path>
	<source>
		<database>roboflow.com</database>
	</source>
	<size>
		<width>512</width>
		<height>512</height>
		<depth>3</depth>
	</size>
	<segmented>0</segmented>
	<object>
		<name>ca</name>
		<pose>Unspecified</pose>
		<truncated>0</truncated>
		<difficult>0</difficult>
		<occluded>0</occluded>
		<bndbox>
			<xmin>37</xmin>
			<xmax>465</xmax>
			<ymin>6</ymin>
			<ymax>292</ymax>
		</bndbox>
	</object>
</annotation>
