<annotation>
	<folder></folder>
	<filename>ca38_png.rf.d446357e8f80fd4667b95c56d4900bad.jpg</filename>
	<path>ca38_png.rf.d446357e8f80fd4667b95c56d4900bad.jpg</path>
	<source>
		<database>roboflow.com</database>
	</source>
	<size>
		<width>512</width>
		<height>512</height>
		<depth>3</depth>
	</size>
	<segmented>0</segmented>
	<object>
		<name>ca</name>
		<pose>Unspecified</pose>
		<truncated>0</truncated>
		<difficult>0</difficult>
		<occluded>0</occluded>
		<bndbox>
			<xmin>150</xmin>
			<xmax>451</xmax>
			<ymin>89</ymin>
			<ymax>265</ymax>
		</bndbox>
	</object>
</annotation>
