<annotation>
	<folder></folder>
	<filename>ca38_png.rf.55b4f3a71fa5ce8bd0cd948721e95daf.jpg</filename>
	<path>ca38_png.rf.55b4f3a71fa5ce8bd0cd948721e95daf.jpg</path>
	<source>
		<database>roboflow.com</database>
	</source>
	<size>
		<width>512</width>
		<height>512</height>
		<depth>3</depth>
	</size>
	<segmented>0</segmented>
	<object>
		<name>ca</name>
		<pose>Unspecified</pose>
		<truncated>0</truncated>
		<difficult>0</difficult>
		<occluded>0</occluded>
		<bndbox>
			<xmin>149</xmin>
			<xmax>467</xmax>
			<ymin>79</ymin>
			<ymax>285</ymax>
		</bndbox>
	</object>
</annotation>
