<annotation>
	<folder></folder>
	<filename>ca39_png.rf.d66fe271a978b419042cae8664c08221.jpg</filename>
	<path>ca39_png.rf.d66fe271a978b419042cae8664c08221.jpg</path>
	<source>
		<database>roboflow.com</database>
	</source>
	<size>
		<width>512</width>
		<height>512</height>
		<depth>3</depth>
	</size>
	<segmented>0</segmented>
	<object>
		<name>ca</name>
		<pose>Unspecified</pose>
		<truncated>0</truncated>
		<difficult>0</difficult>
		<occluded>0</occluded>
		<bndbox>
			<xmin>75</xmin>
			<xmax>277</xmax>
			<ymin>117</ymin>
			<ymax>269</ymax>
		</bndbox>
	</object>
</annotation>
