<annotation>
	<folder></folder>
	<filename>ca39_png.rf.17fc2fc383776029bf1c00d4198c5e89.jpg</filename>
	<path>ca39_png.rf.17fc2fc383776029bf1c00d4198c5e89.jpg</path>
	<source>
		<database>roboflow.com</database>
	</source>
	<size>
		<width>512</width>
		<height>512</height>
		<depth>3</depth>
	</size>
	<segmented>0</segmented>
	<object>
		<name>ca</name>
		<pose>Unspecified</pose>
		<truncated>0</truncated>
		<difficult>0</difficult>
		<occluded>0</occluded>
		<bndbox>
			<xmin>66</xmin>
			<xmax>278</xmax>
			<ymin>116</ymin>
			<ymax>282</ymax>
		</bndbox>
	</object>
</annotation>
