<annotation>
	<folder></folder>
	<filename>ca3_png.rf.91cbc53dc2c3455c9624cc5bace4332c.jpg</filename>
	<path>ca3_png.rf.91cbc53dc2c3455c9624cc5bace4332c.jpg</path>
	<source>
		<database>roboflow.com</database>
	</source>
	<size>
		<width>512</width>
		<height>512</height>
		<depth>3</depth>
	</size>
	<segmented>0</segmented>
	<object>
		<name>ca</name>
		<pose>Unspecified</pose>
		<truncated>0</truncated>
		<difficult>0</difficult>
		<occluded>0</occluded>
		<bndbox>
			<xmin>69</xmin>
			<xmax>335</xmax>
			<ymin>90</ymin>
			<ymax>270</ymax>
		</bndbox>
	</object>
</annotation>
