<annotation>
	<folder></folder>
	<filename>ca3_png.rf.9d232080b80a0622c50fd41753ee2b28.jpg</filename>
	<path>ca3_png.rf.9d232080b80a0622c50fd41753ee2b28.jpg</path>
	<source>
		<database>roboflow.com</database>
	</source>
	<size>
		<width>512</width>
		<height>512</height>
		<depth>3</depth>
	</size>
	<segmented>0</segmented>
	<object>
		<name>ca</name>
		<pose>Unspecified</pose>
		<truncated>0</truncated>
		<difficult>0</difficult>
		<occluded>0</occluded>
		<bndbox>
			<xmin>63</xmin>
			<xmax>335</xmax>
			<ymin>88</ymin>
			<ymax>277</ymax>
		</bndbox>
	</object>
</annotation>
