<annotation>
	<folder></folder>
	<filename>ca3_png.rf.9c405df202023807a458ae2e14c6f899.jpg</filename>
	<path>ca3_png.rf.9c405df202023807a458ae2e14c6f899.jpg</path>
	<source>
		<database>roboflow.com</database>
	</source>
	<size>
		<width>512</width>
		<height>512</height>
		<depth>3</depth>
	</size>
	<segmented>0</segmented>
	<object>
		<name>ca</name>
		<pose>Unspecified</pose>
		<truncated>0</truncated>
		<difficult>0</difficult>
		<occluded>0</occluded>
		<bndbox>
			<xmin>72</xmin>
			<xmax>335</xmax>
			<ymin>92</ymin>
			<ymax>267</ymax>
		</bndbox>
	</object>
</annotation>
