<annotation>
	<folder></folder>
	<filename>ca40_png.rf.383fe9be90b8e9975ea7bc0571012a71.jpg</filename>
	<path>ca40_png.rf.383fe9be90b8e9975ea7bc0571012a71.jpg</path>
	<source>
		<database>roboflow.com</database>
	</source>
	<size>
		<width>512</width>
		<height>512</height>
		<depth>3</depth>
	</size>
	<segmented>0</segmented>
	<object>
		<name>ca</name>
		<pose>Unspecified</pose>
		<truncated>0</truncated>
		<difficult>0</difficult>
		<occluded>0</occluded>
		<bndbox>
			<xmin>126</xmin>
			<xmax>395</xmax>
			<ymin>54</ymin>
			<ymax>231</ymax>
		</bndbox>
	</object>
</annotation>
