<annotation>
	<folder></folder>
	<filename>ca40_png.rf.2d354c814f2a4330aa157e4f70fc7b3c.jpg</filename>
	<path>ca40_png.rf.2d354c814f2a4330aa157e4f70fc7b3c.jpg</path>
	<source>
		<database>roboflow.com</database>
	</source>
	<size>
		<width>512</width>
		<height>512</height>
		<depth>3</depth>
	</size>
	<segmented>0</segmented>
	<object>
		<name>ca</name>
		<pose>Unspecified</pose>
		<truncated>0</truncated>
		<difficult>0</difficult>
		<occluded>0</occluded>
		<bndbox>
			<xmin>129</xmin>
			<xmax>412</xmax>
			<ymin>43</ymin>
			<ymax>243</ymax>
		</bndbox>
	</object>
</annotation>
