<annotation>
	<folder></folder>
	<filename>ca40_png.rf.13ed9899f238b44939df5dac8ee4b3d2.jpg</filename>
	<path>ca40_png.rf.13ed9899f238b44939df5dac8ee4b3d2.jpg</path>
	<source>
		<database>roboflow.com</database>
	</source>
	<size>
		<width>512</width>
		<height>512</height>
		<depth>3</depth>
	</size>
	<segmented>0</segmented>
	<object>
		<name>ca</name>
		<pose>Unspecified</pose>
		<truncated>0</truncated>
		<difficult>0</difficult>
		<occluded>0</occluded>
		<bndbox>
			<xmin>127</xmin>
			<xmax>402</xmax>
			<ymin>49</ymin>
			<ymax>235</ymax>
		</bndbox>
	</object>
</annotation>
