<annotation>
	<folder></folder>
	<filename>ca41_png.rf.822d7c953b47a3f3d57c703aeebd1b9a.jpg</filename>
	<path>ca41_png.rf.822d7c953b47a3f3d57c703aeebd1b9a.jpg</path>
	<source>
		<database>roboflow.com</database>
	</source>
	<size>
		<width>512</width>
		<height>512</height>
		<depth>3</depth>
	</size>
	<segmented>0</segmented>
	<object>
		<name>ca</name>
		<pose>Unspecified</pose>
		<truncated>0</truncated>
		<difficult>0</difficult>
		<occluded>0</occluded>
		<bndbox>
			<xmin>172</xmin>
			<xmax>396</xmax>
			<ymin>71</ymin>
			<ymax>245</ymax>
		</bndbox>
	</object>
</annotation>
