<annotation>
	<folder></folder>
	<filename>ca41_png.rf.2d914c4f7d892fcadbfa88ec605637d2.jpg</filename>
	<path>ca41_png.rf.2d914c4f7d892fcadbfa88ec605637d2.jpg</path>
	<source>
		<database>roboflow.com</database>
	</source>
	<size>
		<width>512</width>
		<height>512</height>
		<depth>3</depth>
	</size>
	<segmented>0</segmented>
	<object>
		<name>ca</name>
		<pose>Unspecified</pose>
		<truncated>0</truncated>
		<difficult>0</difficult>
		<occluded>0</occluded>
		<bndbox>
			<xmin>173</xmin>
			<xmax>409</xmax>
			<ymin>66</ymin>
			<ymax>255</ymax>
		</bndbox>
	</object>
</annotation>
