<annotation>
	<folder></folder>
	<filename>ca41_png.rf.6af0290e3a77b7104d7b2e1058b91188.jpg</filename>
	<path>ca41_png.rf.6af0290e3a77b7104d7b2e1058b91188.jpg</path>
	<source>
		<database>roboflow.com</database>
	</source>
	<size>
		<width>512</width>
		<height>512</height>
		<depth>3</depth>
	</size>
	<segmented>0</segmented>
	<object>
		<name>ca</name>
		<pose>Unspecified</pose>
		<truncated>0</truncated>
		<difficult>0</difficult>
		<occluded>0</occluded>
		<bndbox>
			<xmin>159</xmin>
			<xmax>395</xmax>
			<ymin>62</ymin>
			<ymax>251</ymax>
		</bndbox>
	</object>
</annotation>
