<annotation>
	<folder></folder>
	<filename>ca42_png.rf.fb109ec1c61436c3f00ef19238220cf6.jpg</filename>
	<path>ca42_png.rf.fb109ec1c61436c3f00ef19238220cf6.jpg</path>
	<source>
		<database>roboflow.com</database>
	</source>
	<size>
		<width>512</width>
		<height>512</height>
		<depth>3</depth>
	</size>
	<segmented>0</segmented>
	<object>
		<name>ca</name>
		<pose>Unspecified</pose>
		<truncated>0</truncated>
		<difficult>0</difficult>
		<occluded>0</occluded>
		<bndbox>
			<xmin>84</xmin>
			<xmax>423</xmax>
			<ymin>45</ymin>
			<ymax>307</ymax>
		</bndbox>
	</object>
</annotation>
