<annotation>
	<folder></folder>
	<filename>ca42_png.rf.49431868de9a0d7d45e0f4bb63d32bfc.jpg</filename>
	<path>ca42_png.rf.49431868de9a0d7d45e0f4bb63d32bfc.jpg</path>
	<source>
		<database>roboflow.com</database>
	</source>
	<size>
		<width>512</width>
		<height>512</height>
		<depth>3</depth>
	</size>
	<segmented>0</segmented>
	<object>
		<name>ca</name>
		<pose>Unspecified</pose>
		<truncated>0</truncated>
		<difficult>0</difficult>
		<occluded>0</occluded>
		<bndbox>
			<xmin>81</xmin>
			<xmax>437</xmax>
			<ymin>34</ymin>
			<ymax>319</ymax>
		</bndbox>
	</object>
</annotation>
