<annotation>
	<folder></folder>
	<filename>ca42_png.rf.f9665f18736087398292788c9b04b763.jpg</filename>
	<path>ca42_png.rf.f9665f18736087398292788c9b04b763.jpg</path>
	<source>
		<database>roboflow.com</database>
	</source>
	<size>
		<width>512</width>
		<height>512</height>
		<depth>3</depth>
	</size>
	<segmented>0</segmented>
	<object>
		<name>ca</name>
		<pose>Unspecified</pose>
		<truncated>0</truncated>
		<difficult>0</difficult>
		<occluded>0</occluded>
		<bndbox>
			<xmin>83</xmin>
			<xmax>427</xmax>
			<ymin>42</ymin>
			<ymax>310</ymax>
		</bndbox>
	</object>
</annotation>
