<annotation>
	<folder></folder>
	<filename>ca43_png.rf.87f5bcfc233a921c51c56f783d5897aa.jpg</filename>
	<path>ca43_png.rf.87f5bcfc233a921c51c56f783d5897aa.jpg</path>
	<source>
		<database>roboflow.com</database>
	</source>
	<size>
		<width>512</width>
		<height>512</height>
		<depth>3</depth>
	</size>
	<segmented>0</segmented>
	<object>
		<name>ca</name>
		<pose>Unspecified</pose>
		<truncated>0</truncated>
		<difficult>0</difficult>
		<occluded>0</occluded>
		<bndbox>
			<xmin>58</xmin>
			<xmax>354</xmax>
			<ymin>31</ymin>
			<ymax>243</ymax>
		</bndbox>
	</object>
</annotation>
