<annotation>
	<folder></folder>
	<filename>ca43_png.rf.20bf5923e6ff2d0f01b7c55cca4c1026.jpg</filename>
	<path>ca43_png.rf.20bf5923e6ff2d0f01b7c55cca4c1026.jpg</path>
	<source>
		<database>roboflow.com</database>
	</source>
	<size>
		<width>512</width>
		<height>512</height>
		<depth>3</depth>
	</size>
	<segmented>0</segmented>
	<object>
		<name>ca</name>
		<pose>Unspecified</pose>
		<truncated>0</truncated>
		<difficult>0</difficult>
		<occluded>0</occluded>
		<bndbox>
			<xmin>59</xmin>
			<xmax>366</xmax>
			<ymin>21</ymin>
			<ymax>248</ymax>
		</bndbox>
	</object>
</annotation>
