<annotation>
	<folder></folder>
	<filename>ca44_png.rf.14a647793237737e8a9615e4b547de38.jpg</filename>
	<path>ca44_png.rf.14a647793237737e8a9615e4b547de38.jpg</path>
	<source>
		<database>roboflow.com</database>
	</source>
	<size>
		<width>512</width>
		<height>512</height>
		<depth>3</depth>
	</size>
	<segmented>0</segmented>
	<object>
		<name>ca</name>
		<pose>Unspecified</pose>
		<truncated>0</truncated>
		<difficult>0</difficult>
		<occluded>0</occluded>
		<bndbox>
			<xmin>40</xmin>
			<xmax>190</xmax>
			<ymin>16</ymin>
			<ymax>153</ymax>
		</bndbox>
	</object>
</annotation>
