<annotation>
	<folder></folder>
	<filename>ca44_png.rf.bf8c6fcbc4276864fab2f2846fbcab68.jpg</filename>
	<path>ca44_png.rf.bf8c6fcbc4276864fab2f2846fbcab68.jpg</path>
	<source>
		<database>roboflow.com</database>
	</source>
	<size>
		<width>512</width>
		<height>512</height>
		<depth>3</depth>
	</size>
	<segmented>0</segmented>
	<object>
		<name>ca</name>
		<pose>Unspecified</pose>
		<truncated>0</truncated>
		<difficult>0</difficult>
		<occluded>0</occluded>
		<bndbox>
			<xmin>26</xmin>
			<xmax>168</xmax>
			<ymin>37</ymin>
			<ymax>164</ymax>
		</bndbox>
	</object>
</annotation>
