<annotation>
	<folder></folder>
	<filename>ca44_png.rf.1b71f7585054501b030fd996e2a7173c.jpg</filename>
	<path>ca44_png.rf.1b71f7585054501b030fd996e2a7173c.jpg</path>
	<source>
		<database>roboflow.com</database>
	</source>
	<size>
		<width>512</width>
		<height>512</height>
		<depth>3</depth>
	</size>
	<segmented>0</segmented>
	<object>
		<name>ca</name>
		<pose>Unspecified</pose>
		<truncated>0</truncated>
		<difficult>0</difficult>
		<occluded>0</occluded>
		<bndbox>
			<xmin>30</xmin>
			<xmax>170</xmax>
			<ymin>35</ymin>
			<ymax>160</ymax>
		</bndbox>
	</object>
</annotation>
