<annotation>
	<folder></folder>
	<filename>ca45_png.rf.9440799eaf7bed52db374ba63d5e1933.jpg</filename>
	<path>ca45_png.rf.9440799eaf7bed52db374ba63d5e1933.jpg</path>
	<source>
		<database>roboflow.com</database>
	</source>
	<size>
		<width>512</width>
		<height>512</height>
		<depth>3</depth>
	</size>
	<segmented>0</segmented>
	<object>
		<name>ca</name>
		<pose>Unspecified</pose>
		<truncated>0</truncated>
		<difficult>0</difficult>
		<occluded>0</occluded>
		<bndbox>
			<xmin>122</xmin>
			<xmax>371</xmax>
			<ymin>95</ymin>
			<ymax>245</ymax>
		</bndbox>
	</object>
</annotation>
