<annotation>
	<folder></folder>
	<filename>ca48_png.rf.b7cb9e0a7f7eadfdeb956e74e7443a48.jpg</filename>
	<path>ca48_png.rf.b7cb9e0a7f7eadfdeb956e74e7443a48.jpg</path>
	<source>
		<database>roboflow.com</database>
	</source>
	<size>
		<width>512</width>
		<height>512</height>
		<depth>3</depth>
	</size>
	<segmented>0</segmented>
	<object>
		<name>ca</name>
		<pose>Unspecified</pose>
		<truncated>0</truncated>
		<difficult>0</difficult>
		<occluded>0</occluded>
		<bndbox>
			<xmin>54</xmin>
			<xmax>380</xmax>
			<ymin>42</ymin>
			<ymax>253</ymax>
		</bndbox>
	</object>
</annotation>
