<annotation>
	<folder></folder>
	<filename>ca48_png.rf.5e7edd90eb5709d21ff0d02d40fe1652.jpg</filename>
	<path>ca48_png.rf.5e7edd90eb5709d21ff0d02d40fe1652.jpg</path>
	<source>
		<database>roboflow.com</database>
	</source>
	<size>
		<width>512</width>
		<height>512</height>
		<depth>3</depth>
	</size>
	<segmented>0</segmented>
	<object>
		<name>ca</name>
		<pose>Unspecified</pose>
		<truncated>0</truncated>
		<difficult>0</difficult>
		<occluded>0</occluded>
		<bndbox>
			<xmin>58</xmin>
			<xmax>380</xmax>
			<ymin>45</ymin>
			<ymax>250</ymax>
		</bndbox>
	</object>
</annotation>
