<annotation>
	<folder></folder>
	<filename>ca48_png.rf.0926beaabf8a15f8fe47c56dfe6fec1d.jpg</filename>
	<path>ca48_png.rf.0926beaabf8a15f8fe47c56dfe6fec1d.jpg</path>
	<source>
		<database>roboflow.com</database>
	</source>
	<size>
		<width>512</width>
		<height>512</height>
		<depth>3</depth>
	</size>
	<segmented>0</segmented>
	<object>
		<name>ca</name>
		<pose>Unspecified</pose>
		<truncated>0</truncated>
		<difficult>0</difficult>
		<occluded>0</occluded>
		<bndbox>
			<xmin>51</xmin>
			<xmax>380</xmax>
			<ymin>41</ymin>
			<ymax>257</ymax>
		</bndbox>
	</object>
</annotation>
