<annotation>
	<folder></folder>
	<filename>ca49_png.rf.e918bdb71236d303ba11a0116663cad5.jpg</filename>
	<path>ca49_png.rf.e918bdb71236d303ba11a0116663cad5.jpg</path>
	<source>
		<database>roboflow.com</database>
	</source>
	<size>
		<width>512</width>
		<height>512</height>
		<depth>3</depth>
	</size>
	<segmented>0</segmented>
	<object>
		<name>ca</name>
		<pose>Unspecified</pose>
		<truncated>0</truncated>
		<difficult>0</difficult>
		<occluded>0</occluded>
		<bndbox>
			<xmin>119</xmin>
			<xmax>354</xmax>
			<ymin>32</ymin>
			<ymax>249</ymax>
		</bndbox>
	</object>
</annotation>
