<annotation>
	<folder></folder>
	<filename>ca4_png.rf.02d9b2ec73fdc3e0b8391b2255d4b7a1.jpg</filename>
	<path>ca4_png.rf.02d9b2ec73fdc3e0b8391b2255d4b7a1.jpg</path>
	<source>
		<database>roboflow.com</database>
	</source>
	<size>
		<width>512</width>
		<height>512</height>
		<depth>3</depth>
	</size>
	<segmented>0</segmented>
	<object>
		<name>ca</name>
		<pose>Unspecified</pose>
		<truncated>0</truncated>
		<difficult>0</difficult>
		<occluded>0</occluded>
		<bndbox>
			<xmin>99</xmin>
			<xmax>457</xmax>
			<ymin>14</ymin>
			<ymax>255</ymax>
		</bndbox>
	</object>
</annotation>
