<annotation>
	<folder></folder>
	<filename>ca4_png.rf.9fb09a1ffc971f8c5d740b97d7085b19.jpg</filename>
	<path>ca4_png.rf.9fb09a1ffc971f8c5d740b97d7085b19.jpg</path>
	<source>
		<database>roboflow.com</database>
	</source>
	<size>
		<width>512</width>
		<height>512</height>
		<depth>3</depth>
	</size>
	<segmented>0</segmented>
	<object>
		<name>ca</name>
		<pose>Unspecified</pose>
		<truncated>0</truncated>
		<difficult>0</difficult>
		<occluded>0</occluded>
		<bndbox>
			<xmin>99</xmin>
			<xmax>453</xmax>
			<ymin>17</ymin>
			<ymax>252</ymax>
		</bndbox>
	</object>
</annotation>
