<annotation>
	<folder></folder>
	<filename>ca4_png.rf.d9952b4629d0393cfde5ed06098692ad.jpg</filename>
	<path>ca4_png.rf.d9952b4629d0393cfde5ed06098692ad.jpg</path>
	<source>
		<database>roboflow.com</database>
	</source>
	<size>
		<width>512</width>
		<height>512</height>
		<depth>3</depth>
	</size>
	<segmented>0</segmented>
	<object>
		<name>ca</name>
		<pose>Unspecified</pose>
		<truncated>0</truncated>
		<difficult>0</difficult>
		<occluded>0</occluded>
		<bndbox>
			<xmin>100</xmin>
			<xmax>470</xmax>
			<ymin>6</ymin>
			<ymax>265</ymax>
		</bndbox>
	</object>
</annotation>
