<annotation>
	<folder></folder>
	<filename>ca50_png.rf.dc2dd32ed7d548990f2907e0dd21663f.jpg</filename>
	<path>ca50_png.rf.dc2dd32ed7d548990f2907e0dd21663f.jpg</path>
	<source>
		<database>roboflow.com</database>
	</source>
	<size>
		<width>512</width>
		<height>512</height>
		<depth>3</depth>
	</size>
	<segmented>0</segmented>
	<object>
		<name>ca</name>
		<pose>Unspecified</pose>
		<truncated>0</truncated>
		<difficult>0</difficult>
		<occluded>0</occluded>
		<bndbox>
			<xmin>125</xmin>
			<xmax>411</xmax>
			<ymin>58</ymin>
			<ymax>282</ymax>
		</bndbox>
	</object>
</annotation>
