<annotation>
	<folder></folder>
	<filename>ca50_png.rf.17a4b2190a39c88bd9c9c2986276cf0c.jpg</filename>
	<path>ca50_png.rf.17a4b2190a39c88bd9c9c2986276cf0c.jpg</path>
	<source>
		<database>roboflow.com</database>
	</source>
	<size>
		<width>512</width>
		<height>512</height>
		<depth>3</depth>
	</size>
	<segmented>0</segmented>
	<object>
		<name>ca</name>
		<pose>Unspecified</pose>
		<truncated>0</truncated>
		<difficult>0</difficult>
		<occluded>0</occluded>
		<bndbox>
			<xmin>118</xmin>
			<xmax>412</xmax>
			<ymin>53</ymin>
			<ymax>287</ymax>
		</bndbox>
	</object>
</annotation>
