<annotation>
	<folder></folder>
	<filename>ca50_png.rf.a3f173bf73a4d084851a42735df8881b.jpg</filename>
	<path>ca50_png.rf.a3f173bf73a4d084851a42735df8881b.jpg</path>
	<source>
		<database>roboflow.com</database>
	</source>
	<size>
		<width>512</width>
		<height>512</height>
		<depth>3</depth>
	</size>
	<segmented>0</segmented>
	<object>
		<name>ca</name>
		<pose>Unspecified</pose>
		<truncated>0</truncated>
		<difficult>0</difficult>
		<occluded>0</occluded>
		<bndbox>
			<xmin>112</xmin>
			<xmax>413</xmax>
			<ymin>48</ymin>
			<ymax>291</ymax>
		</bndbox>
	</object>
</annotation>
