<annotation>
	<folder></folder>
	<filename>ca51_png.rf.531b0f9f597bed8d5d57102bf20d3d9f.jpg</filename>
	<path>ca51_png.rf.531b0f9f597bed8d5d57102bf20d3d9f.jpg</path>
	<source>
		<database>roboflow.com</database>
	</source>
	<size>
		<width>512</width>
		<height>512</height>
		<depth>3</depth>
	</size>
	<segmented>0</segmented>
	<object>
		<name>ca</name>
		<pose>Unspecified</pose>
		<truncated>0</truncated>
		<difficult>0</difficult>
		<occluded>0</occluded>
		<bndbox>
			<xmin>142</xmin>
			<xmax>379</xmax>
			<ymin>55</ymin>
			<ymax>245</ymax>
		</bndbox>
	</object>
</annotation>
