<annotation>
	<folder></folder>
	<filename>ca51_png.rf.018f77278789919b3e6da510c24e1138.jpg</filename>
	<path>ca51_png.rf.018f77278789919b3e6da510c24e1138.jpg</path>
	<source>
		<database>roboflow.com</database>
	</source>
	<size>
		<width>512</width>
		<height>512</height>
		<depth>3</depth>
	</size>
	<segmented>0</segmented>
	<object>
		<name>ca</name>
		<pose>Unspecified</pose>
		<truncated>0</truncated>
		<difficult>0</difficult>
		<occluded>0</occluded>
		<bndbox>
			<xmin>142</xmin>
			<xmax>389</xmax>
			<ymin>50</ymin>
			<ymax>252</ymax>
		</bndbox>
	</object>
</annotation>
