<annotation>
	<folder></folder>
	<filename>ca52_png.rf.89ee4bb7f57288d47e374c0989ebba49.jpg</filename>
	<path>ca52_png.rf.89ee4bb7f57288d47e374c0989ebba49.jpg</path>
	<source>
		<database>roboflow.com</database>
	</source>
	<size>
		<width>512</width>
		<height>512</height>
		<depth>3</depth>
	</size>
	<segmented>0</segmented>
	<object>
		<name>ca</name>
		<pose>Unspecified</pose>
		<truncated>0</truncated>
		<difficult>0</difficult>
		<occluded>0</occluded>
		<bndbox>
			<xmin>180</xmin>
			<xmax>428</xmax>
			<ymin>70</ymin>
			<ymax>276</ymax>
		</bndbox>
	</object>
</annotation>
