<annotation>
	<folder></folder>
	<filename>ca52_png.rf.3de39901d06c60bae887d499234e5741.jpg</filename>
	<path>ca52_png.rf.3de39901d06c60bae887d499234e5741.jpg</path>
	<source>
		<database>roboflow.com</database>
	</source>
	<size>
		<width>512</width>
		<height>512</height>
		<depth>3</depth>
	</size>
	<segmented>0</segmented>
	<object>
		<name>ca</name>
		<pose>Unspecified</pose>
		<truncated>0</truncated>
		<difficult>0</difficult>
		<occluded>0</occluded>
		<bndbox>
			<xmin>183</xmin>
			<xmax>428</xmax>
			<ymin>73</ymin>
			<ymax>275</ymax>
		</bndbox>
	</object>
</annotation>
