<annotation>
	<folder></folder>
	<filename>ca54_png.rf.a48427a8d8d205e812f07b4014691093.jpg</filename>
	<path>ca54_png.rf.a48427a8d8d205e812f07b4014691093.jpg</path>
	<source>
		<database>roboflow.com</database>
	</source>
	<size>
		<width>512</width>
		<height>512</height>
		<depth>3</depth>
	</size>
	<segmented>0</segmented>
	<object>
		<name>ca</name>
		<pose>Unspecified</pose>
		<truncated>0</truncated>
		<difficult>0</difficult>
		<occluded>0</occluded>
		<bndbox>
			<xmin>143</xmin>
			<xmax>394</xmax>
			<ymin>55</ymin>
			<ymax>246</ymax>
		</bndbox>
	</object>
</annotation>
