<annotation>
	<folder></folder>
	<filename>ca54_png.rf.d99be55001a5dcf4a195cf13b487f631.jpg</filename>
	<path>ca54_png.rf.d99be55001a5dcf4a195cf13b487f631.jpg</path>
	<source>
		<database>roboflow.com</database>
	</source>
	<size>
		<width>512</width>
		<height>512</height>
		<depth>3</depth>
	</size>
	<segmented>0</segmented>
	<object>
		<name>ca</name>
		<pose>Unspecified</pose>
		<truncated>0</truncated>
		<difficult>0</difficult>
		<occluded>0</occluded>
		<bndbox>
			<xmin>157</xmin>
			<xmax>399</xmax>
			<ymin>62</ymin>
			<ymax>241</ymax>
		</bndbox>
	</object>
</annotation>
