<annotation>
	<folder></folder>
	<filename>ca54_png.rf.b602d3c3e3641ca06e9687d495242de0.jpg</filename>
	<path>ca54_png.rf.b602d3c3e3641ca06e9687d495242de0.jpg</path>
	<source>
		<database>roboflow.com</database>
	</source>
	<size>
		<width>512</width>
		<height>512</height>
		<depth>3</depth>
	</size>
	<segmented>0</segmented>
	<object>
		<name>ca</name>
		<pose>Unspecified</pose>
		<truncated>0</truncated>
		<difficult>0</difficult>
		<occluded>0</occluded>
		<bndbox>
			<xmin>157</xmin>
			<xmax>396</xmax>
			<ymin>64</ymin>
			<ymax>239</ymax>
		</bndbox>
	</object>
</annotation>
