<annotation>
	<folder></folder>
	<filename>ca55_png.rf.b6ba17faeb5a25b2b63b6a2f39742b31.jpg</filename>
	<path>ca55_png.rf.b6ba17faeb5a25b2b63b6a2f39742b31.jpg</path>
	<source>
		<database>roboflow.com</database>
	</source>
	<size>
		<width>512</width>
		<height>512</height>
		<depth>3</depth>
	</size>
	<segmented>0</segmented>
	<object>
		<name>ca</name>
		<pose>Unspecified</pose>
		<truncated>0</truncated>
		<difficult>0</difficult>
		<occluded>0</occluded>
		<bndbox>
			<xmin>72</xmin>
			<xmax>424</xmax>
			<ymin>17</ymin>
			<ymax>269</ymax>
		</bndbox>
	</object>
</annotation>
