<annotation>
	<folder></folder>
	<filename>ca55_png.rf.71ff8fd04db9e9091a2cef80f2c45cf2.jpg</filename>
	<path>ca55_png.rf.71ff8fd04db9e9091a2cef80f2c45cf2.jpg</path>
	<source>
		<database>roboflow.com</database>
	</source>
	<size>
		<width>512</width>
		<height>512</height>
		<depth>3</depth>
	</size>
	<segmented>0</segmented>
	<object>
		<name>ca</name>
		<pose>Unspecified</pose>
		<truncated>0</truncated>
		<difficult>0</difficult>
		<occluded>0</occluded>
		<bndbox>
			<xmin>72</xmin>
			<xmax>416</xmax>
			<ymin>23</ymin>
			<ymax>263</ymax>
		</bndbox>
	</object>
</annotation>
