<annotation>
	<folder></folder>
	<filename>ca56_png.rf.8af3a3b4236e941434228a7a35f2fce1.jpg</filename>
	<path>ca56_png.rf.8af3a3b4236e941434228a7a35f2fce1.jpg</path>
	<source>
		<database>roboflow.com</database>
	</source>
	<size>
		<width>512</width>
		<height>512</height>
		<depth>3</depth>
	</size>
	<segmented>0</segmented>
	<object>
		<name>ca</name>
		<pose>Unspecified</pose>
		<truncated>0</truncated>
		<difficult>0</difficult>
		<occluded>0</occluded>
		<bndbox>
			<xmin>96</xmin>
			<xmax>427</xmax>
			<ymin>49</ymin>
			<ymax>268</ymax>
		</bndbox>
	</object>
</annotation>
