<annotation>
	<folder></folder>
	<filename>ca56_png.rf.ac8b033373bbec2f0555b5cca5e2880a.jpg</filename>
	<path>ca56_png.rf.ac8b033373bbec2f0555b5cca5e2880a.jpg</path>
	<source>
		<database>roboflow.com</database>
	</source>
	<size>
		<width>512</width>
		<height>512</height>
		<depth>3</depth>
	</size>
	<segmented>0</segmented>
	<object>
		<name>ca</name>
		<pose>Unspecified</pose>
		<truncated>0</truncated>
		<difficult>0</difficult>
		<occluded>0</occluded>
		<bndbox>
			<xmin>82</xmin>
			<xmax>427</xmax>
			<ymin>37</ymin>
			<ymax>279</ymax>
		</bndbox>
	</object>
</annotation>
