<annotation>
	<folder></folder>
	<filename>ca56_png.rf.898b1117b490cd849d7e2e36758f2733.jpg</filename>
	<path>ca56_png.rf.898b1117b490cd849d7e2e36758f2733.jpg</path>
	<source>
		<database>roboflow.com</database>
	</source>
	<size>
		<width>512</width>
		<height>512</height>
		<depth>3</depth>
	</size>
	<segmented>0</segmented>
	<object>
		<name>ca</name>
		<pose>Unspecified</pose>
		<truncated>0</truncated>
		<difficult>0</difficult>
		<occluded>0</occluded>
		<bndbox>
			<xmin>78</xmin>
			<xmax>427</xmax>
			<ymin>35</ymin>
			<ymax>282</ymax>
		</bndbox>
	</object>
</annotation>
