<annotation>
	<folder></folder>
	<filename>ca57_png.rf.05c0751dd6f2554d59bce45a1d0620ca.jpg</filename>
	<path>ca57_png.rf.05c0751dd6f2554d59bce45a1d0620ca.jpg</path>
	<source>
		<database>roboflow.com</database>
	</source>
	<size>
		<width>512</width>
		<height>512</height>
		<depth>3</depth>
	</size>
	<segmented>0</segmented>
	<object>
		<name>ca</name>
		<pose>Unspecified</pose>
		<truncated>0</truncated>
		<difficult>0</difficult>
		<occluded>0</occluded>
		<bndbox>
			<xmin>97</xmin>
			<xmax>434</xmax>
			<ymin>29</ymin>
			<ymax>266</ymax>
		</bndbox>
	</object>
</annotation>
