<annotation>
	<folder></folder>
	<filename>ca57_png.rf.7c568c258f99bdae4e65fcbe7afe95e4.jpg</filename>
	<path>ca57_png.rf.7c568c258f99bdae4e65fcbe7afe95e4.jpg</path>
	<source>
		<database>roboflow.com</database>
	</source>
	<size>
		<width>512</width>
		<height>512</height>
		<depth>3</depth>
	</size>
	<segmented>0</segmented>
	<object>
		<name>ca</name>
		<pose>Unspecified</pose>
		<truncated>0</truncated>
		<difficult>0</difficult>
		<occluded>0</occluded>
		<bndbox>
			<xmin>97</xmin>
			<xmax>453</xmax>
			<ymin>16</ymin>
			<ymax>281</ymax>
		</bndbox>
	</object>
</annotation>
