<annotation>
	<folder></folder>
	<filename>ca57_png.rf.7e308dad50bfdcc68693d73ded5cd2f5.jpg</filename>
	<path>ca57_png.rf.7e308dad50bfdcc68693d73ded5cd2f5.jpg</path>
	<source>
		<database>roboflow.com</database>
	</source>
	<size>
		<width>512</width>
		<height>512</height>
		<depth>3</depth>
	</size>
	<segmented>0</segmented>
	<object>
		<name>ca</name>
		<pose>Unspecified</pose>
		<truncated>0</truncated>
		<difficult>0</difficult>
		<occluded>0</occluded>
		<bndbox>
			<xmin>96</xmin>
			<xmax>445</xmax>
			<ymin>21</ymin>
			<ymax>275</ymax>
		</bndbox>
	</object>
</annotation>
