<annotation>
	<folder></folder>
	<filename>ca58_png.rf.28c675df008490af03fef75e0fa034d3.jpg</filename>
	<path>ca58_png.rf.28c675df008490af03fef75e0fa034d3.jpg</path>
	<source>
		<database>roboflow.com</database>
	</source>
	<size>
		<width>512</width>
		<height>512</height>
		<depth>3</depth>
	</size>
	<segmented>0</segmented>
	<object>
		<name>ca</name>
		<pose>Unspecified</pose>
		<truncated>0</truncated>
		<difficult>0</difficult>
		<occluded>0</occluded>
		<bndbox>
			<xmin>152</xmin>
			<xmax>385</xmax>
			<ymin>61</ymin>
			<ymax>221</ymax>
		</bndbox>
	</object>
</annotation>
