<annotation>
	<folder></folder>
	<filename>ca58_png.rf.86f86872574c8f272fa31fcbc08797ac.jpg</filename>
	<path>ca58_png.rf.86f86872574c8f272fa31fcbc08797ac.jpg</path>
	<source>
		<database>roboflow.com</database>
	</source>
	<size>
		<width>512</width>
		<height>512</height>
		<depth>3</depth>
	</size>
	<segmented>0</segmented>
	<object>
		<name>ca</name>
		<pose>Unspecified</pose>
		<truncated>0</truncated>
		<difficult>0</difficult>
		<occluded>0</occluded>
		<bndbox>
			<xmin>148</xmin>
			<xmax>384</xmax>
			<ymin>59</ymin>
			<ymax>223</ymax>
		</bndbox>
	</object>
</annotation>
