<annotation>
	<folder></folder>
	<filename>ca58_png.rf.d4ca0b3d20218bae9548371c836a8f92.jpg</filename>
	<path>ca58_png.rf.d4ca0b3d20218bae9548371c836a8f92.jpg</path>
	<source>
		<database>roboflow.com</database>
	</source>
	<size>
		<width>512</width>
		<height>512</height>
		<depth>3</depth>
	</size>
	<segmented>0</segmented>
	<object>
		<name>ca</name>
		<pose>Unspecified</pose>
		<truncated>0</truncated>
		<difficult>0</difficult>
		<occluded>0</occluded>
		<bndbox>
			<xmin>154</xmin>
			<xmax>398</xmax>
			<ymin>54</ymin>
			<ymax>230</ymax>
		</bndbox>
	</object>
</annotation>
