<annotation>
	<folder></folder>
	<filename>ca59_png.rf.052b948a62e735f66d45d07c437dbbf2.jpg</filename>
	<path>ca59_png.rf.052b948a62e735f66d45d07c437dbbf2.jpg</path>
	<source>
		<database>roboflow.com</database>
	</source>
	<size>
		<width>512</width>
		<height>512</height>
		<depth>3</depth>
	</size>
	<segmented>0</segmented>
	<object>
		<name>ca</name>
		<pose>Unspecified</pose>
		<truncated>0</truncated>
		<difficult>0</difficult>
		<occluded>0</occluded>
		<bndbox>
			<xmin>140</xmin>
			<xmax>408</xmax>
			<ymin>57</ymin>
			<ymax>281</ymax>
		</bndbox>
	</object>
</annotation>
