<annotation>
	<folder></folder>
	<filename>ca59_png.rf.667935f9efc0ac151e6684b633537fb0.jpg</filename>
	<path>ca59_png.rf.667935f9efc0ac151e6684b633537fb0.jpg</path>
	<source>
		<database>roboflow.com</database>
	</source>
	<size>
		<width>512</width>
		<height>512</height>
		<depth>3</depth>
	</size>
	<segmented>0</segmented>
	<object>
		<name>ca</name>
		<pose>Unspecified</pose>
		<truncated>0</truncated>
		<difficult>0</difficult>
		<occluded>0</occluded>
		<bndbox>
			<xmin>153</xmin>
			<xmax>407</xmax>
			<ymin>67</ymin>
			<ymax>274</ymax>
		</bndbox>
	</object>
</annotation>
