<annotation>
	<folder></folder>
	<filename>ca5_png.rf.229c632d1e29500bc885bfe24865dbd4.jpg</filename>
	<path>ca5_png.rf.229c632d1e29500bc885bfe24865dbd4.jpg</path>
	<source>
		<database>roboflow.com</database>
	</source>
	<size>
		<width>512</width>
		<height>512</height>
		<depth>3</depth>
	</size>
	<segmented>0</segmented>
	<object>
		<name>ca</name>
		<pose>Unspecified</pose>
		<truncated>0</truncated>
		<difficult>0</difficult>
		<occluded>0</occluded>
		<bndbox>
			<xmin>55</xmin>
			<xmax>425</xmax>
			<ymin>59</ymin>
			<ymax>310</ymax>
		</bndbox>
	</object>
</annotation>
