<annotation>
	<folder></folder>
	<filename>ca5_png.rf.045419e2e8ce205bd9b4372adffe85c7.jpg</filename>
	<path>ca5_png.rf.045419e2e8ce205bd9b4372adffe85c7.jpg</path>
	<source>
		<database>roboflow.com</database>
	</source>
	<size>
		<width>512</width>
		<height>512</height>
		<depth>3</depth>
	</size>
	<segmented>0</segmented>
	<object>
		<name>ca</name>
		<pose>Unspecified</pose>
		<truncated>0</truncated>
		<difficult>0</difficult>
		<occluded>0</occluded>
		<bndbox>
			<xmin>73</xmin>
			<xmax>422</xmax>
			<ymin>75</ymin>
			<ymax>291</ymax>
		</bndbox>
	</object>
</annotation>
