<annotation>
	<folder></folder>
	<filename>ca60_png.rf.b4e9a6981391efc1c3386b418c4e3838.jpg</filename>
	<path>ca60_png.rf.b4e9a6981391efc1c3386b418c4e3838.jpg</path>
	<source>
		<database>roboflow.com</database>
	</source>
	<size>
		<width>512</width>
		<height>512</height>
		<depth>3</depth>
	</size>
	<segmented>0</segmented>
	<object>
		<name>ca</name>
		<pose>Unspecified</pose>
		<truncated>0</truncated>
		<difficult>0</difficult>
		<occluded>0</occluded>
		<bndbox>
			<xmin>87</xmin>
			<xmax>389</xmax>
			<ymin>52</ymin>
			<ymax>311</ymax>
		</bndbox>
	</object>
</annotation>
