<annotation>
	<folder></folder>
	<filename>ca60_png.rf.f5293e49ee65705614e5ffa3983242ab.jpg</filename>
	<path>ca60_png.rf.f5293e49ee65705614e5ffa3983242ab.jpg</path>
	<source>
		<database>roboflow.com</database>
	</source>
	<size>
		<width>512</width>
		<height>512</height>
		<depth>3</depth>
	</size>
	<segmented>0</segmented>
	<object>
		<name>ca</name>
		<pose>Unspecified</pose>
		<truncated>0</truncated>
		<difficult>0</difficult>
		<occluded>0</occluded>
		<bndbox>
			<xmin>85</xmin>
			<xmax>400</xmax>
			<ymin>43</ymin>
			<ymax>317</ymax>
		</bndbox>
	</object>
</annotation>
