<annotation>
	<folder></folder>
	<filename>ca61_png.rf.6b8a77ef545bd55a58bb2176770dd8b2.jpg</filename>
	<path>ca61_png.rf.6b8a77ef545bd55a58bb2176770dd8b2.jpg</path>
	<source>
		<database>roboflow.com</database>
	</source>
	<size>
		<width>512</width>
		<height>512</height>
		<depth>3</depth>
	</size>
	<segmented>0</segmented>
	<object>
		<name>ca</name>
		<pose>Unspecified</pose>
		<truncated>0</truncated>
		<difficult>0</difficult>
		<occluded>0</occluded>
		<bndbox>
			<xmin>70</xmin>
			<xmax>319</xmax>
			<ymin>52</ymin>
			<ymax>245</ymax>
		</bndbox>
	</object>
</annotation>
