<annotation>
	<folder></folder>
	<filename>ca61_png.rf.8b284e3dd5494c0eb32ad73d9a83b75f.jpg</filename>
	<path>ca61_png.rf.8b284e3dd5494c0eb32ad73d9a83b75f.jpg</path>
	<source>
		<database>roboflow.com</database>
	</source>
	<size>
		<width>512</width>
		<height>512</height>
		<depth>3</depth>
	</size>
	<segmented>0</segmented>
	<object>
		<name>ca</name>
		<pose>Unspecified</pose>
		<truncated>0</truncated>
		<difficult>0</difficult>
		<occluded>0</occluded>
		<bndbox>
			<xmin>71</xmin>
			<xmax>323</xmax>
			<ymin>49</ymin>
			<ymax>246</ymax>
		</bndbox>
	</object>
</annotation>
