<annotation>
	<folder></folder>
	<filename>ca61_png.rf.2ac8a4bddc5e3a8278a0179f17b89668.jpg</filename>
	<path>ca61_png.rf.2ac8a4bddc5e3a8278a0179f17b89668.jpg</path>
	<source>
		<database>roboflow.com</database>
	</source>
	<size>
		<width>512</width>
		<height>512</height>
		<depth>3</depth>
	</size>
	<segmented>0</segmented>
	<object>
		<name>ca</name>
		<pose>Unspecified</pose>
		<truncated>0</truncated>
		<difficult>0</difficult>
		<occluded>0</occluded>
		<bndbox>
			<xmin>69</xmin>
			<xmax>306</xmax>
			<ymin>65</ymin>
			<ymax>242</ymax>
		</bndbox>
	</object>
</annotation>
