<annotation>
	<folder></folder>
	<filename>ca62_png.rf.c7bf82cd0bf47e2bedb799bb6182f494.jpg</filename>
	<path>ca62_png.rf.c7bf82cd0bf47e2bedb799bb6182f494.jpg</path>
	<source>
		<database>roboflow.com</database>
	</source>
	<size>
		<width>512</width>
		<height>512</height>
		<depth>3</depth>
	</size>
	<segmented>0</segmented>
	<object>
		<name>ca</name>
		<pose>Unspecified</pose>
		<truncated>0</truncated>
		<difficult>0</difficult>
		<occluded>0</occluded>
		<bndbox>
			<xmin>136</xmin>
			<xmax>395</xmax>
			<ymin>70</ymin>
			<ymax>269</ymax>
		</bndbox>
	</object>
</annotation>
