<annotation>
	<folder></folder>
	<filename>ca62_png.rf.27a2af807a100c83836a4238335390bc.jpg</filename>
	<path>ca62_png.rf.27a2af807a100c83836a4238335390bc.jpg</path>
	<source>
		<database>roboflow.com</database>
	</source>
	<size>
		<width>512</width>
		<height>512</height>
		<depth>3</depth>
	</size>
	<segmented>0</segmented>
	<object>
		<name>ca</name>
		<pose>Unspecified</pose>
		<truncated>0</truncated>
		<difficult>0</difficult>
		<occluded>0</occluded>
		<bndbox>
			<xmin>135</xmin>
			<xmax>407</xmax>
			<ymin>62</ymin>
			<ymax>279</ymax>
		</bndbox>
	</object>
</annotation>
