<annotation>
	<folder></folder>
	<filename>ca63_png.rf.177a1aeb7d283d1d6b37baa9c440f4c6.jpg</filename>
	<path>ca63_png.rf.177a1aeb7d283d1d6b37baa9c440f4c6.jpg</path>
	<source>
		<database>roboflow.com</database>
	</source>
	<size>
		<width>512</width>
		<height>512</height>
		<depth>3</depth>
	</size>
	<segmented>0</segmented>
	<object>
		<name>ca</name>
		<pose>Unspecified</pose>
		<truncated>0</truncated>
		<difficult>0</difficult>
		<occluded>0</occluded>
		<bndbox>
			<xmin>102</xmin>
			<xmax>381</xmax>
			<ymin>42</ymin>
			<ymax>242</ymax>
		</bndbox>
	</object>
</annotation>
