<annotation>
	<folder></folder>
	<filename>ca63_png.rf.e94ff7f5166c57ddf7ec64c7648154c5.jpg</filename>
	<path>ca63_png.rf.e94ff7f5166c57ddf7ec64c7648154c5.jpg</path>
	<source>
		<database>roboflow.com</database>
	</source>
	<size>
		<width>512</width>
		<height>512</height>
		<depth>3</depth>
	</size>
	<segmented>0</segmented>
	<object>
		<name>ca</name>
		<pose>Unspecified</pose>
		<truncated>0</truncated>
		<difficult>0</difficult>
		<occluded>0</occluded>
		<bndbox>
			<xmin>116</xmin>
			<xmax>383</xmax>
			<ymin>50</ymin>
			<ymax>232</ymax>
		</bndbox>
	</object>
</annotation>
