<annotation>
	<folder></folder>
	<filename>ca63_png.rf.221ad19e3eddda573b986914b0245cab.jpg</filename>
	<path>ca63_png.rf.221ad19e3eddda573b986914b0245cab.jpg</path>
	<source>
		<database>roboflow.com</database>
	</source>
	<size>
		<width>512</width>
		<height>512</height>
		<depth>3</depth>
	</size>
	<segmented>0</segmented>
	<object>
		<name>ca</name>
		<pose>Unspecified</pose>
		<truncated>0</truncated>
		<difficult>0</difficult>
		<occluded>0</occluded>
		<bndbox>
			<xmin>118</xmin>
			<xmax>400</xmax>
			<ymin>38</ymin>
			<ymax>243</ymax>
		</bndbox>
	</object>
</annotation>
