<annotation>
	<folder></folder>
	<filename>ca64_png.rf.9e64f438626d3cf7840e2a63105f4c72.jpg</filename>
	<path>ca64_png.rf.9e64f438626d3cf7840e2a63105f4c72.jpg</path>
	<source>
		<database>roboflow.com</database>
	</source>
	<size>
		<width>512</width>
		<height>512</height>
		<depth>3</depth>
	</size>
	<segmented>0</segmented>
	<object>
		<name>ca</name>
		<pose>Unspecified</pose>
		<truncated>0</truncated>
		<difficult>0</difficult>
		<occluded>0</occluded>
		<bndbox>
			<xmin>130</xmin>
			<xmax>416</xmax>
			<ymin>25</ymin>
			<ymax>246</ymax>
		</bndbox>
	</object>
</annotation>
