<annotation>
	<folder></folder>
	<filename>ca64_png.rf.34305c0c9d164b7c7f1869d034e9cace.jpg</filename>
	<path>ca64_png.rf.34305c0c9d164b7c7f1869d034e9cace.jpg</path>
	<source>
		<database>roboflow.com</database>
	</source>
	<size>
		<width>512</width>
		<height>512</height>
		<depth>3</depth>
	</size>
	<segmented>0</segmented>
	<object>
		<name>ca</name>
		<pose>Unspecified</pose>
		<truncated>0</truncated>
		<difficult>0</difficult>
		<occluded>0</occluded>
		<bndbox>
			<xmin>128</xmin>
			<xmax>404</xmax>
			<ymin>32</ymin>
			<ymax>239</ymax>
		</bndbox>
	</object>
</annotation>
