<annotation>
	<folder></folder>
	<filename>ca64_png.rf.d4519ef4780e0214d6769446192a9e2e.jpg</filename>
	<path>ca64_png.rf.d4519ef4780e0214d6769446192a9e2e.jpg</path>
	<source>
		<database>roboflow.com</database>
	</source>
	<size>
		<width>512</width>
		<height>512</height>
		<depth>3</depth>
	</size>
	<segmented>0</segmented>
	<object>
		<name>ca</name>
		<pose>Unspecified</pose>
		<truncated>0</truncated>
		<difficult>0</difficult>
		<occluded>0</occluded>
		<bndbox>
			<xmin>128</xmin>
			<xmax>408</xmax>
			<ymin>29</ymin>
			<ymax>241</ymax>
		</bndbox>
	</object>
</annotation>
