<annotation>
	<folder></folder>
	<filename>ca65_png.rf.5d4acabae5590805a48b0a52d29b89cc.jpg</filename>
	<path>ca65_png.rf.5d4acabae5590805a48b0a52d29b89cc.jpg</path>
	<source>
		<database>roboflow.com</database>
	</source>
	<size>
		<width>512</width>
		<height>512</height>
		<depth>3</depth>
	</size>
	<segmented>0</segmented>
	<object>
		<name>ca</name>
		<pose>Unspecified</pose>
		<truncated>0</truncated>
		<difficult>0</difficult>
		<occluded>0</occluded>
		<bndbox>
			<xmin>97</xmin>
			<xmax>424</xmax>
			<ymin>7</ymin>
			<ymax>290</ymax>
		</bndbox>
	</object>
</annotation>
