<annotation>
	<folder></folder>
	<filename>ca65_png.rf.9c0ece0afc5f05721c00938578ccb61d.jpg</filename>
	<path>ca65_png.rf.9c0ece0afc5f05721c00938578ccb61d.jpg</path>
	<source>
		<database>roboflow.com</database>
	</source>
	<size>
		<width>512</width>
		<height>512</height>
		<depth>3</depth>
	</size>
	<segmented>0</segmented>
	<object>
		<name>ca</name>
		<pose>Unspecified</pose>
		<truncated>0</truncated>
		<difficult>0</difficult>
		<occluded>0</occluded>
		<bndbox>
			<xmin>97</xmin>
			<xmax>419</xmax>
			<ymin>10</ymin>
			<ymax>287</ymax>
		</bndbox>
	</object>
</annotation>
