<annotation>
	<folder></folder>
	<filename>ca66_png.rf.72c80f271d8bdaf88dd3cb27ba23899b.jpg</filename>
	<path>ca66_png.rf.72c80f271d8bdaf88dd3cb27ba23899b.jpg</path>
	<source>
		<database>roboflow.com</database>
	</source>
	<size>
		<width>512</width>
		<height>512</height>
		<depth>3</depth>
	</size>
	<segmented>0</segmented>
	<object>
		<name>ca</name>
		<pose>Unspecified</pose>
		<truncated>0</truncated>
		<difficult>0</difficult>
		<occluded>0</occluded>
		<bndbox>
			<xmin>80</xmin>
			<xmax>386</xmax>
			<ymin>105</ymin>
			<ymax>324</ymax>
		</bndbox>
	</object>
</annotation>
