<annotation>
	<folder></folder>
	<filename>ca66_png.rf.67c99bb8286092059b2b9a33b0703ea7.jpg</filename>
	<path>ca66_png.rf.67c99bb8286092059b2b9a33b0703ea7.jpg</path>
	<source>
		<database>roboflow.com</database>
	</source>
	<size>
		<width>512</width>
		<height>512</height>
		<depth>3</depth>
	</size>
	<segmented>0</segmented>
	<object>
		<name>ca</name>
		<pose>Unspecified</pose>
		<truncated>0</truncated>
		<difficult>0</difficult>
		<occluded>0</occluded>
		<bndbox>
			<xmin>70</xmin>
			<xmax>391</xmax>
			<ymin>96</ymin>
			<ymax>336</ymax>
		</bndbox>
	</object>
</annotation>
