<annotation>
	<folder></folder>
	<filename>ca67_png.rf.e7e3d9cc3ebb6978d27378a816dce520.jpg</filename>
	<path>ca67_png.rf.e7e3d9cc3ebb6978d27378a816dce520.jpg</path>
	<source>
		<database>roboflow.com</database>
	</source>
	<size>
		<width>512</width>
		<height>512</height>
		<depth>3</depth>
	</size>
	<segmented>0</segmented>
	<object>
		<name>ca</name>
		<pose>Unspecified</pose>
		<truncated>0</truncated>
		<difficult>0</difficult>
		<occluded>0</occluded>
		<bndbox>
			<xmin>105</xmin>
			<xmax>367</xmax>
			<ymin>108</ymin>
			<ymax>318</ymax>
		</bndbox>
	</object>
</annotation>
