<annotation>
	<folder></folder>
	<filename>ca67_png.rf.992ca8e4bb2660ea47b9164b8180d073.jpg</filename>
	<path>ca67_png.rf.992ca8e4bb2660ea47b9164b8180d073.jpg</path>
	<source>
		<database>roboflow.com</database>
	</source>
	<size>
		<width>512</width>
		<height>512</height>
		<depth>3</depth>
	</size>
	<segmented>0</segmented>
	<object>
		<name>ca</name>
		<pose>Unspecified</pose>
		<truncated>0</truncated>
		<difficult>0</difficult>
		<occluded>0</occluded>
		<bndbox>
			<xmin>101</xmin>
			<xmax>380</xmax>
			<ymin>96</ymin>
			<ymax>328</ymax>
		</bndbox>
	</object>
</annotation>
