<annotation>
	<folder></folder>
	<filename>ca68_png.rf.a44182c1c53d4643744d163e33e81225.jpg</filename>
	<path>ca68_png.rf.a44182c1c53d4643744d163e33e81225.jpg</path>
	<source>
		<database>roboflow.com</database>
	</source>
	<size>
		<width>512</width>
		<height>512</height>
		<depth>3</depth>
	</size>
	<segmented>0</segmented>
	<object>
		<name>ca</name>
		<pose>Unspecified</pose>
		<truncated>0</truncated>
		<difficult>0</difficult>
		<occluded>0</occluded>
		<bndbox>
			<xmin>221</xmin>
			<xmax>471</xmax>
			<ymin>63</ymin>
			<ymax>264</ymax>
		</bndbox>
	</object>
</annotation>
