<annotation>
	<folder></folder>
	<filename>ca68_png.rf.0374cfaa74d64f1af809f4af341dd623.jpg</filename>
	<path>ca68_png.rf.0374cfaa74d64f1af809f4af341dd623.jpg</path>
	<source>
		<database>roboflow.com</database>
	</source>
	<size>
		<width>512</width>
		<height>512</height>
		<depth>3</depth>
	</size>
	<segmented>0</segmented>
	<object>
		<name>ca</name>
		<pose>Unspecified</pose>
		<truncated>0</truncated>
		<difficult>0</difficult>
		<occluded>0</occluded>
		<bndbox>
			<xmin>221</xmin>
			<xmax>461</xmax>
			<ymin>65</ymin>
			<ymax>254</ymax>
		</bndbox>
	</object>
</annotation>
