<annotation>
	<folder></folder>
	<filename>ca69_png.rf.f10d4c0123274838469cca9280b72c68.jpg</filename>
	<path>ca69_png.rf.f10d4c0123274838469cca9280b72c68.jpg</path>
	<source>
		<database>roboflow.com</database>
	</source>
	<size>
		<width>512</width>
		<height>512</height>
		<depth>3</depth>
	</size>
	<segmented>0</segmented>
	<object>
		<name>ca</name>
		<pose>Unspecified</pose>
		<truncated>0</truncated>
		<difficult>0</difficult>
		<occluded>0</occluded>
		<bndbox>
			<xmin>160</xmin>
			<xmax>419</xmax>
			<ymin>36</ymin>
			<ymax>257</ymax>
		</bndbox>
	</object>
</annotation>
