<annotation>
	<folder></folder>
	<filename>ca69_png.rf.9d4b59b5a0809d115777f4e9df57ae26.jpg</filename>
	<path>ca69_png.rf.9d4b59b5a0809d115777f4e9df57ae26.jpg</path>
	<source>
		<database>roboflow.com</database>
	</source>
	<size>
		<width>512</width>
		<height>512</height>
		<depth>3</depth>
	</size>
	<segmented>0</segmented>
	<object>
		<name>ca</name>
		<pose>Unspecified</pose>
		<truncated>0</truncated>
		<difficult>0</difficult>
		<occluded>0</occluded>
		<bndbox>
			<xmin>182</xmin>
			<xmax>435</xmax>
			<ymin>47</ymin>
			<ymax>260</ymax>
		</bndbox>
	</object>
</annotation>
