<annotation>
	<folder></folder>
	<filename>ca69_png.rf.b79901655f1ea1ac02beacdb7d41a569.jpg</filename>
	<path>ca69_png.rf.b79901655f1ea1ac02beacdb7d41a569.jpg</path>
	<source>
		<database>roboflow.com</database>
	</source>
	<size>
		<width>512</width>
		<height>512</height>
		<depth>3</depth>
	</size>
	<segmented>0</segmented>
	<object>
		<name>ca</name>
		<pose>Unspecified</pose>
		<truncated>0</truncated>
		<difficult>0</difficult>
		<occluded>0</occluded>
		<bndbox>
			<xmin>181</xmin>
			<xmax>421</xmax>
			<ymin>52</ymin>
			<ymax>249</ymax>
		</bndbox>
	</object>
</annotation>
