<annotation>
	<folder></folder>
	<filename>ca6_png.rf.330a0713397a9189229c500363ba3046.jpg</filename>
	<path>ca6_png.rf.330a0713397a9189229c500363ba3046.jpg</path>
	<source>
		<database>roboflow.com</database>
	</source>
	<size>
		<width>512</width>
		<height>512</height>
		<depth>3</depth>
	</size>
	<segmented>0</segmented>
	<object>
		<name>ca</name>
		<pose>Unspecified</pose>
		<truncated>0</truncated>
		<difficult>0</difficult>
		<occluded>0</occluded>
		<bndbox>
			<xmin>96</xmin>
			<xmax>466</xmax>
			<ymin>25</ymin>
			<ymax>324</ymax>
		</bndbox>
	</object>
</annotation>
