<annotation>
	<folder></folder>
	<filename>ca6_png.rf.423c05968c0b24dca197b9f7d1795b17.jpg</filename>
	<path>ca6_png.rf.423c05968c0b24dca197b9f7d1795b17.jpg</path>
	<source>
		<database>roboflow.com</database>
	</source>
	<size>
		<width>512</width>
		<height>512</height>
		<depth>3</depth>
	</size>
	<segmented>0</segmented>
	<object>
		<name>ca</name>
		<pose>Unspecified</pose>
		<truncated>0</truncated>
		<difficult>0</difficult>
		<occluded>0</occluded>
		<bndbox>
			<xmin>98</xmin>
			<xmax>454</xmax>
			<ymin>33</ymin>
			<ymax>314</ymax>
		</bndbox>
	</object>
</annotation>
