<annotation>
	<folder></folder>
	<filename>ca6_png.rf.1bd1e051f780b2c6c0be8f7f15ceafae.jpg</filename>
	<path>ca6_png.rf.1bd1e051f780b2c6c0be8f7f15ceafae.jpg</path>
	<source>
		<database>roboflow.com</database>
	</source>
	<size>
		<width>512</width>
		<height>512</height>
		<depth>3</depth>
	</size>
	<segmented>0</segmented>
	<object>
		<name>ca</name>
		<pose>Unspecified</pose>
		<truncated>0</truncated>
		<difficult>0</difficult>
		<occluded>0</occluded>
		<bndbox>
			<xmin>94</xmin>
			<xmax>455</xmax>
			<ymin>29</ymin>
			<ymax>316</ymax>
		</bndbox>
	</object>
</annotation>
