<annotation>
	<folder></folder>
	<filename>ca70_png.rf.d21c198730f10726ede4c8c1ae02efb2.jpg</filename>
	<path>ca70_png.rf.d21c198730f10726ede4c8c1ae02efb2.jpg</path>
	<source>
		<database>roboflow.com</database>
	</source>
	<size>
		<width>512</width>
		<height>512</height>
		<depth>3</depth>
	</size>
	<segmented>0</segmented>
	<object>
		<name>ca</name>
		<pose>Unspecified</pose>
		<truncated>0</truncated>
		<difficult>0</difficult>
		<occluded>0</occluded>
		<bndbox>
			<xmin>105</xmin>
			<xmax>371</xmax>
			<ymin>42</ymin>
			<ymax>241</ymax>
		</bndbox>
	</object>
</annotation>
