<annotation>
	<folder></folder>
	<filename>ca70_png.rf.a7198b6fea853be958c83ce28ab4490c.jpg</filename>
	<path>ca70_png.rf.a7198b6fea853be958c83ce28ab4490c.jpg</path>
	<source>
		<database>roboflow.com</database>
	</source>
	<size>
		<width>512</width>
		<height>512</height>
		<depth>3</depth>
	</size>
	<segmented>0</segmented>
	<object>
		<name>ca</name>
		<pose>Unspecified</pose>
		<truncated>0</truncated>
		<difficult>0</difficult>
		<occluded>0</occluded>
		<bndbox>
			<xmin>107</xmin>
			<xmax>389</xmax>
			<ymin>30</ymin>
			<ymax>251</ymax>
		</bndbox>
	</object>
</annotation>
