<annotation>
	<folder></folder>
	<filename>ca70_png.rf.736f7889baecc714ef86cacf051746ce.jpg</filename>
	<path>ca70_png.rf.736f7889baecc714ef86cacf051746ce.jpg</path>
	<source>
		<database>roboflow.com</database>
	</source>
	<size>
		<width>512</width>
		<height>512</height>
		<depth>3</depth>
	</size>
	<segmented>0</segmented>
	<object>
		<name>ca</name>
		<pose>Unspecified</pose>
		<truncated>0</truncated>
		<difficult>0</difficult>
		<occluded>0</occluded>
		<bndbox>
			<xmin>106</xmin>
			<xmax>375</xmax>
			<ymin>39</ymin>
			<ymax>243</ymax>
		</bndbox>
	</object>
</annotation>
