<annotation>
	<folder></folder>
	<filename>ca71_png.rf.a1b7a45d051e243134aef9967b3a3761.jpg</filename>
	<path>ca71_png.rf.a1b7a45d051e243134aef9967b3a3761.jpg</path>
	<source>
		<database>roboflow.com</database>
	</source>
	<size>
		<width>512</width>
		<height>512</height>
		<depth>3</depth>
	</size>
	<segmented>0</segmented>
	<object>
		<name>ca</name>
		<pose>Unspecified</pose>
		<truncated>0</truncated>
		<difficult>0</difficult>
		<occluded>0</occluded>
		<bndbox>
			<xmin>86</xmin>
			<xmax>380</xmax>
			<ymin>50</ymin>
			<ymax>288</ymax>
		</bndbox>
	</object>
</annotation>
