<annotation>
	<folder></folder>
	<filename>ca71_png.rf.674f13902ce9d4ed5d972878ae836c07.jpg</filename>
	<path>ca71_png.rf.674f13902ce9d4ed5d972878ae836c07.jpg</path>
	<source>
		<database>roboflow.com</database>
	</source>
	<size>
		<width>512</width>
		<height>512</height>
		<depth>3</depth>
	</size>
	<segmented>0</segmented>
	<object>
		<name>ca</name>
		<pose>Unspecified</pose>
		<truncated>0</truncated>
		<difficult>0</difficult>
		<occluded>0</occluded>
		<bndbox>
			<xmin>103</xmin>
			<xmax>379</xmax>
			<ymin>60</ymin>
			<ymax>275</ymax>
		</bndbox>
	</object>
</annotation>
