<annotation>
	<folder></folder>
	<filename>ca72_png.rf.3f8148853fa5467628b231ff0d14bb5e.jpg</filename>
	<path>ca72_png.rf.3f8148853fa5467628b231ff0d14bb5e.jpg</path>
	<source>
		<database>roboflow.com</database>
	</source>
	<size>
		<width>512</width>
		<height>512</height>
		<depth>3</depth>
	</size>
	<segmented>0</segmented>
	<object>
		<name>ca</name>
		<pose>Unspecified</pose>
		<truncated>0</truncated>
		<difficult>0</difficult>
		<occluded>0</occluded>
		<bndbox>
			<xmin>109</xmin>
			<xmax>306</xmax>
			<ymin>52</ymin>
			<ymax>232</ymax>
		</bndbox>
	</object>
</annotation>
