<annotation>
	<folder></folder>
	<filename>ca73_png.rf.4dd843b280fe55cbd91c58e221bae01a.jpg</filename>
	<path>ca73_png.rf.4dd843b280fe55cbd91c58e221bae01a.jpg</path>
	<source>
		<database>roboflow.com</database>
	</source>
	<size>
		<width>512</width>
		<height>512</height>
		<depth>3</depth>
	</size>
	<segmented>0</segmented>
	<object>
		<name>ca</name>
		<pose>Unspecified</pose>
		<truncated>0</truncated>
		<difficult>0</difficult>
		<occluded>0</occluded>
		<bndbox>
			<xmin>141</xmin>
			<xmax>383</xmax>
			<ymin>60</ymin>
			<ymax>239</ymax>
		</bndbox>
	</object>
</annotation>
