<annotation>
	<folder></folder>
	<filename>ca73_png.rf.9ccb8d0ab32b345a66a193681742d1bb.jpg</filename>
	<path>ca73_png.rf.9ccb8d0ab32b345a66a193681742d1bb.jpg</path>
	<source>
		<database>roboflow.com</database>
	</source>
	<size>
		<width>512</width>
		<height>512</height>
		<depth>3</depth>
	</size>
	<segmented>0</segmented>
	<object>
		<name>ca</name>
		<pose>Unspecified</pose>
		<truncated>0</truncated>
		<difficult>0</difficult>
		<occluded>0</occluded>
		<bndbox>
			<xmin>145</xmin>
			<xmax>384</xmax>
			<ymin>62</ymin>
			<ymax>237</ymax>
		</bndbox>
	</object>
</annotation>
