<annotation>
	<folder></folder>
	<filename>ca73_png.rf.940652ea2fc5527f476ca92886b1b468.jpg</filename>
	<path>ca73_png.rf.940652ea2fc5527f476ca92886b1b468.jpg</path>
	<source>
		<database>roboflow.com</database>
	</source>
	<size>
		<width>512</width>
		<height>512</height>
		<depth>3</depth>
	</size>
	<segmented>0</segmented>
	<object>
		<name>ca</name>
		<pose>Unspecified</pose>
		<truncated>0</truncated>
		<difficult>0</difficult>
		<occluded>0</occluded>
		<bndbox>
			<xmin>146</xmin>
			<xmax>391</xmax>
			<ymin>58</ymin>
			<ymax>241</ymax>
		</bndbox>
	</object>
</annotation>
