<annotation>
	<folder></folder>
	<filename>ca74_png.rf.d53d22cd70f69a1c91f80901aebf1513.jpg</filename>
	<path>ca74_png.rf.d53d22cd70f69a1c91f80901aebf1513.jpg</path>
	<source>
		<database>roboflow.com</database>
	</source>
	<size>
		<width>512</width>
		<height>512</height>
		<depth>3</depth>
	</size>
	<segmented>0</segmented>
	<object>
		<name>ca</name>
		<pose>Unspecified</pose>
		<truncated>0</truncated>
		<difficult>0</difficult>
		<occluded>0</occluded>
		<bndbox>
			<xmin>29</xmin>
			<xmax>432</xmax>
			<ymin>1</ymin>
			<ymax>275</ymax>
		</bndbox>
	</object>
</annotation>
