<annotation>
	<folder></folder>
	<filename>ca74_png.rf.9b95e82fb94c1a253556a4f9a1f7062d.jpg</filename>
	<path>ca74_png.rf.9b95e82fb94c1a253556a4f9a1f7062d.jpg</path>
	<source>
		<database>roboflow.com</database>
	</source>
	<size>
		<width>512</width>
		<height>512</height>
		<depth>3</depth>
	</size>
	<segmented>0</segmented>
	<object>
		<name>ca</name>
		<pose>Unspecified</pose>
		<truncated>0</truncated>
		<difficult>0</difficult>
		<occluded>0</occluded>
		<bndbox>
			<xmin>29</xmin>
			<xmax>408</xmax>
			<ymin>10</ymin>
			<ymax>260</ymax>
		</bndbox>
	</object>
</annotation>
