<annotation>
	<folder></folder>
	<filename>ca74_png.rf.d563950b30b71e1a5a31dff5c6816c8b.jpg</filename>
	<path>ca74_png.rf.d563950b30b71e1a5a31dff5c6816c8b.jpg</path>
	<source>
		<database>roboflow.com</database>
	</source>
	<size>
		<width>512</width>
		<height>512</height>
		<depth>3</depth>
	</size>
	<segmented>0</segmented>
	<object>
		<name>ca</name>
		<pose>Unspecified</pose>
		<truncated>0</truncated>
		<difficult>0</difficult>
		<occluded>0</occluded>
		<bndbox>
			<xmin>11</xmin>
			<xmax>407</xmax>
			<ymin>1</ymin>
			<ymax>276</ymax>
		</bndbox>
	</object>
</annotation>
