<annotation>
	<folder></folder>
	<filename>ca75_png.rf.a516e6ded60a54f2de04988e0946476b.jpg</filename>
	<path>ca75_png.rf.a516e6ded60a54f2de04988e0946476b.jpg</path>
	<source>
		<database>roboflow.com</database>
	</source>
	<size>
		<width>512</width>
		<height>512</height>
		<depth>3</depth>
	</size>
	<segmented>0</segmented>
	<object>
		<name>ca</name>
		<pose>Unspecified</pose>
		<truncated>0</truncated>
		<difficult>0</difficult>
		<occluded>0</occluded>
		<bndbox>
			<xmin>139</xmin>
			<xmax>378</xmax>
			<ymin>90</ymin>
			<ymax>284</ymax>
		</bndbox>
	</object>
</annotation>
