<annotation>
	<folder></folder>
	<filename>ca75_png.rf.46a3aa4a06cb288da9651e7cafbb029d.jpg</filename>
	<path>ca75_png.rf.46a3aa4a06cb288da9651e7cafbb029d.jpg</path>
	<source>
		<database>roboflow.com</database>
	</source>
	<size>
		<width>512</width>
		<height>512</height>
		<depth>3</depth>
	</size>
	<segmented>0</segmented>
	<object>
		<name>ca</name>
		<pose>Unspecified</pose>
		<truncated>0</truncated>
		<difficult>0</difficult>
		<occluded>0</occluded>
		<bndbox>
			<xmin>125</xmin>
			<xmax>380</xmax>
			<ymin>80</ymin>
			<ymax>294</ymax>
		</bndbox>
	</object>
</annotation>
