<annotation>
	<folder></folder>
	<filename>ca76_png.rf.9d092a0b5c9e9e2fb24036a377d4e69c.jpg</filename>
	<path>ca76_png.rf.9d092a0b5c9e9e2fb24036a377d4e69c.jpg</path>
	<source>
		<database>roboflow.com</database>
	</source>
	<size>
		<width>512</width>
		<height>512</height>
		<depth>3</depth>
	</size>
	<segmented>0</segmented>
	<object>
		<name>ca</name>
		<pose>Unspecified</pose>
		<truncated>0</truncated>
		<difficult>0</difficult>
		<occluded>0</occluded>
		<bndbox>
			<xmin>86</xmin>
			<xmax>402</xmax>
			<ymin>41</ymin>
			<ymax>290</ymax>
		</bndbox>
	</object>
</annotation>
