<annotation>
	<folder></folder>
	<filename>ca76_png.rf.3c4d8f8adc71da40989b0e0ad427e799.jpg</filename>
	<path>ca76_png.rf.3c4d8f8adc71da40989b0e0ad427e799.jpg</path>
	<source>
		<database>roboflow.com</database>
	</source>
	<size>
		<width>512</width>
		<height>512</height>
		<depth>3</depth>
	</size>
	<segmented>0</segmented>
	<object>
		<name>ca</name>
		<pose>Unspecified</pose>
		<truncated>0</truncated>
		<difficult>0</difficult>
		<occluded>0</occluded>
		<bndbox>
			<xmin>103</xmin>
			<xmax>401</xmax>
			<ymin>52</ymin>
			<ymax>276</ymax>
		</bndbox>
	</object>
</annotation>
