<annotation>
	<folder></folder>
	<filename>ca76_png.rf.685455fc720c48658b0318b4c164a34a.jpg</filename>
	<path>ca76_png.rf.685455fc720c48658b0318b4c164a34a.jpg</path>
	<source>
		<database>roboflow.com</database>
	</source>
	<size>
		<width>512</width>
		<height>512</height>
		<depth>3</depth>
	</size>
	<segmented>0</segmented>
	<object>
		<name>ca</name>
		<pose>Unspecified</pose>
		<truncated>0</truncated>
		<difficult>0</difficult>
		<occluded>0</occluded>
		<bndbox>
			<xmin>102</xmin>
			<xmax>415</xmax>
			<ymin>42</ymin>
			<ymax>286</ymax>
		</bndbox>
	</object>
</annotation>
