<annotation>
	<folder></folder>
	<filename>ca77_png.rf.68afb77eda9b4c044898799d7b47e940.jpg</filename>
	<path>ca77_png.rf.68afb77eda9b4c044898799d7b47e940.jpg</path>
	<source>
		<database>roboflow.com</database>
	</source>
	<size>
		<width>512</width>
		<height>512</height>
		<depth>3</depth>
	</size>
	<segmented>0</segmented>
	<object>
		<name>ca</name>
		<pose>Unspecified</pose>
		<truncated>0</truncated>
		<difficult>0</difficult>
		<occluded>0</occluded>
		<bndbox>
			<xmin>133</xmin>
			<xmax>480</xmax>
			<ymin>24</ymin>
			<ymax>278</ymax>
		</bndbox>
	</object>
</annotation>
