<annotation>
	<folder></folder>
	<filename>ca77_png.rf.e9160cd6cba4350e954fcf7b4d36d0d6.jpg</filename>
	<path>ca77_png.rf.e9160cd6cba4350e954fcf7b4d36d0d6.jpg</path>
	<source>
		<database>roboflow.com</database>
	</source>
	<size>
		<width>512</width>
		<height>512</height>
		<depth>3</depth>
	</size>
	<segmented>0</segmented>
	<object>
		<name>ca</name>
		<pose>Unspecified</pose>
		<truncated>0</truncated>
		<difficult>0</difficult>
		<occluded>0</occluded>
		<bndbox>
			<xmin>122</xmin>
			<xmax>473</xmax>
			<ymin>17</ymin>
			<ymax>276</ymax>
		</bndbox>
	</object>
</annotation>
