<annotation>
	<folder></folder>
	<filename>ca77_png.rf.0b05c489c208bd8f52ac4857b6128c4b.jpg</filename>
	<path>ca77_png.rf.0b05c489c208bd8f52ac4857b6128c4b.jpg</path>
	<source>
		<database>roboflow.com</database>
	</source>
	<size>
		<width>512</width>
		<height>512</height>
		<depth>3</depth>
	</size>
	<segmented>0</segmented>
	<object>
		<name>ca</name>
		<pose>Unspecified</pose>
		<truncated>0</truncated>
		<difficult>0</difficult>
		<occluded>0</occluded>
		<bndbox>
			<xmin>134</xmin>
			<xmax>473</xmax>
			<ymin>28</ymin>
			<ymax>270</ymax>
		</bndbox>
	</object>
</annotation>
