<annotation>
	<folder></folder>
	<filename>ca78_png.rf.c61216c54273d2cb846b319ebf94b299.jpg</filename>
	<path>ca78_png.rf.c61216c54273d2cb846b319ebf94b299.jpg</path>
	<source>
		<database>roboflow.com</database>
	</source>
	<size>
		<width>512</width>
		<height>512</height>
		<depth>3</depth>
	</size>
	<segmented>0</segmented>
	<object>
		<name>ca</name>
		<pose>Unspecified</pose>
		<truncated>0</truncated>
		<difficult>0</difficult>
		<occluded>0</occluded>
		<bndbox>
			<xmin>57</xmin>
			<xmax>324</xmax>
			<ymin>20</ymin>
			<ymax>240</ymax>
		</bndbox>
	</object>
</annotation>
