<annotation>
	<folder></folder>
	<filename>ca78_png.rf.038d2dc3f69e7d69e686f56fe8ab3745.jpg</filename>
	<path>ca78_png.rf.038d2dc3f69e7d69e686f56fe8ab3745.jpg</path>
	<source>
		<database>roboflow.com</database>
	</source>
	<size>
		<width>512</width>
		<height>512</height>
		<depth>3</depth>
	</size>
	<segmented>0</segmented>
	<object>
		<name>ca</name>
		<pose>Unspecified</pose>
		<truncated>0</truncated>
		<difficult>0</difficult>
		<occluded>0</occluded>
		<bndbox>
			<xmin>33</xmin>
			<xmax>322</xmax>
			<ymin>14</ymin>
			<ymax>261</ymax>
		</bndbox>
	</object>
</annotation>
