<annotation>
	<folder></folder>
	<filename>ca7_png.rf.bb41abdbeb589fabb59fad8c53840978.jpg</filename>
	<path>ca7_png.rf.bb41abdbeb589fabb59fad8c53840978.jpg</path>
	<source>
		<database>roboflow.com</database>
	</source>
	<size>
		<width>512</width>
		<height>512</height>
		<depth>3</depth>
	</size>
	<segmented>0</segmented>
	<object>
		<name>ca</name>
		<pose>Unspecified</pose>
		<truncated>0</truncated>
		<difficult>0</difficult>
		<occluded>0</occluded>
		<bndbox>
			<xmin>130</xmin>
			<xmax>375</xmax>
			<ymin>75</ymin>
			<ymax>256</ymax>
		</bndbox>
	</object>
</annotation>
