<annotation>
	<folder></folder>
	<filename>ca7_png.rf.f44f800ef4f9119d867aeaf036d77a8d.jpg</filename>
	<path>ca7_png.rf.f44f800ef4f9119d867aeaf036d77a8d.jpg</path>
	<source>
		<database>roboflow.com</database>
	</source>
	<size>
		<width>512</width>
		<height>512</height>
		<depth>3</depth>
	</size>
	<segmented>0</segmented>
	<object>
		<name>ca</name>
		<pose>Unspecified</pose>
		<truncated>0</truncated>
		<difficult>0</difficult>
		<occluded>0</occluded>
		<bndbox>
			<xmin>142</xmin>
			<xmax>376</xmax>
			<ymin>83</ymin>
			<ymax>248</ymax>
		</bndbox>
	</object>
</annotation>
