<annotation>
	<folder></folder>
	<filename>ca9_png.rf.df504bebe3bc6b5142cb4af08c9b7772.jpg</filename>
	<path>ca9_png.rf.df504bebe3bc6b5142cb4af08c9b7772.jpg</path>
	<source>
		<database>roboflow.com</database>
	</source>
	<size>
		<width>512</width>
		<height>512</height>
		<depth>3</depth>
	</size>
	<segmented>0</segmented>
	<object>
		<name>ca</name>
		<pose>Unspecified</pose>
		<truncated>0</truncated>
		<difficult>0</difficult>
		<occluded>0</occluded>
		<bndbox>
			<xmin>146</xmin>
			<xmax>394</xmax>
			<ymin>65</ymin>
			<ymax>259</ymax>
		</bndbox>
	</object>
</annotation>
