<annotation>
	<folder></folder>
	<filename>ca9_png.rf.3de3e189d36c477804b02029ff93e545.jpg</filename>
	<path>ca9_png.rf.3de3e189d36c477804b02029ff93e545.jpg</path>
	<source>
		<database>roboflow.com</database>
	</source>
	<size>
		<width>512</width>
		<height>512</height>
		<depth>3</depth>
	</size>
	<segmented>0</segmented>
	<object>
		<name>ca</name>
		<pose>Unspecified</pose>
		<truncated>0</truncated>
		<difficult>0</difficult>
		<occluded>0</occluded>
		<bndbox>
			<xmin>127</xmin>
			<xmax>384</xmax>
			<ymin>58</ymin>
			<ymax>264</ymax>
		</bndbox>
	</object>
</annotation>
