<annotation>
	<folder></folder>
	<filename>ca9_png.rf.b2d92cb25234aaa498bbcb827f012385.jpg</filename>
	<path>ca9_png.rf.b2d92cb25234aaa498bbcb827f012385.jpg</path>
	<source>
		<database>roboflow.com</database>
	</source>
	<size>
		<width>512</width>
		<height>512</height>
		<depth>3</depth>
	</size>
	<segmented>0</segmented>
	<object>
		<name>ca</name>
		<pose>Unspecified</pose>
		<truncated>0</truncated>
		<difficult>0</difficult>
		<occluded>0</occluded>
		<bndbox>
			<xmin>146</xmin>
			<xmax>385</xmax>
			<ymin>70</ymin>
			<ymax>252</ymax>
		</bndbox>
	</object>
</annotation>
