<annotation>
	<folder></folder>
	<filename>da0_png.rf.597551a1c0585be4cb1417f4f616bb14.jpg</filename>
	<path>da0_png.rf.597551a1c0585be4cb1417f4f616bb14.jpg</path>
	<source>
		<database>roboflow.com</database>
	</source>
	<size>
		<width>512</width>
		<height>512</height>
		<depth>3</depth>
	</size>
	<segmented>0</segmented>
	<object>
		<name>da</name>
		<pose>Unspecified</pose>
		<truncated>0</truncated>
		<difficult>0</difficult>
		<occluded>0</occluded>
		<bndbox>
			<xmin>124</xmin>
			<xmax>427</xmax>
			<ymin>44</ymin>
			<ymax>288</ymax>
		</bndbox>
	</object>
</annotation>
