<annotation>
	<folder></folder>
	<filename>da0_png.rf.105015ee02cc98c5d87077bbc7edc6ee.jpg</filename>
	<path>da0_png.rf.105015ee02cc98c5d87077bbc7edc6ee.jpg</path>
	<source>
		<database>roboflow.com</database>
	</source>
	<size>
		<width>512</width>
		<height>512</height>
		<depth>3</depth>
	</size>
	<segmented>0</segmented>
	<object>
		<name>da</name>
		<pose>Unspecified</pose>
		<truncated>0</truncated>
		<difficult>0</difficult>
		<occluded>0</occluded>
		<bndbox>
			<xmin>120</xmin>
			<xmax>427</xmax>
			<ymin>41</ymin>
			<ymax>290</ymax>
		</bndbox>
	</object>
</annotation>
