<annotation>
	<folder></folder>
	<filename>da0_png.rf.93795ccd6f3852d9539b720cf29eb4ca.jpg</filename>
	<path>da0_png.rf.93795ccd6f3852d9539b720cf29eb4ca.jpg</path>
	<source>
		<database>roboflow.com</database>
	</source>
	<size>
		<width>512</width>
		<height>512</height>
		<depth>3</depth>
	</size>
	<segmented>0</segmented>
	<object>
		<name>da</name>
		<pose>Unspecified</pose>
		<truncated>0</truncated>
		<difficult>0</difficult>
		<occluded>0</occluded>
		<bndbox>
			<xmin>113</xmin>
			<xmax>428</xmax>
			<ymin>35</ymin>
			<ymax>295</ymax>
		</bndbox>
	</object>
</annotation>
