<annotation>
	<folder></folder>
	<filename>da11_png.rf.69e82e31f451717d71a3b591fd90ceff.jpg</filename>
	<path>da11_png.rf.69e82e31f451717d71a3b591fd90ceff.jpg</path>
	<source>
		<database>roboflow.com</database>
	</source>
	<size>
		<width>512</width>
		<height>512</height>
		<depth>3</depth>
	</size>
	<segmented>0</segmented>
	<object>
		<name>da</name>
		<pose>Unspecified</pose>
		<truncated>0</truncated>
		<difficult>0</difficult>
		<occluded>0</occluded>
		<bndbox>
			<xmin>101</xmin>
			<xmax>347</xmax>
			<ymin>77</ymin>
			<ymax>257</ymax>
		</bndbox>
	</object>
</annotation>
