<annotation>
	<folder></folder>
	<filename>da11_png.rf.811ca4c649a34665989a343cc5bf3577.jpg</filename>
	<path>da11_png.rf.811ca4c649a34665989a343cc5bf3577.jpg</path>
	<source>
		<database>roboflow.com</database>
	</source>
	<size>
		<width>512</width>
		<height>512</height>
		<depth>3</depth>
	</size>
	<segmented>0</segmented>
	<object>
		<name>da</name>
		<pose>Unspecified</pose>
		<truncated>0</truncated>
		<difficult>0</difficult>
		<occluded>0</occluded>
		<bndbox>
			<xmin>89</xmin>
			<xmax>346</xmax>
			<ymin>72</ymin>
			<ymax>268</ymax>
		</bndbox>
	</object>
</annotation>
