<annotation>
	<folder></folder>
	<filename>da11_png.rf.e21f070c2e0a3f5d95cb926f17ee5bca.jpg</filename>
	<path>da11_png.rf.e21f070c2e0a3f5d95cb926f17ee5bca.jpg</path>
	<source>
		<database>roboflow.com</database>
	</source>
	<size>
		<width>512</width>
		<height>512</height>
		<depth>3</depth>
	</size>
	<segmented>0</segmented>
	<object>
		<name>da</name>
		<pose>Unspecified</pose>
		<truncated>0</truncated>
		<difficult>0</difficult>
		<occluded>0</occluded>
		<bndbox>
			<xmin>107</xmin>
			<xmax>347</xmax>
			<ymin>80</ymin>
			<ymax>252</ymax>
		</bndbox>
	</object>
</annotation>
