<annotation>
	<folder></folder>
	<filename>da12_png.rf.ba57f7a71fbae804eb6ea577d1929331.jpg</filename>
	<path>da12_png.rf.ba57f7a71fbae804eb6ea577d1929331.jpg</path>
	<source>
		<database>roboflow.com</database>
	</source>
	<size>
		<width>512</width>
		<height>512</height>
		<depth>3</depth>
	</size>
	<segmented>0</segmented>
	<object>
		<name>da</name>
		<pose>Unspecified</pose>
		<truncated>0</truncated>
		<difficult>0</difficult>
		<occluded>0</occluded>
		<bndbox>
			<xmin>110</xmin>
			<xmax>424</xmax>
			<ymin>55</ymin>
			<ymax>288</ymax>
		</bndbox>
	</object>
</annotation>
