<annotation>
	<folder></folder>
	<filename>da12_png.rf.784dba6f423048ddd241296034b71941.jpg</filename>
	<path>da12_png.rf.784dba6f423048ddd241296034b71941.jpg</path>
	<source>
		<database>roboflow.com</database>
	</source>
	<size>
		<width>512</width>
		<height>512</height>
		<depth>3</depth>
	</size>
	<segmented>0</segmented>
	<object>
		<name>da</name>
		<pose>Unspecified</pose>
		<truncated>0</truncated>
		<difficult>0</difficult>
		<occluded>0</occluded>
		<bndbox>
			<xmin>116</xmin>
			<xmax>430</xmax>
			<ymin>56</ymin>
			<ymax>289</ymax>
		</bndbox>
	</object>
</annotation>
