<annotation>
	<folder></folder>
	<filename>da12_png.rf.992862e72c42a27e80fe8c045822fda1.jpg</filename>
	<path>da12_png.rf.992862e72c42a27e80fe8c045822fda1.jpg</path>
	<source>
		<database>roboflow.com</database>
	</source>
	<size>
		<width>512</width>
		<height>512</height>
		<depth>3</depth>
	</size>
	<segmented>0</segmented>
	<object>
		<name>da</name>
		<pose>Unspecified</pose>
		<truncated>0</truncated>
		<difficult>0</difficult>
		<occluded>0</occluded>
		<bndbox>
			<xmin>117</xmin>
			<xmax>423</xmax>
			<ymin>61</ymin>
			<ymax>283</ymax>
		</bndbox>
	</object>
</annotation>
