<annotation>
	<folder></folder>
	<filename>da13_png.rf.7ceefa09cf28722ac13f3b1bfd1fd980.jpg</filename>
	<path>da13_png.rf.7ceefa09cf28722ac13f3b1bfd1fd980.jpg</path>
	<source>
		<database>roboflow.com</database>
	</source>
	<size>
		<width>512</width>
		<height>512</height>
		<depth>3</depth>
	</size>
	<segmented>0</segmented>
	<object>
		<name>da</name>
		<pose>Unspecified</pose>
		<truncated>0</truncated>
		<difficult>0</difficult>
		<occluded>0</occluded>
		<bndbox>
			<xmin>67</xmin>
			<xmax>434</xmax>
			<ymin>17</ymin>
			<ymax>289</ymax>
		</bndbox>
	</object>
</annotation>
