<annotation>
	<folder></folder>
	<filename>da13_png.rf.fb22a56632e3e09f8bea45267e0ea503.jpg</filename>
	<path>da13_png.rf.fb22a56632e3e09f8bea45267e0ea503.jpg</path>
	<source>
		<database>roboflow.com</database>
	</source>
	<size>
		<width>512</width>
		<height>512</height>
		<depth>3</depth>
	</size>
	<segmented>0</segmented>
	<object>
		<name>da</name>
		<pose>Unspecified</pose>
		<truncated>0</truncated>
		<difficult>0</difficult>
		<occluded>0</occluded>
		<bndbox>
			<xmin>68</xmin>
			<xmax>422</xmax>
			<ymin>26</ymin>
			<ymax>280</ymax>
		</bndbox>
	</object>
</annotation>
