<annotation>
	<folder></folder>
	<filename>da14_png.rf.3214c877950085a7977bd24f2dd12b6f.jpg</filename>
	<path>da14_png.rf.3214c877950085a7977bd24f2dd12b6f.jpg</path>
	<source>
		<database>roboflow.com</database>
	</source>
	<size>
		<width>512</width>
		<height>512</height>
		<depth>3</depth>
	</size>
	<segmented>0</segmented>
	<object>
		<name>da</name>
		<pose>Unspecified</pose>
		<truncated>0</truncated>
		<difficult>0</difficult>
		<occluded>0</occluded>
		<bndbox>
			<xmin>80</xmin>
			<xmax>422</xmax>
			<ymin>17</ymin>
			<ymax>300</ymax>
		</bndbox>
	</object>
</annotation>
