<annotation>
	<folder></folder>
	<filename>da14_png.rf.1aba7c4d973a17b99122240ae7beb618.jpg</filename>
	<path>da14_png.rf.1aba7c4d973a17b99122240ae7beb618.jpg</path>
	<source>
		<database>roboflow.com</database>
	</source>
	<size>
		<width>512</width>
		<height>512</height>
		<depth>3</depth>
	</size>
	<segmented>0</segmented>
	<object>
		<name>da</name>
		<pose>Unspecified</pose>
		<truncated>0</truncated>
		<difficult>0</difficult>
		<occluded>0</occluded>
		<bndbox>
			<xmin>82</xmin>
			<xmax>411</xmax>
			<ymin>26</ymin>
			<ymax>292</ymax>
		</bndbox>
	</object>
</annotation>
