<annotation>
	<folder></folder>
	<filename>da14_png.rf.6702ac8f54d54f85244c7d53b6101e31.jpg</filename>
	<path>da14_png.rf.6702ac8f54d54f85244c7d53b6101e31.jpg</path>
	<source>
		<database>roboflow.com</database>
	</source>
	<size>
		<width>512</width>
		<height>512</height>
		<depth>3</depth>
	</size>
	<segmented>0</segmented>
	<object>
		<name>da</name>
		<pose>Unspecified</pose>
		<truncated>0</truncated>
		<difficult>0</difficult>
		<occluded>0</occluded>
		<bndbox>
			<xmin>79</xmin>
			<xmax>434</xmax>
			<ymin>9</ymin>
			<ymax>308</ymax>
		</bndbox>
	</object>
</annotation>
