<annotation>
	<folder></folder>
	<filename>da16_png.rf.03b811e40a112a0ebf93e6886882a394.jpg</filename>
	<path>da16_png.rf.03b811e40a112a0ebf93e6886882a394.jpg</path>
	<source>
		<database>roboflow.com</database>
	</source>
	<size>
		<width>512</width>
		<height>512</height>
		<depth>3</depth>
	</size>
	<segmented>0</segmented>
	<object>
		<name>da</name>
		<pose>Unspecified</pose>
		<truncated>0</truncated>
		<difficult>0</difficult>
		<occluded>0</occluded>
		<bndbox>
			<xmin>45</xmin>
			<xmax>379</xmax>
			<ymin>23</ymin>
			<ymax>213</ymax>
		</bndbox>
	</object>
</annotation>
