<annotation>
	<folder></folder>
	<filename>da16_png.rf.330afa55185bc7798c65892da6e81f58.jpg</filename>
	<path>da16_png.rf.330afa55185bc7798c65892da6e81f58.jpg</path>
	<source>
		<database>roboflow.com</database>
	</source>
	<size>
		<width>512</width>
		<height>512</height>
		<depth>3</depth>
	</size>
	<segmented>0</segmented>
	<object>
		<name>da</name>
		<pose>Unspecified</pose>
		<truncated>0</truncated>
		<difficult>0</difficult>
		<occluded>0</occluded>
		<bndbox>
			<xmin>37</xmin>
			<xmax>377</xmax>
			<ymin>19</ymin>
			<ymax>221</ymax>
		</bndbox>
	</object>
</annotation>
