<annotation>
	<folder></folder>
	<filename>da18_png.rf.c94a4446ad429ff8f68c50b4c60b6754.jpg</filename>
	<path>da18_png.rf.c94a4446ad429ff8f68c50b4c60b6754.jpg</path>
	<source>
		<database>roboflow.com</database>
	</source>
	<size>
		<width>512</width>
		<height>512</height>
		<depth>3</depth>
	</size>
	<segmented>0</segmented>
	<object>
		<name>da</name>
		<pose>Unspecified</pose>
		<truncated>0</truncated>
		<difficult>0</difficult>
		<occluded>0</occluded>
		<bndbox>
			<xmin>99</xmin>
			<xmax>408</xmax>
			<ymin>45</ymin>
			<ymax>274</ymax>
		</bndbox>
	</object>
</annotation>
