<annotation>
	<folder></folder>
	<filename>da18_png.rf.86ac7fe8dae2e546236ac2be2e33e310.jpg</filename>
	<path>da18_png.rf.86ac7fe8dae2e546236ac2be2e33e310.jpg</path>
	<source>
		<database>roboflow.com</database>
	</source>
	<size>
		<width>512</width>
		<height>512</height>
		<depth>3</depth>
	</size>
	<segmented>0</segmented>
	<object>
		<name>da</name>
		<pose>Unspecified</pose>
		<truncated>0</truncated>
		<difficult>0</difficult>
		<occluded>0</occluded>
		<bndbox>
			<xmin>98</xmin>
			<xmax>411</xmax>
			<ymin>42</ymin>
			<ymax>276</ymax>
		</bndbox>
	</object>
</annotation>
