<annotation>
	<folder></folder>
	<filename>da18_png.rf.671a05bb3500941f2ab0e07325881f54.jpg</filename>
	<path>da18_png.rf.671a05bb3500941f2ab0e07325881f54.jpg</path>
	<source>
		<database>roboflow.com</database>
	</source>
	<size>
		<width>512</width>
		<height>512</height>
		<depth>3</depth>
	</size>
	<segmented>0</segmented>
	<object>
		<name>da</name>
		<pose>Unspecified</pose>
		<truncated>0</truncated>
		<difficult>0</difficult>
		<occluded>0</occluded>
		<bndbox>
			<xmin>81</xmin>
			<xmax>409</xmax>
			<ymin>32</ymin>
			<ymax>287</ymax>
		</bndbox>
	</object>
</annotation>
