<annotation>
	<folder></folder>
	<filename>da1_png.rf.cd63bfe02704495af5a2c01e2cfae2f1.jpg</filename>
	<path>da1_png.rf.cd63bfe02704495af5a2c01e2cfae2f1.jpg</path>
	<source>
		<database>roboflow.com</database>
	</source>
	<size>
		<width>512</width>
		<height>512</height>
		<depth>3</depth>
	</size>
	<segmented>0</segmented>
	<object>
		<name>da</name>
		<pose>Unspecified</pose>
		<truncated>0</truncated>
		<difficult>0</difficult>
		<occluded>0</occluded>
		<bndbox>
			<xmin>123</xmin>
			<xmax>443</xmax>
			<ymin>21</ymin>
			<ymax>268</ymax>
		</bndbox>
	</object>
</annotation>
