<annotation>
	<folder></folder>
	<filename>da1_png.rf.358632b9dbe80f45a1c27d279936cdac.jpg</filename>
	<path>da1_png.rf.358632b9dbe80f45a1c27d279936cdac.jpg</path>
	<source>
		<database>roboflow.com</database>
	</source>
	<size>
		<width>512</width>
		<height>512</height>
		<depth>3</depth>
	</size>
	<segmented>0</segmented>
	<object>
		<name>da</name>
		<pose>Unspecified</pose>
		<truncated>0</truncated>
		<difficult>0</difficult>
		<occluded>0</occluded>
		<bndbox>
			<xmin>111</xmin>
			<xmax>443</xmax>
			<ymin>12</ymin>
			<ymax>275</ymax>
		</bndbox>
	</object>
</annotation>
