<annotation>
	<folder></folder>
	<filename>da1_png.rf.526ed71d683b55094a854f12bb86db83.jpg</filename>
	<path>da1_png.rf.526ed71d683b55094a854f12bb86db83.jpg</path>
	<source>
		<database>roboflow.com</database>
	</source>
	<size>
		<width>512</width>
		<height>512</height>
		<depth>3</depth>
	</size>
	<segmented>0</segmented>
	<object>
		<name>da</name>
		<pose>Unspecified</pose>
		<truncated>0</truncated>
		<difficult>0</difficult>
		<occluded>0</occluded>
		<bndbox>
			<xmin>123</xmin>
			<xmax>463</xmax>
			<ymin>10</ymin>
			<ymax>284</ymax>
		</bndbox>
	</object>
</annotation>
