<annotation>
	<folder></folder>
	<filename>da20_png.rf.93c3cedf8e7f23c0d588d91d7c353913.jpg</filename>
	<path>da20_png.rf.93c3cedf8e7f23c0d588d91d7c353913.jpg</path>
	<source>
		<database>roboflow.com</database>
	</source>
	<size>
		<width>512</width>
		<height>512</height>
		<depth>3</depth>
	</size>
	<segmented>0</segmented>
	<object>
		<name>da</name>
		<pose>Unspecified</pose>
		<truncated>0</truncated>
		<difficult>0</difficult>
		<occluded>0</occluded>
		<bndbox>
			<xmin>108</xmin>
			<xmax>417</xmax>
			<ymin>51</ymin>
			<ymax>295</ymax>
		</bndbox>
	</object>
</annotation>
