<annotation>
	<folder></folder>
	<filename>da20_png.rf.d09a037606dbbd1d26f089f0126f2c39.jpg</filename>
	<path>da20_png.rf.d09a037606dbbd1d26f089f0126f2c39.jpg</path>
	<source>
		<database>roboflow.com</database>
	</source>
	<size>
		<width>512</width>
		<height>512</height>
		<depth>3</depth>
	</size>
	<segmented>0</segmented>
	<object>
		<name>da</name>
		<pose>Unspecified</pose>
		<truncated>0</truncated>
		<difficult>0</difficult>
		<occluded>0</occluded>
		<bndbox>
			<xmin>124</xmin>
			<xmax>426</xmax>
			<ymin>58</ymin>
			<ymax>292</ymax>
		</bndbox>
	</object>
</annotation>
