<annotation>
	<folder></folder>
	<filename>da20_png.rf.82c85cb580c8d023a8b1c6a33afb69e1.jpg</filename>
	<path>da20_png.rf.82c85cb580c8d023a8b1c6a33afb69e1.jpg</path>
	<source>
		<database>roboflow.com</database>
	</source>
	<size>
		<width>512</width>
		<height>512</height>
		<depth>3</depth>
	</size>
	<segmented>0</segmented>
	<object>
		<name>da</name>
		<pose>Unspecified</pose>
		<truncated>0</truncated>
		<difficult>0</difficult>
		<occluded>0</occluded>
		<bndbox>
			<xmin>125</xmin>
			<xmax>416</xmax>
			<ymin>65</ymin>
			<ymax>284</ymax>
		</bndbox>
	</object>
</annotation>
