<annotation>
	<folder></folder>
	<filename>da21_png.rf.8b3721169fd3b97802cb5a5f75970874.jpg</filename>
	<path>da21_png.rf.8b3721169fd3b97802cb5a5f75970874.jpg</path>
	<source>
		<database>roboflow.com</database>
	</source>
	<size>
		<width>512</width>
		<height>512</height>
		<depth>3</depth>
	</size>
	<segmented>0</segmented>
	<object>
		<name>da</name>
		<pose>Unspecified</pose>
		<truncated>0</truncated>
		<difficult>0</difficult>
		<occluded>0</occluded>
		<bndbox>
			<xmin>122</xmin>
			<xmax>356</xmax>
			<ymin>77</ymin>
			<ymax>256</ymax>
		</bndbox>
	</object>
</annotation>
