<annotation>
	<folder></folder>
	<filename>da21_png.rf.0fe118495844ef80e7b0e7c5d94cdd9d.jpg</filename>
	<path>da21_png.rf.0fe118495844ef80e7b0e7c5d94cdd9d.jpg</path>
	<source>
		<database>roboflow.com</database>
	</source>
	<size>
		<width>512</width>
		<height>512</height>
		<depth>3</depth>
	</size>
	<segmented>0</segmented>
	<object>
		<name>da</name>
		<pose>Unspecified</pose>
		<truncated>0</truncated>
		<difficult>0</difficult>
		<occluded>0</occluded>
		<bndbox>
			<xmin>133</xmin>
			<xmax>357</xmax>
			<ymin>83</ymin>
			<ymax>248</ymax>
		</bndbox>
	</object>
</annotation>
