<annotation>
	<folder></folder>
	<filename>da21_png.rf.33ab804e0f7543d271d67db74d66cfab.jpg</filename>
	<path>da21_png.rf.33ab804e0f7543d271d67db74d66cfab.jpg</path>
	<source>
		<database>roboflow.com</database>
	</source>
	<size>
		<width>512</width>
		<height>512</height>
		<depth>3</depth>
	</size>
	<segmented>0</segmented>
	<object>
		<name>da</name>
		<pose>Unspecified</pose>
		<truncated>0</truncated>
		<difficult>0</difficult>
		<occluded>0</occluded>
		<bndbox>
			<xmin>139</xmin>
			<xmax>358</xmax>
			<ymin>87</ymin>
			<ymax>244</ymax>
		</bndbox>
	</object>
</annotation>
