<annotation>
	<folder></folder>
	<filename>da22_png.rf.9243c7afe4b7f2ffbd46e60a8212003b.jpg</filename>
	<path>da22_png.rf.9243c7afe4b7f2ffbd46e60a8212003b.jpg</path>
	<source>
		<database>roboflow.com</database>
	</source>
	<size>
		<width>512</width>
		<height>512</height>
		<depth>3</depth>
	</size>
	<segmented>0</segmented>
	<object>
		<name>da</name>
		<pose>Unspecified</pose>
		<truncated>0</truncated>
		<difficult>0</difficult>
		<occluded>0</occluded>
		<bndbox>
			<xmin>86</xmin>
			<xmax>325</xmax>
			<ymin>61</ymin>
			<ymax>232</ymax>
		</bndbox>
	</object>
</annotation>
