<annotation>
	<folder></folder>
	<filename>da22_png.rf.5e7a7a4ec512928e4faec6cb4a0a7ba0.jpg</filename>
	<path>da22_png.rf.5e7a7a4ec512928e4faec6cb4a0a7ba0.jpg</path>
	<source>
		<database>roboflow.com</database>
	</source>
	<size>
		<width>512</width>
		<height>512</height>
		<depth>3</depth>
	</size>
	<segmented>0</segmented>
	<object>
		<name>da</name>
		<pose>Unspecified</pose>
		<truncated>0</truncated>
		<difficult>0</difficult>
		<occluded>0</occluded>
		<bndbox>
			<xmin>72</xmin>
			<xmax>316</xmax>
			<ymin>63</ymin>
			<ymax>242</ymax>
		</bndbox>
	</object>
</annotation>
