<annotation>
	<folder></folder>
	<filename>da22_png.rf.605596b427695ac3fc0710e9fead2e94.jpg</filename>
	<path>da22_png.rf.605596b427695ac3fc0710e9fead2e94.jpg</path>
	<source>
		<database>roboflow.com</database>
	</source>
	<size>
		<width>512</width>
		<height>512</height>
		<depth>3</depth>
	</size>
	<segmented>0</segmented>
	<object>
		<name>da</name>
		<pose>Unspecified</pose>
		<truncated>0</truncated>
		<difficult>0</difficult>
		<occluded>0</occluded>
		<bndbox>
			<xmin>85</xmin>
			<xmax>318</xmax>
			<ymin>67</ymin>
			<ymax>230</ymax>
		</bndbox>
	</object>
</annotation>
