<annotation>
	<folder></folder>
	<filename>da23_png.rf.170c46b89311ed3da9b9af05b3963b77.jpg</filename>
	<path>da23_png.rf.170c46b89311ed3da9b9af05b3963b77.jpg</path>
	<source>
		<database>roboflow.com</database>
	</source>
	<size>
		<width>512</width>
		<height>512</height>
		<depth>3</depth>
	</size>
	<segmented>0</segmented>
	<object>
		<name>da</name>
		<pose>Unspecified</pose>
		<truncated>0</truncated>
		<difficult>0</difficult>
		<occluded>0</occluded>
		<bndbox>
			<xmin>117</xmin>
			<xmax>386</xmax>
			<ymin>38</ymin>
			<ymax>257</ymax>
		</bndbox>
	</object>
</annotation>
