<annotation>
	<folder></folder>
	<filename>da24_png.rf.6f2a5d06ea20ac06fb828a539bdcb4cf.jpg</filename>
	<path>da24_png.rf.6f2a5d06ea20ac06fb828a539bdcb4cf.jpg</path>
	<source>
		<database>roboflow.com</database>
	</source>
	<size>
		<width>512</width>
		<height>512</height>
		<depth>3</depth>
	</size>
	<segmented>0</segmented>
	<object>
		<name>da</name>
		<pose>Unspecified</pose>
		<truncated>0</truncated>
		<difficult>0</difficult>
		<occluded>0</occluded>
		<bndbox>
			<xmin>158</xmin>
			<xmax>496</xmax>
			<ymin>53</ymin>
			<ymax>272</ymax>
		</bndbox>
	</object>
</annotation>
