<annotation>
	<folder></folder>
	<filename>da24_png.rf.f44b1850a35628e720ddd3200a1a83c7.jpg</filename>
	<path>da24_png.rf.f44b1850a35628e720ddd3200a1a83c7.jpg</path>
	<source>
		<database>roboflow.com</database>
	</source>
	<size>
		<width>512</width>
		<height>512</height>
		<depth>3</depth>
	</size>
	<segmented>0</segmented>
	<object>
		<name>da</name>
		<pose>Unspecified</pose>
		<truncated>0</truncated>
		<difficult>0</difficult>
		<occluded>0</occluded>
		<bndbox>
			<xmin>158</xmin>
			<xmax>496</xmax>
			<ymin>53</ymin>
			<ymax>272</ymax>
		</bndbox>
	</object>
</annotation>
