<annotation>
	<folder></folder>
	<filename>da24_png.rf.99e689507bf226b81317447db33615a7.jpg</filename>
	<path>da24_png.rf.99e689507bf226b81317447db33615a7.jpg</path>
	<source>
		<database>roboflow.com</database>
	</source>
	<size>
		<width>512</width>
		<height>512</height>
		<depth>3</depth>
	</size>
	<segmented>0</segmented>
	<object>
		<name>da</name>
		<pose>Unspecified</pose>
		<truncated>0</truncated>
		<difficult>0</difficult>
		<occluded>0</occluded>
		<bndbox>
			<xmin>158</xmin>
			<xmax>510</xmax>
			<ymin>46</ymin>
			<ymax>288</ymax>
		</bndbox>
	</object>
</annotation>
