<annotation>
	<folder></folder>
	<filename>da25_png.rf.221bc792c9d08bd4c49ecd416696c0e0.jpg</filename>
	<path>da25_png.rf.221bc792c9d08bd4c49ecd416696c0e0.jpg</path>
	<source>
		<database>roboflow.com</database>
	</source>
	<size>
		<width>512</width>
		<height>512</height>
		<depth>3</depth>
	</size>
	<segmented>0</segmented>
	<object>
		<name>da</name>
		<pose>Unspecified</pose>
		<truncated>0</truncated>
		<difficult>0</difficult>
		<occluded>0</occluded>
		<bndbox>
			<xmin>106</xmin>
			<xmax>353</xmax>
			<ymin>36</ymin>
			<ymax>252</ymax>
		</bndbox>
	</object>
</annotation>
