<annotation>
	<folder></folder>
	<filename>da25_png.rf.41bca16c4ba6c8804b68a12c70814496.jpg</filename>
	<path>da25_png.rf.41bca16c4ba6c8804b68a12c70814496.jpg</path>
	<source>
		<database>roboflow.com</database>
	</source>
	<size>
		<width>512</width>
		<height>512</height>
		<depth>3</depth>
	</size>
	<segmented>0</segmented>
	<object>
		<name>da</name>
		<pose>Unspecified</pose>
		<truncated>0</truncated>
		<difficult>0</difficult>
		<occluded>0</occluded>
		<bndbox>
			<xmin>117</xmin>
			<xmax>354</xmax>
			<ymin>40</ymin>
			<ymax>244</ymax>
		</bndbox>
	</object>
</annotation>
