<annotation>
	<folder></folder>
	<filename>da25_png.rf.8602717ed9fbebc697f9e22dc2028cc2.jpg</filename>
	<path>da25_png.rf.8602717ed9fbebc697f9e22dc2028cc2.jpg</path>
	<source>
		<database>roboflow.com</database>
	</source>
	<size>
		<width>512</width>
		<height>512</height>
		<depth>3</depth>
	</size>
	<segmented>0</segmented>
	<object>
		<name>da</name>
		<pose>Unspecified</pose>
		<truncated>0</truncated>
		<difficult>0</difficult>
		<occluded>0</occluded>
		<bndbox>
			<xmin>109</xmin>
			<xmax>353</xmax>
			<ymin>37</ymin>
			<ymax>249</ymax>
		</bndbox>
	</object>
</annotation>
