<annotation>
	<folder></folder>
	<filename>da27_png.rf.965a40fa0738c1cef93dcb7da76b27d7.jpg</filename>
	<path>da27_png.rf.965a40fa0738c1cef93dcb7da76b27d7.jpg</path>
	<source>
		<database>roboflow.com</database>
	</source>
	<size>
		<width>512</width>
		<height>512</height>
		<depth>3</depth>
	</size>
	<segmented>0</segmented>
	<object>
		<name>da</name>
		<pose>Unspecified</pose>
		<truncated>0</truncated>
		<difficult>0</difficult>
		<occluded>0</occluded>
		<bndbox>
			<xmin>85</xmin>
			<xmax>361</xmax>
			<ymin>45</ymin>
			<ymax>249</ymax>
		</bndbox>
	</object>
</annotation>
