<annotation>
	<folder></folder>
	<filename>da27_png.rf.5e8b9080aabf1cdbfa4000fb96a45a42.jpg</filename>
	<path>da27_png.rf.5e8b9080aabf1cdbfa4000fb96a45a42.jpg</path>
	<source>
		<database>roboflow.com</database>
	</source>
	<size>
		<width>512</width>
		<height>512</height>
		<depth>3</depth>
	</size>
	<segmented>0</segmented>
	<object>
		<name>da</name>
		<pose>Unspecified</pose>
		<truncated>0</truncated>
		<difficult>0</difficult>
		<occluded>0</occluded>
		<bndbox>
			<xmin>85</xmin>
			<xmax>365</xmax>
			<ymin>42</ymin>
			<ymax>251</ymax>
		</bndbox>
	</object>
</annotation>
