<annotation>
	<folder></folder>
	<filename>da27_png.rf.cfbe38793f3415f8d840cb8398ebc8e4.jpg</filename>
	<path>da27_png.rf.cfbe38793f3415f8d840cb8398ebc8e4.jpg</path>
	<source>
		<database>roboflow.com</database>
	</source>
	<size>
		<width>512</width>
		<height>512</height>
		<depth>3</depth>
	</size>
	<segmented>0</segmented>
	<object>
		<name>da</name>
		<pose>Unspecified</pose>
		<truncated>0</truncated>
		<difficult>0</difficult>
		<occluded>0</occluded>
		<bndbox>
			<xmin>86</xmin>
			<xmax>376</xmax>
			<ymin>34</ymin>
			<ymax>257</ymax>
		</bndbox>
	</object>
</annotation>
