<annotation>
	<folder></folder>
	<filename>da30_png.rf.a6c6baa1c851d0f4d0cb5cfbc47cdb20.jpg</filename>
	<path>da30_png.rf.a6c6baa1c851d0f4d0cb5cfbc47cdb20.jpg</path>
	<source>
		<database>roboflow.com</database>
	</source>
	<size>
		<width>512</width>
		<height>512</height>
		<depth>3</depth>
	</size>
	<segmented>0</segmented>
	<object>
		<name>da</name>
		<pose>Unspecified</pose>
		<truncated>0</truncated>
		<difficult>0</difficult>
		<occluded>0</occluded>
		<bndbox>
			<xmin>64</xmin>
			<xmax>398</xmax>
			<ymin>41</ymin>
			<ymax>256</ymax>
		</bndbox>
	</object>
</annotation>
