<annotation>
	<folder></folder>
	<filename>da30_png.rf.063f5e14b814e98c62d7dddd8f16a770.jpg</filename>
	<path>da30_png.rf.063f5e14b814e98c62d7dddd8f16a770.jpg</path>
	<source>
		<database>roboflow.com</database>
	</source>
	<size>
		<width>512</width>
		<height>512</height>
		<depth>3</depth>
	</size>
	<segmented>0</segmented>
	<object>
		<name>da</name>
		<pose>Unspecified</pose>
		<truncated>0</truncated>
		<difficult>0</difficult>
		<occluded>0</occluded>
		<bndbox>
			<xmin>72</xmin>
			<xmax>399</xmax>
			<ymin>45</ymin>
			<ymax>249</ymax>
		</bndbox>
	</object>
</annotation>
