<annotation>
	<folder></folder>
	<filename>da31_png.rf.3698eb062e2be719b48df22e1e36774c.jpg</filename>
	<path>da31_png.rf.3698eb062e2be719b48df22e1e36774c.jpg</path>
	<source>
		<database>roboflow.com</database>
	</source>
	<size>
		<width>512</width>
		<height>512</height>
		<depth>3</depth>
	</size>
	<segmented>0</segmented>
	<object>
		<name>da</name>
		<pose>Unspecified</pose>
		<truncated>0</truncated>
		<difficult>0</difficult>
		<occluded>0</occluded>
		<bndbox>
			<xmin>127</xmin>
			<xmax>396</xmax>
			<ymin>63</ymin>
			<ymax>227</ymax>
		</bndbox>
	</object>
</annotation>
