<annotation>
	<folder></folder>
	<filename>da31_png.rf.0123641bfaad488a104ebd766f852a89.jpg</filename>
	<path>da31_png.rf.0123641bfaad488a104ebd766f852a89.jpg</path>
	<source>
		<database>roboflow.com</database>
	</source>
	<size>
		<width>512</width>
		<height>512</height>
		<depth>3</depth>
	</size>
	<segmented>0</segmented>
	<object>
		<name>da</name>
		<pose>Unspecified</pose>
		<truncated>0</truncated>
		<difficult>0</difficult>
		<occluded>0</occluded>
		<bndbox>
			<xmin>124</xmin>
			<xmax>386</xmax>
			<ymin>70</ymin>
			<ymax>220</ymax>
		</bndbox>
	</object>
</annotation>
