<annotation>
	<folder></folder>
	<filename>da32_png.rf.2fbafd55fa723aa28c3d497ca305ea94.jpg</filename>
	<path>da32_png.rf.2fbafd55fa723aa28c3d497ca305ea94.jpg</path>
	<source>
		<database>roboflow.com</database>
	</source>
	<size>
		<width>512</width>
		<height>512</height>
		<depth>3</depth>
	</size>
	<segmented>0</segmented>
	<object>
		<name>da</name>
		<pose>Unspecified</pose>
		<truncated>0</truncated>
		<difficult>0</difficult>
		<occluded>0</occluded>
		<bndbox>
			<xmin>107</xmin>
			<xmax>406</xmax>
			<ymin>47</ymin>
			<ymax>259</ymax>
		</bndbox>
	</object>
</annotation>
