<annotation>
	<folder></folder>
	<filename>da32_png.rf.fbf1234eb1e8935f8677c3e3fc784058.jpg</filename>
	<path>da32_png.rf.fbf1234eb1e8935f8677c3e3fc784058.jpg</path>
	<source>
		<database>roboflow.com</database>
	</source>
	<size>
		<width>512</width>
		<height>512</height>
		<depth>3</depth>
	</size>
	<segmented>0</segmented>
	<object>
		<name>da</name>
		<pose>Unspecified</pose>
		<truncated>0</truncated>
		<difficult>0</difficult>
		<occluded>0</occluded>
		<bndbox>
			<xmin>103</xmin>
			<xmax>395</xmax>
			<ymin>52</ymin>
			<ymax>254</ymax>
		</bndbox>
	</object>
</annotation>
