<annotation>
	<folder></folder>
	<filename>da33_png.rf.b3b4b4352ea0fda591dcf3e4902a4285.jpg</filename>
	<path>da33_png.rf.b3b4b4352ea0fda591dcf3e4902a4285.jpg</path>
	<source>
		<database>roboflow.com</database>
	</source>
	<size>
		<width>512</width>
		<height>512</height>
		<depth>3</depth>
	</size>
	<segmented>0</segmented>
	<object>
		<name>da</name>
		<pose>Unspecified</pose>
		<truncated>0</truncated>
		<difficult>0</difficult>
		<occluded>0</occluded>
		<bndbox>
			<xmin>81</xmin>
			<xmax>392</xmax>
			<ymin>67</ymin>
			<ymax>259</ymax>
		</bndbox>
	</object>
</annotation>
