<annotation>
	<folder></folder>
	<filename>da33_png.rf.8cd94c3382d2c4decd3dcaaf6363bc42.jpg</filename>
	<path>da33_png.rf.8cd94c3382d2c4decd3dcaaf6363bc42.jpg</path>
	<source>
		<database>roboflow.com</database>
	</source>
	<size>
		<width>512</width>
		<height>512</height>
		<depth>3</depth>
	</size>
	<segmented>0</segmented>
	<object>
		<name>da</name>
		<pose>Unspecified</pose>
		<truncated>0</truncated>
		<difficult>0</difficult>
		<occluded>0</occluded>
		<bndbox>
			<xmin>84</xmin>
			<xmax>392</xmax>
			<ymin>69</ymin>
			<ymax>256</ymax>
		</bndbox>
	</object>
</annotation>
