<annotation>
	<folder></folder>
	<filename>da34_png.rf.858c10ad6dd99294d995d94221bde26b.jpg</filename>
	<path>da34_png.rf.858c10ad6dd99294d995d94221bde26b.jpg</path>
	<source>
		<database>roboflow.com</database>
	</source>
	<size>
		<width>512</width>
		<height>512</height>
		<depth>3</depth>
	</size>
	<segmented>0</segmented>
	<object>
		<name>da</name>
		<pose>Unspecified</pose>
		<truncated>0</truncated>
		<difficult>0</difficult>
		<occluded>0</occluded>
		<bndbox>
			<xmin>65</xmin>
			<xmax>354</xmax>
			<ymin>47</ymin>
			<ymax>264</ymax>
		</bndbox>
	</object>
</annotation>
