<annotation>
	<folder></folder>
	<filename>da34_png.rf.3cca7fb27cfbc6f9c1acef7debeeb90e.jpg</filename>
	<path>da34_png.rf.3cca7fb27cfbc6f9c1acef7debeeb90e.jpg</path>
	<source>
		<database>roboflow.com</database>
	</source>
	<size>
		<width>512</width>
		<height>512</height>
		<depth>3</depth>
	</size>
	<segmented>0</segmented>
	<object>
		<name>da</name>
		<pose>Unspecified</pose>
		<truncated>0</truncated>
		<difficult>0</difficult>
		<occluded>0</occluded>
		<bndbox>
			<xmin>54</xmin>
			<xmax>354</xmax>
			<ymin>42</ymin>
			<ymax>274</ymax>
		</bndbox>
	</object>
</annotation>
