<annotation>
	<folder></folder>
	<filename>da34_png.rf.24aeb6b4af251d2bfa2f030e895276be.jpg</filename>
	<path>da34_png.rf.24aeb6b4af251d2bfa2f030e895276be.jpg</path>
	<source>
		<database>roboflow.com</database>
	</source>
	<size>
		<width>512</width>
		<height>512</height>
		<depth>3</depth>
	</size>
	<segmented>0</segmented>
	<object>
		<name>da</name>
		<pose>Unspecified</pose>
		<truncated>0</truncated>
		<difficult>0</difficult>
		<occluded>0</occluded>
		<bndbox>
			<xmin>58</xmin>
			<xmax>354</xmax>
			<ymin>43</ymin>
			<ymax>270</ymax>
		</bndbox>
	</object>
</annotation>
