<annotation>
	<folder></folder>
	<filename>da35_png.rf.3b9fe5f3c074406b1377abced5dd1e8b.jpg</filename>
	<path>da35_png.rf.3b9fe5f3c074406b1377abced5dd1e8b.jpg</path>
	<source>
		<database>roboflow.com</database>
	</source>
	<size>
		<width>512</width>
		<height>512</height>
		<depth>3</depth>
	</size>
	<segmented>0</segmented>
	<object>
		<name>da</name>
		<pose>Unspecified</pose>
		<truncated>0</truncated>
		<difficult>0</difficult>
		<occluded>0</occluded>
		<bndbox>
			<xmin>106</xmin>
			<xmax>448</xmax>
			<ymin>72</ymin>
			<ymax>311</ymax>
		</bndbox>
	</object>
</annotation>
