<annotation>
	<folder></folder>
	<filename>da35_png.rf.c99e9d7345bb1caaa81c2b4568ccd0d5.jpg</filename>
	<path>da35_png.rf.c99e9d7345bb1caaa81c2b4568ccd0d5.jpg</path>
	<source>
		<database>roboflow.com</database>
	</source>
	<size>
		<width>512</width>
		<height>512</height>
		<depth>3</depth>
	</size>
	<segmented>0</segmented>
	<object>
		<name>da</name>
		<pose>Unspecified</pose>
		<truncated>0</truncated>
		<difficult>0</difficult>
		<occluded>0</occluded>
		<bndbox>
			<xmin>112</xmin>
			<xmax>446</xmax>
			<ymin>79</ymin>
			<ymax>306</ymax>
		</bndbox>
	</object>
</annotation>
