<annotation>
	<folder></folder>
	<filename>da35_png.rf.3197196006d3cbf16cbfb117ee78c014.jpg</filename>
	<path>da35_png.rf.3197196006d3cbf16cbfb117ee78c014.jpg</path>
	<source>
		<database>roboflow.com</database>
	</source>
	<size>
		<width>512</width>
		<height>512</height>
		<depth>3</depth>
	</size>
	<segmented>0</segmented>
	<object>
		<name>da</name>
		<pose>Unspecified</pose>
		<truncated>0</truncated>
		<difficult>0</difficult>
		<occluded>0</occluded>
		<bndbox>
			<xmin>100</xmin>
			<xmax>449</xmax>
			<ymin>66</ymin>
			<ymax>316</ymax>
		</bndbox>
	</object>
</annotation>
