<annotation>
	<folder></folder>
	<filename>da36_png.rf.cca52e00a612c376029d8894805fc65f.jpg</filename>
	<path>da36_png.rf.cca52e00a612c376029d8894805fc65f.jpg</path>
	<source>
		<database>roboflow.com</database>
	</source>
	<size>
		<width>512</width>
		<height>512</height>
		<depth>3</depth>
	</size>
	<segmented>0</segmented>
	<object>
		<name>da</name>
		<pose>Unspecified</pose>
		<truncated>0</truncated>
		<difficult>0</difficult>
		<occluded>0</occluded>
		<bndbox>
			<xmin>156</xmin>
			<xmax>353</xmax>
			<ymin>95</ymin>
			<ymax>230</ymax>
		</bndbox>
	</object>
</annotation>
