<annotation>
	<folder></folder>
	<filename>da36_png.rf.fa26e02b9b519634d63ebab6258d292e.jpg</filename>
	<path>da36_png.rf.fa26e02b9b519634d63ebab6258d292e.jpg</path>
	<source>
		<database>roboflow.com</database>
	</source>
	<size>
		<width>512</width>
		<height>512</height>
		<depth>3</depth>
	</size>
	<segmented>0</segmented>
	<object>
		<name>da</name>
		<pose>Unspecified</pose>
		<truncated>0</truncated>
		<difficult>0</difficult>
		<occluded>0</occluded>
		<bndbox>
			<xmin>145</xmin>
			<xmax>338</xmax>
			<ymin>99</ymin>
			<ymax>228</ymax>
		</bndbox>
	</object>
</annotation>
