<annotation>
	<folder></folder>
	<filename>da36_png.rf.5100e1023604b2c6e19001efd93a5ed1.jpg</filename>
	<path>da36_png.rf.5100e1023604b2c6e19001efd93a5ed1.jpg</path>
	<source>
		<database>roboflow.com</database>
	</source>
	<size>
		<width>512</width>
		<height>512</height>
		<depth>3</depth>
	</size>
	<segmented>0</segmented>
	<object>
		<name>da</name>
		<pose>Unspecified</pose>
		<truncated>0</truncated>
		<difficult>0</difficult>
		<occluded>0</occluded>
		<bndbox>
			<xmin>153</xmin>
			<xmax>340</xmax>
			<ymin>104</ymin>
			<ymax>223</ymax>
		</bndbox>
	</object>
</annotation>
