<annotation>
	<folder></folder>
	<filename>da37_png.rf.7c41346c4d4b7d2f03d0dddebdb8444a.jpg</filename>
	<path>da37_png.rf.7c41346c4d4b7d2f03d0dddebdb8444a.jpg</path>
	<source>
		<database>roboflow.com</database>
	</source>
	<size>
		<width>512</width>
		<height>512</height>
		<depth>3</depth>
	</size>
	<segmented>0</segmented>
	<object>
		<name>da</name>
		<pose>Unspecified</pose>
		<truncated>0</truncated>
		<difficult>0</difficult>
		<occluded>0</occluded>
		<bndbox>
			<xmin>23</xmin>
			<xmax>434</xmax>
			<ymin>21</ymin>
			<ymax>283</ymax>
		</bndbox>
	</object>
</annotation>
