<annotation>
	<folder></folder>
	<filename>da37_png.rf.69a3a67ca6bdd1e6ffece84299ff55a3.jpg</filename>
	<path>da37_png.rf.69a3a67ca6bdd1e6ffece84299ff55a3.jpg</path>
	<source>
		<database>roboflow.com</database>
	</source>
	<size>
		<width>512</width>
		<height>512</height>
		<depth>3</depth>
	</size>
	<segmented>0</segmented>
	<object>
		<name>da</name>
		<pose>Unspecified</pose>
		<truncated>0</truncated>
		<difficult>0</difficult>
		<occluded>0</occluded>
		<bndbox>
			<xmin>5</xmin>
			<xmax>420</xmax>
			<ymin>23</ymin>
			<ymax>292</ymax>
		</bndbox>
	</object>
</annotation>
