<annotation>
	<folder></folder>
	<filename>da37_png.rf.c07b9e1ae67a50a726d5b114e45d3359.jpg</filename>
	<path>da37_png.rf.c07b9e1ae67a50a726d5b114e45d3359.jpg</path>
	<source>
		<database>roboflow.com</database>
	</source>
	<size>
		<width>512</width>
		<height>512</height>
		<depth>3</depth>
	</size>
	<segmented>0</segmented>
	<object>
		<name>da</name>
		<pose>Unspecified</pose>
		<truncated>0</truncated>
		<difficult>0</difficult>
		<occluded>0</occluded>
		<bndbox>
			<xmin>23</xmin>
			<xmax>419</xmax>
			<ymin>37</ymin>
			<ymax>272</ymax>
		</bndbox>
	</object>
</annotation>
