<annotation>
	<folder></folder>
	<filename>da39_png.rf.039006dcf2fce5837798c7d8436150ed.jpg</filename>
	<path>da39_png.rf.039006dcf2fce5837798c7d8436150ed.jpg</path>
	<source>
		<database>roboflow.com</database>
	</source>
	<size>
		<width>512</width>
		<height>512</height>
		<depth>3</depth>
	</size>
	<segmented>0</segmented>
	<object>
		<name>da</name>
		<pose>Unspecified</pose>
		<truncated>0</truncated>
		<difficult>0</difficult>
		<occluded>0</occluded>
		<bndbox>
			<xmin>96</xmin>
			<xmax>357</xmax>
			<ymin>47</ymin>
			<ymax>268</ymax>
		</bndbox>
	</object>
</annotation>
