<annotation>
	<folder></folder>
	<filename>da39_png.rf.117e1f5c885cad6c968fc6a4b637805a.jpg</filename>
	<path>da39_png.rf.117e1f5c885cad6c968fc6a4b637805a.jpg</path>
	<source>
		<database>roboflow.com</database>
	</source>
	<size>
		<width>512</width>
		<height>512</height>
		<depth>3</depth>
	</size>
	<segmented>0</segmented>
	<object>
		<name>da</name>
		<pose>Unspecified</pose>
		<truncated>0</truncated>
		<difficult>0</difficult>
		<occluded>0</occluded>
		<bndbox>
			<xmin>96</xmin>
			<xmax>341</xmax>
			<ymin>60</ymin>
			<ymax>260</ymax>
		</bndbox>
	</object>
</annotation>
