<annotation>
	<folder></folder>
	<filename>da39_png.rf.f3a99759a126c22cbaac4c4afa1aeaba.jpg</filename>
	<path>da39_png.rf.f3a99759a126c22cbaac4c4afa1aeaba.jpg</path>
	<source>
		<database>roboflow.com</database>
	</source>
	<size>
		<width>512</width>
		<height>512</height>
		<depth>3</depth>
	</size>
	<segmented>0</segmented>
	<object>
		<name>da</name>
		<pose>Unspecified</pose>
		<truncated>0</truncated>
		<difficult>0</difficult>
		<occluded>0</occluded>
		<bndbox>
			<xmin>96</xmin>
			<xmax>351</xmax>
			<ymin>52</ymin>
			<ymax>265</ymax>
		</bndbox>
	</object>
</annotation>
