<annotation>
	<folder></folder>
	<filename>da41_png.rf.9d6ccf56d9d1ef3bd34a22ce65a96b36.jpg</filename>
	<path>da41_png.rf.9d6ccf56d9d1ef3bd34a22ce65a96b36.jpg</path>
	<source>
		<database>roboflow.com</database>
	</source>
	<size>
		<width>512</width>
		<height>512</height>
		<depth>3</depth>
	</size>
	<segmented>0</segmented>
	<object>
		<name>da</name>
		<pose>Unspecified</pose>
		<truncated>0</truncated>
		<difficult>0</difficult>
		<occluded>0</occluded>
		<bndbox>
			<xmin>145</xmin>
			<xmax>425</xmax>
			<ymin>68</ymin>
			<ymax>280</ymax>
		</bndbox>
	</object>
</annotation>
