<annotation>
	<folder></folder>
	<filename>da41_png.rf.4b3dc758dcd178991534bb202c3e3a1d.jpg</filename>
	<path>da41_png.rf.4b3dc758dcd178991534bb202c3e3a1d.jpg</path>
	<source>
		<database>roboflow.com</database>
	</source>
	<size>
		<width>512</width>
		<height>512</height>
		<depth>3</depth>
	</size>
	<segmented>0</segmented>
	<object>
		<name>da</name>
		<pose>Unspecified</pose>
		<truncated>0</truncated>
		<difficult>0</difficult>
		<occluded>0</occluded>
		<bndbox>
			<xmin>143</xmin>
			<xmax>413</xmax>
			<ymin>72</ymin>
			<ymax>271</ymax>
		</bndbox>
	</object>
</annotation>
