<annotation>
	<folder></folder>
	<filename>da42_png.rf.2a15e9eac93ca010509e18a66bf612f7.jpg</filename>
	<path>da42_png.rf.2a15e9eac93ca010509e18a66bf612f7.jpg</path>
	<source>
		<database>roboflow.com</database>
	</source>
	<size>
		<width>512</width>
		<height>512</height>
		<depth>3</depth>
	</size>
	<segmented>0</segmented>
	<object>
		<name>da</name>
		<pose>Unspecified</pose>
		<truncated>0</truncated>
		<difficult>0</difficult>
		<occluded>0</occluded>
		<bndbox>
			<xmin>83</xmin>
			<xmax>415</xmax>
			<ymin>42</ymin>
			<ymax>277</ymax>
		</bndbox>
	</object>
</annotation>
