<annotation>
	<folder></folder>
	<filename>da42_png.rf.bb45d4d6e977b158f7c592b5f09954d4.jpg</filename>
	<path>da42_png.rf.bb45d4d6e977b158f7c592b5f09954d4.jpg</path>
	<source>
		<database>roboflow.com</database>
	</source>
	<size>
		<width>512</width>
		<height>512</height>
		<depth>3</depth>
	</size>
	<segmented>0</segmented>
	<object>
		<name>da</name>
		<pose>Unspecified</pose>
		<truncated>0</truncated>
		<difficult>0</difficult>
		<occluded>0</occluded>
		<bndbox>
			<xmin>82</xmin>
			<xmax>426</xmax>
			<ymin>33</ymin>
			<ymax>285</ymax>
		</bndbox>
	</object>
</annotation>
