<annotation>
	<folder></folder>
	<filename>da42_png.rf.5499a5f6dea86308072843f75be74cfe.jpg</filename>
	<path>da42_png.rf.5499a5f6dea86308072843f75be74cfe.jpg</path>
	<source>
		<database>roboflow.com</database>
	</source>
	<size>
		<width>512</width>
		<height>512</height>
		<depth>3</depth>
	</size>
	<segmented>0</segmented>
	<object>
		<name>da</name>
		<pose>Unspecified</pose>
		<truncated>0</truncated>
		<difficult>0</difficult>
		<occluded>0</occluded>
		<bndbox>
			<xmin>65</xmin>
			<xmax>416</xmax>
			<ymin>29</ymin>
			<ymax>292</ymax>
		</bndbox>
	</object>
</annotation>
