<annotation>
	<folder></folder>
	<filename>da43_png.rf.a92297cb0bae126a113a9e40f643d796.jpg</filename>
	<path>da43_png.rf.a92297cb0bae126a113a9e40f643d796.jpg</path>
	<source>
		<database>roboflow.com</database>
	</source>
	<size>
		<width>512</width>
		<height>512</height>
		<depth>3</depth>
	</size>
	<segmented>0</segmented>
	<object>
		<name>da</name>
		<pose>Unspecified</pose>
		<truncated>0</truncated>
		<difficult>0</difficult>
		<occluded>0</occluded>
		<bndbox>
			<xmin>65</xmin>
			<xmax>332</xmax>
			<ymin>55</ymin>
			<ymax>220</ymax>
		</bndbox>
	</object>
</annotation>
