<annotation>
	<folder></folder>
	<filename>da43_png.rf.5b14829c8d1636003fc5388818b96e44.jpg</filename>
	<path>da43_png.rf.5b14829c8d1636003fc5388818b96e44.jpg</path>
	<source>
		<database>roboflow.com</database>
	</source>
	<size>
		<width>512</width>
		<height>512</height>
		<depth>3</depth>
	</size>
	<segmented>0</segmented>
	<object>
		<name>da</name>
		<pose>Unspecified</pose>
		<truncated>0</truncated>
		<difficult>0</difficult>
		<occluded>0</occluded>
		<bndbox>
			<xmin>45</xmin>
			<xmax>328</xmax>
			<ymin>48</ymin>
			<ymax>240</ymax>
		</bndbox>
	</object>
</annotation>
