<annotation>
	<folder></folder>
	<filename>da43_png.rf.f345f16667eb28e753b5340bdf2806bb.jpg</filename>
	<path>da43_png.rf.f345f16667eb28e753b5340bdf2806bb.jpg</path>
	<source>
		<database>roboflow.com</database>
	</source>
	<size>
		<width>512</width>
		<height>512</height>
		<depth>3</depth>
	</size>
	<segmented>0</segmented>
	<object>
		<name>da</name>
		<pose>Unspecified</pose>
		<truncated>0</truncated>
		<difficult>0</difficult>
		<occluded>0</occluded>
		<bndbox>
			<xmin>48</xmin>
			<xmax>328</xmax>
			<ymin>49</ymin>
			<ymax>237</ymax>
		</bndbox>
	</object>
</annotation>
