<annotation>
	<folder></folder>
	<filename>da44_png.rf.cf0f300b8c42e74748f1de118d306fbd.jpg</filename>
	<path>da44_png.rf.cf0f300b8c42e74748f1de118d306fbd.jpg</path>
	<source>
		<database>roboflow.com</database>
	</source>
	<size>
		<width>512</width>
		<height>512</height>
		<depth>3</depth>
	</size>
	<segmented>0</segmented>
	<object>
		<name>da</name>
		<pose>Unspecified</pose>
		<truncated>0</truncated>
		<difficult>0</difficult>
		<occluded>0</occluded>
		<bndbox>
			<xmin>34</xmin>
			<xmax>189</xmax>
			<ymin>41</ymin>
			<ymax>161</ymax>
		</bndbox>
	</object>
</annotation>
