<annotation>
	<folder></folder>
	<filename>da44_png.rf.5ef61e714237d9ce3dbcd7dde486d922.jpg</filename>
	<path>da44_png.rf.5ef61e714237d9ce3dbcd7dde486d922.jpg</path>
	<source>
		<database>roboflow.com</database>
	</source>
	<size>
		<width>512</width>
		<height>512</height>
		<depth>3</depth>
	</size>
	<segmented>0</segmented>
	<object>
		<name>da</name>
		<pose>Unspecified</pose>
		<truncated>0</truncated>
		<difficult>0</difficult>
		<occluded>0</occluded>
		<bndbox>
			<xmin>39</xmin>
			<xmax>200</xmax>
			<ymin>30</ymin>
			<ymax>158</ymax>
		</bndbox>
	</object>
</annotation>
