<annotation>
	<folder></folder>
	<filename>da45_png.rf.2104d715e36908f34c534807f469e8c6.jpg</filename>
	<path>da45_png.rf.2104d715e36908f34c534807f469e8c6.jpg</path>
	<source>
		<database>roboflow.com</database>
	</source>
	<size>
		<width>512</width>
		<height>512</height>
		<depth>3</depth>
	</size>
	<segmented>0</segmented>
	<object>
		<name>da</name>
		<pose>Unspecified</pose>
		<truncated>0</truncated>
		<difficult>0</difficult>
		<occluded>0</occluded>
		<bndbox>
			<xmin>124</xmin>
			<xmax>382</xmax>
			<ymin>67</ymin>
			<ymax>245</ymax>
		</bndbox>
	</object>
</annotation>
