<annotation>
	<folder></folder>
	<filename>da45_png.rf.c11c82e4da63b518768c800025a4e634.jpg</filename>
	<path>da45_png.rf.c11c82e4da63b518768c800025a4e634.jpg</path>
	<source>
		<database>roboflow.com</database>
	</source>
	<size>
		<width>512</width>
		<height>512</height>
		<depth>3</depth>
	</size>
	<segmented>0</segmented>
	<object>
		<name>da</name>
		<pose>Unspecified</pose>
		<truncated>0</truncated>
		<difficult>0</difficult>
		<occluded>0</occluded>
		<bndbox>
			<xmin>121</xmin>
			<xmax>382</xmax>
			<ymin>65</ymin>
			<ymax>247</ymax>
		</bndbox>
	</object>
</annotation>
