<annotation>
	<folder></folder>
	<filename>da45_png.rf.982af6a8bd757189b8610a950c0db075.jpg</filename>
	<path>da45_png.rf.982af6a8bd757189b8610a950c0db075.jpg</path>
	<source>
		<database>roboflow.com</database>
	</source>
	<size>
		<width>512</width>
		<height>512</height>
		<depth>3</depth>
	</size>
	<segmented>0</segmented>
	<object>
		<name>da</name>
		<pose>Unspecified</pose>
		<truncated>0</truncated>
		<difficult>0</difficult>
		<occluded>0</occluded>
		<bndbox>
			<xmin>125</xmin>
			<xmax>392</xmax>
			<ymin>61</ymin>
			<ymax>252</ymax>
		</bndbox>
	</object>
</annotation>
