<annotation>
	<folder></folder>
	<filename>da46_png.rf.4d24b921261546b1c87252aa455110c9.jpg</filename>
	<path>da46_png.rf.4d24b921261546b1c87252aa455110c9.jpg</path>
	<source>
		<database>roboflow.com</database>
	</source>
	<size>
		<width>512</width>
		<height>512</height>
		<depth>3</depth>
	</size>
	<segmented>0</segmented>
	<object>
		<name>da</name>
		<pose>Unspecified</pose>
		<truncated>0</truncated>
		<difficult>0</difficult>
		<occluded>0</occluded>
		<bndbox>
			<xmin>84</xmin>
			<xmax>424</xmax>
			<ymin>40</ymin>
			<ymax>246</ymax>
		</bndbox>
	</object>
</annotation>
