<annotation>
	<folder></folder>
	<filename>da46_png.rf.6d9ead33729af861d56850fb4e778bb8.jpg</filename>
	<path>da46_png.rf.6d9ead33729af861d56850fb4e778bb8.jpg</path>
	<source>
		<database>roboflow.com</database>
	</source>
	<size>
		<width>512</width>
		<height>512</height>
		<depth>3</depth>
	</size>
	<segmented>0</segmented>
	<object>
		<name>da</name>
		<pose>Unspecified</pose>
		<truncated>0</truncated>
		<difficult>0</difficult>
		<occluded>0</occluded>
		<bndbox>
			<xmin>84</xmin>
			<xmax>421</xmax>
			<ymin>43</ymin>
			<ymax>243</ymax>
		</bndbox>
	</object>
</annotation>
