<annotation>
	<folder></folder>
	<filename>da47_png.rf.2c82d7467fd26e76d41445ed2360488d.jpg</filename>
	<path>da47_png.rf.2c82d7467fd26e76d41445ed2360488d.jpg</path>
	<source>
		<database>roboflow.com</database>
	</source>
	<size>
		<width>512</width>
		<height>512</height>
		<depth>3</depth>
	</size>
	<segmented>0</segmented>
	<object>
		<name>da</name>
		<pose>Unspecified</pose>
		<truncated>0</truncated>
		<difficult>0</difficult>
		<occluded>0</occluded>
		<bndbox>
			<xmin>114</xmin>
			<xmax>422</xmax>
			<ymin>30</ymin>
			<ymax>253</ymax>
		</bndbox>
	</object>
</annotation>
