<annotation>
	<folder></folder>
	<filename>da47_png.rf.143f4af5eabbbbaef1bf9b84d62d8573.jpg</filename>
	<path>da47_png.rf.143f4af5eabbbbaef1bf9b84d62d8573.jpg</path>
	<source>
		<database>roboflow.com</database>
	</source>
	<size>
		<width>512</width>
		<height>512</height>
		<depth>3</depth>
	</size>
	<segmented>0</segmented>
	<object>
		<name>da</name>
		<pose>Unspecified</pose>
		<truncated>0</truncated>
		<difficult>0</difficult>
		<occluded>0</occluded>
		<bndbox>
			<xmin>118</xmin>
			<xmax>423</xmax>
			<ymin>33</ymin>
			<ymax>251</ymax>
		</bndbox>
	</object>
</annotation>
