<annotation>
	<folder></folder>
	<filename>da47_png.rf.6f05c9e9d409e41a951e91e8ecca7873.jpg</filename>
	<path>da47_png.rf.6f05c9e9d409e41a951e91e8ecca7873.jpg</path>
	<source>
		<database>roboflow.com</database>
	</source>
	<size>
		<width>512</width>
		<height>512</height>
		<depth>3</depth>
	</size>
	<segmented>0</segmented>
	<object>
		<name>da</name>
		<pose>Unspecified</pose>
		<truncated>0</truncated>
		<difficult>0</difficult>
		<occluded>0</occluded>
		<bndbox>
			<xmin>136</xmin>
			<xmax>425</xmax>
			<ymin>46</ymin>
			<ymax>240</ymax>
		</bndbox>
	</object>
</annotation>
