<annotation>
	<folder></folder>
	<filename>da50_png.rf.68fa9731a5d0f85041a4104feb29b11b.jpg</filename>
	<path>da50_png.rf.68fa9731a5d0f85041a4104feb29b11b.jpg</path>
	<source>
		<database>roboflow.com</database>
	</source>
	<size>
		<width>512</width>
		<height>512</height>
		<depth>3</depth>
	</size>
	<segmented>0</segmented>
	<object>
		<name>da</name>
		<pose>Unspecified</pose>
		<truncated>0</truncated>
		<difficult>0</difficult>
		<occluded>0</occluded>
		<bndbox>
			<xmin>132</xmin>
			<xmax>433</xmax>
			<ymin>48</ymin>
			<ymax>268</ymax>
		</bndbox>
	</object>
</annotation>
