<annotation>
	<folder></folder>
	<filename>da50_png.rf.94691d1d5a99f31cbb9557bf178b2ba2.jpg</filename>
	<path>da50_png.rf.94691d1d5a99f31cbb9557bf178b2ba2.jpg</path>
	<source>
		<database>roboflow.com</database>
	</source>
	<size>
		<width>512</width>
		<height>512</height>
		<depth>3</depth>
	</size>
	<segmented>0</segmented>
	<object>
		<name>da</name>
		<pose>Unspecified</pose>
		<truncated>0</truncated>
		<difficult>0</difficult>
		<occluded>0</occluded>
		<bndbox>
			<xmin>128</xmin>
			<xmax>433</xmax>
			<ymin>45</ymin>
			<ymax>270</ymax>
		</bndbox>
	</object>
</annotation>
