<annotation>
	<folder></folder>
	<filename>da51_png.rf.934a00fc764bd6fdc50ccf03f4bc3384.jpg</filename>
	<path>da51_png.rf.934a00fc764bd6fdc50ccf03f4bc3384.jpg</path>
	<source>
		<database>roboflow.com</database>
	</source>
	<size>
		<width>512</width>
		<height>512</height>
		<depth>3</depth>
	</size>
	<segmented>0</segmented>
	<object>
		<name>da</name>
		<pose>Unspecified</pose>
		<truncated>0</truncated>
		<difficult>0</difficult>
		<occluded>0</occluded>
		<bndbox>
			<xmin>122</xmin>
			<xmax>359</xmax>
			<ymin>70</ymin>
			<ymax>230</ymax>
		</bndbox>
	</object>
</annotation>
