<annotation>
	<folder></folder>
	<filename>da51_png.rf.253e33328e98d2f0f7a238e711b70f97.jpg</filename>
	<path>da51_png.rf.253e33328e98d2f0f7a238e711b70f97.jpg</path>
	<source>
		<database>roboflow.com</database>
	</source>
	<size>
		<width>512</width>
		<height>512</height>
		<depth>3</depth>
	</size>
	<segmented>0</segmented>
	<object>
		<name>da</name>
		<pose>Unspecified</pose>
		<truncated>0</truncated>
		<difficult>0</difficult>
		<occluded>0</occluded>
		<bndbox>
			<xmin>106</xmin>
			<xmax>356</xmax>
			<ymin>62</ymin>
			<ymax>242</ymax>
		</bndbox>
	</object>
</annotation>
