<annotation>
	<folder></folder>
	<filename>da51_png.rf.f2414a194e2a75484e8b8f0e5f2df461.jpg</filename>
	<path>da51_png.rf.f2414a194e2a75484e8b8f0e5f2df461.jpg</path>
	<source>
		<database>roboflow.com</database>
	</source>
	<size>
		<width>512</width>
		<height>512</height>
		<depth>3</depth>
	</size>
	<segmented>0</segmented>
	<object>
		<name>da</name>
		<pose>Unspecified</pose>
		<truncated>0</truncated>
		<difficult>0</difficult>
		<occluded>0</occluded>
		<bndbox>
			<xmin>123</xmin>
			<xmax>365</xmax>
			<ymin>66</ymin>
			<ymax>234</ymax>
		</bndbox>
	</object>
</annotation>
