<annotation>
	<folder></folder>
	<filename>da52_png.rf.e2cfd851c7b4362d4b0f687e2483455c.jpg</filename>
	<path>da52_png.rf.e2cfd851c7b4362d4b0f687e2483455c.jpg</path>
	<source>
		<database>roboflow.com</database>
	</source>
	<size>
		<width>512</width>
		<height>512</height>
		<depth>3</depth>
	</size>
	<segmented>0</segmented>
	<object>
		<name>da</name>
		<pose>Unspecified</pose>
		<truncated>0</truncated>
		<difficult>0</difficult>
		<occluded>0</occluded>
		<bndbox>
			<xmin>154</xmin>
			<xmax>436</xmax>
			<ymin>45</ymin>
			<ymax>237</ymax>
		</bndbox>
	</object>
</annotation>
