<annotation>
	<folder></folder>
	<filename>da52_png.rf.baf7c0ba5b77c781fba46f306aca7c2e.jpg</filename>
	<path>da52_png.rf.baf7c0ba5b77c781fba46f306aca7c2e.jpg</path>
	<source>
		<database>roboflow.com</database>
	</source>
	<size>
		<width>512</width>
		<height>512</height>
		<depth>3</depth>
	</size>
	<segmented>0</segmented>
	<object>
		<name>da</name>
		<pose>Unspecified</pose>
		<truncated>0</truncated>
		<difficult>0</difficult>
		<occluded>0</occluded>
		<bndbox>
			<xmin>143</xmin>
			<xmax>435</xmax>
			<ymin>36</ymin>
			<ymax>242</ymax>
		</bndbox>
	</object>
</annotation>
