<annotation>
	<folder></folder>
	<filename>da52_png.rf.ff42a65e1c39a3d3db332a5c31eec4d2.jpg</filename>
	<path>da52_png.rf.ff42a65e1c39a3d3db332a5c31eec4d2.jpg</path>
	<source>
		<database>roboflow.com</database>
	</source>
	<size>
		<width>512</width>
		<height>512</height>
		<depth>3</depth>
	</size>
	<segmented>0</segmented>
	<object>
		<name>da</name>
		<pose>Unspecified</pose>
		<truncated>0</truncated>
		<difficult>0</difficult>
		<occluded>0</occluded>
		<bndbox>
			<xmin>147</xmin>
			<xmax>436</xmax>
			<ymin>39</ymin>
			<ymax>241</ymax>
		</bndbox>
	</object>
</annotation>
