<annotation>
	<folder></folder>
	<filename>da53_png.rf.2376405875cfb39f223658e7bdd4f4a3.jpg</filename>
	<path>da53_png.rf.2376405875cfb39f223658e7bdd4f4a3.jpg</path>
	<source>
		<database>roboflow.com</database>
	</source>
	<size>
		<width>512</width>
		<height>512</height>
		<depth>3</depth>
	</size>
	<segmented>0</segmented>
	<object>
		<name>da</name>
		<pose>Unspecified</pose>
		<truncated>0</truncated>
		<difficult>0</difficult>
		<occluded>0</occluded>
		<bndbox>
			<xmin>74</xmin>
			<xmax>373</xmax>
			<ymin>40</ymin>
			<ymax>262</ymax>
		</bndbox>
	</object>
</annotation>
