<annotation>
	<folder></folder>
	<filename>da54_png.rf.2eb4a515a014e0e328e7c859c27e2fc8.jpg</filename>
	<path>da54_png.rf.2eb4a515a014e0e328e7c859c27e2fc8.jpg</path>
	<source>
		<database>roboflow.com</database>
	</source>
	<size>
		<width>512</width>
		<height>512</height>
		<depth>3</depth>
	</size>
	<segmented>0</segmented>
	<object>
		<name>da</name>
		<pose>Unspecified</pose>
		<truncated>0</truncated>
		<difficult>0</difficult>
		<occluded>0</occluded>
		<bndbox>
			<xmin>122</xmin>
			<xmax>384</xmax>
			<ymin>64</ymin>
			<ymax>226</ymax>
		</bndbox>
	</object>
</annotation>
