<annotation>
	<folder></folder>
	<filename>da55_png.rf.e7cc65e5b89b2b9c1f3c967f6cc65aa8.jpg</filename>
	<path>da55_png.rf.e7cc65e5b89b2b9c1f3c967f6cc65aa8.jpg</path>
	<source>
		<database>roboflow.com</database>
	</source>
	<size>
		<width>512</width>
		<height>512</height>
		<depth>3</depth>
	</size>
	<segmented>0</segmented>
	<object>
		<name>da</name>
		<pose>Unspecified</pose>
		<truncated>0</truncated>
		<difficult>0</difficult>
		<occluded>0</occluded>
		<bndbox>
			<xmin>77</xmin>
			<xmax>431</xmax>
			<ymin>12</ymin>
			<ymax>249</ymax>
		</bndbox>
	</object>
</annotation>
