<annotation>
	<folder></folder>
	<filename>da56_png.rf.c0def2a3d165d02aed24a20dc8cd8b6c.jpg</filename>
	<path>da56_png.rf.c0def2a3d165d02aed24a20dc8cd8b6c.jpg</path>
	<source>
		<database>roboflow.com</database>
	</source>
	<size>
		<width>512</width>
		<height>512</height>
		<depth>3</depth>
	</size>
	<segmented>0</segmented>
	<object>
		<name>da</name>
		<pose>Unspecified</pose>
		<truncated>0</truncated>
		<difficult>0</difficult>
		<occluded>0</occluded>
		<bndbox>
			<xmin>104</xmin>
			<xmax>373</xmax>
			<ymin>53</ymin>
			<ymax>254</ymax>
		</bndbox>
	</object>
</annotation>
