<annotation>
	<folder></folder>
	<filename>da58_png.rf.7c257d70245ba87633892ca82ea20c20.jpg</filename>
	<path>da58_png.rf.7c257d70245ba87633892ca82ea20c20.jpg</path>
	<source>
		<database>roboflow.com</database>
	</source>
	<size>
		<width>512</width>
		<height>512</height>
		<depth>3</depth>
	</size>
	<segmented>0</segmented>
	<object>
		<name>da</name>
		<pose>Unspecified</pose>
		<truncated>0</truncated>
		<difficult>0</difficult>
		<occluded>0</occluded>
		<bndbox>
			<xmin>147</xmin>
			<xmax>343</xmax>
			<ymin>41</ymin>
			<ymax>209</ymax>
		</bndbox>
	</object>
</annotation>
