<annotation>
	<folder></folder>
	<filename>da59_png.rf.0a3356c979d077bacb045a7290aa0731.jpg</filename>
	<path>da59_png.rf.0a3356c979d077bacb045a7290aa0731.jpg</path>
	<source>
		<database>roboflow.com</database>
	</source>
	<size>
		<width>512</width>
		<height>512</height>
		<depth>3</depth>
	</size>
	<segmented>0</segmented>
	<object>
		<name>da</name>
		<pose>Unspecified</pose>
		<truncated>0</truncated>
		<difficult>0</difficult>
		<occluded>0</occluded>
		<bndbox>
			<xmin>172</xmin>
			<xmax>401</xmax>
			<ymin>71</ymin>
			<ymax>243</ymax>
		</bndbox>
	</object>
</annotation>
