<annotation>
	<folder></folder>
	<filename>da5_png.rf.f9019e41eede76b28f9a534653bce8cc.jpg</filename>
	<path>da5_png.rf.f9019e41eede76b28f9a534653bce8cc.jpg</path>
	<source>
		<database>roboflow.com</database>
	</source>
	<size>
		<width>512</width>
		<height>512</height>
		<depth>3</depth>
	</size>
	<segmented>0</segmented>
	<object>
		<name>da</name>
		<pose>Unspecified</pose>
		<truncated>0</truncated>
		<difficult>0</difficult>
		<occluded>0</occluded>
		<bndbox>
			<xmin>137</xmin>
			<xmax>442</xmax>
			<ymin>83</ymin>
			<ymax>312</ymax>
		</bndbox>
	</object>
</annotation>
