<annotation>
	<folder></folder>
	<filename>da5_png.rf.0053c57949f6dc8c0104f8c95a29f14c.jpg</filename>
	<path>da5_png.rf.0053c57949f6dc8c0104f8c95a29f14c.jpg</path>
	<source>
		<database>roboflow.com</database>
	</source>
	<size>
		<width>512</width>
		<height>512</height>
		<depth>3</depth>
	</size>
	<segmented>0</segmented>
	<object>
		<name>da</name>
		<pose>Unspecified</pose>
		<truncated>0</truncated>
		<difficult>0</difficult>
		<occluded>0</occluded>
		<bndbox>
			<xmin>139</xmin>
			<xmax>441</xmax>
			<ymin>86</ymin>
			<ymax>310</ymax>
		</bndbox>
	</object>
</annotation>
