<annotation>
	<folder></folder>
	<filename>da5_png.rf.fce632e1c5d5d18f6c4172fb0e3b8973.jpg</filename>
	<path>da5_png.rf.fce632e1c5d5d18f6c4172fb0e3b8973.jpg</path>
	<source>
		<database>roboflow.com</database>
	</source>
	<size>
		<width>512</width>
		<height>512</height>
		<depth>3</depth>
	</size>
	<segmented>0</segmented>
	<object>
		<name>da</name>
		<pose>Unspecified</pose>
		<truncated>0</truncated>
		<difficult>0</difficult>
		<occluded>0</occluded>
		<bndbox>
			<xmin>142</xmin>
			<xmax>440</xmax>
			<ymin>89</ymin>
			<ymax>308</ymax>
		</bndbox>
	</object>
</annotation>
