<annotation>
	<folder></folder>
	<filename>da61_png.rf.f43c351915546c638203d3c7df46a503.jpg</filename>
	<path>da61_png.rf.f43c351915546c638203d3c7df46a503.jpg</path>
	<source>
		<database>roboflow.com</database>
	</source>
	<size>
		<width>512</width>
		<height>512</height>
		<depth>3</depth>
	</size>
	<segmented>0</segmented>
	<object>
		<name>da</name>
		<pose>Unspecified</pose>
		<truncated>0</truncated>
		<difficult>0</difficult>
		<occluded>0</occluded>
		<bndbox>
			<xmin>75</xmin>
			<xmax>389</xmax>
			<ymin>64</ymin>
			<ymax>281</ymax>
		</bndbox>
	</object>
</annotation>
