<annotation>
	<folder></folder>
	<filename>da62_png.rf.8d7c862e1ed158a5df55e57da1756bad.jpg</filename>
	<path>da62_png.rf.8d7c862e1ed158a5df55e57da1756bad.jpg</path>
	<source>
		<database>roboflow.com</database>
	</source>
	<size>
		<width>512</width>
		<height>512</height>
		<depth>3</depth>
	</size>
	<segmented>0</segmented>
	<object>
		<name>da</name>
		<pose>Unspecified</pose>
		<truncated>0</truncated>
		<difficult>0</difficult>
		<occluded>0</occluded>
		<bndbox>
			<xmin>97</xmin>
			<xmax>429</xmax>
			<ymin>35</ymin>
			<ymax>267</ymax>
		</bndbox>
	</object>
</annotation>
