<annotation>
	<folder></folder>
	<filename>da63_png.rf.562cc27d6aed934e2e53beeaf0a8c115.jpg</filename>
	<path>da63_png.rf.562cc27d6aed934e2e53beeaf0a8c115.jpg</path>
	<source>
		<database>roboflow.com</database>
	</source>
	<size>
		<width>512</width>
		<height>512</height>
		<depth>3</depth>
	</size>
	<segmented>0</segmented>
	<object>
		<name>da</name>
		<pose>Unspecified</pose>
		<truncated>0</truncated>
		<difficult>0</difficult>
		<occluded>0</occluded>
		<bndbox>
			<xmin>101</xmin>
			<xmax>387</xmax>
			<ymin>56</ymin>
			<ymax>260</ymax>
		</bndbox>
	</object>
</annotation>
