<annotation>
	<folder></folder>
	<filename>da64_png.rf.d28b7ae22d97744a07e1be08eef1b031.jpg</filename>
	<path>da64_png.rf.d28b7ae22d97744a07e1be08eef1b031.jpg</path>
	<source>
		<database>roboflow.com</database>
	</source>
	<size>
		<width>512</width>
		<height>512</height>
		<depth>3</depth>
	</size>
	<segmented>0</segmented>
	<object>
		<name>da</name>
		<pose>Unspecified</pose>
		<truncated>0</truncated>
		<difficult>0</difficult>
		<occluded>0</occluded>
		<bndbox>
			<xmin>115</xmin>
			<xmax>436</xmax>
			<ymin>20</ymin>
			<ymax>252</ymax>
		</bndbox>
	</object>
</annotation>
