<annotation>
	<folder></folder>
	<filename>da65_png.rf.b8073b2a59499531edb867eed8c4a2a6.jpg</filename>
	<path>da65_png.rf.b8073b2a59499531edb867eed8c4a2a6.jpg</path>
	<source>
		<database>roboflow.com</database>
	</source>
	<size>
		<width>512</width>
		<height>512</height>
		<depth>3</depth>
	</size>
	<segmented>0</segmented>
	<object>
		<name>da</name>
		<pose>Unspecified</pose>
		<truncated>0</truncated>
		<difficult>0</difficult>
		<occluded>0</occluded>
		<bndbox>
			<xmin>141</xmin>
			<xmax>462</xmax>
			<ymin>57</ymin>
			<ymax>294</ymax>
		</bndbox>
	</object>
</annotation>
