<annotation>
	<folder></folder>
	<filename>da66_png.rf.ff4b265e6d78abdda1b3d3f09d61af37.jpg</filename>
	<path>da66_png.rf.ff4b265e6d78abdda1b3d3f09d61af37.jpg</path>
	<source>
		<database>roboflow.com</database>
	</source>
	<size>
		<width>512</width>
		<height>512</height>
		<depth>3</depth>
	</size>
	<segmented>0</segmented>
	<object>
		<name>da</name>
		<pose>Unspecified</pose>
		<truncated>0</truncated>
		<difficult>0</difficult>
		<occluded>0</occluded>
		<bndbox>
			<xmin>85</xmin>
			<xmax>361</xmax>
			<ymin>75</ymin>
			<ymax>285</ymax>
		</bndbox>
	</object>
</annotation>
