<annotation>
	<folder></folder>
	<filename>da67_png.rf.29d839b126bbb564542f966f97efa861.jpg</filename>
	<path>da67_png.rf.29d839b126bbb564542f966f97efa861.jpg</path>
	<source>
		<database>roboflow.com</database>
	</source>
	<size>
		<width>512</width>
		<height>512</height>
		<depth>3</depth>
	</size>
	<segmented>0</segmented>
	<object>
		<name>da</name>
		<pose>Unspecified</pose>
		<truncated>0</truncated>
		<difficult>0</difficult>
		<occluded>0</occluded>
		<bndbox>
			<xmin>123</xmin>
			<xmax>399</xmax>
			<ymin>69</ymin>
			<ymax>246</ymax>
		</bndbox>
	</object>
</annotation>
