<annotation>
	<folder></folder>
	<filename>da68_png.rf.a76d729cf4e26942aaed0571cc6155dc.jpg</filename>
	<path>da68_png.rf.a76d729cf4e26942aaed0571cc6155dc.jpg</path>
	<source>
		<database>roboflow.com</database>
	</source>
	<size>
		<width>512</width>
		<height>512</height>
		<depth>3</depth>
	</size>
	<segmented>0</segmented>
	<object>
		<name>da</name>
		<pose>Unspecified</pose>
		<truncated>0</truncated>
		<difficult>0</difficult>
		<occluded>0</occluded>
		<bndbox>
			<xmin>189</xmin>
			<xmax>445</xmax>
			<ymin>55</ymin>
			<ymax>229</ymax>
		</bndbox>
	</object>
</annotation>
