<annotation>
	<folder></folder>
	<filename>da69_png.rf.91a2b8ac2351ab0eecde7c5c1d880789.jpg</filename>
	<path>da69_png.rf.91a2b8ac2351ab0eecde7c5c1d880789.jpg</path>
	<source>
		<database>roboflow.com</database>
	</source>
	<size>
		<width>512</width>
		<height>512</height>
		<depth>3</depth>
	</size>
	<segmented>0</segmented>
	<object>
		<name>da</name>
		<pose>Unspecified</pose>
		<truncated>0</truncated>
		<difficult>0</difficult>
		<occluded>0</occluded>
		<bndbox>
			<xmin>202</xmin>
			<xmax>391</xmax>
			<ymin>119</ymin>
			<ymax>277</ymax>
		</bndbox>
	</object>
</annotation>
