<annotation>
	<folder></folder>
	<filename>da6_png.rf.0b83635972146d1dada18af3127cafbf.jpg</filename>
	<path>da6_png.rf.0b83635972146d1dada18af3127cafbf.jpg</path>
	<source>
		<database>roboflow.com</database>
	</source>
	<size>
		<width>512</width>
		<height>512</height>
		<depth>3</depth>
	</size>
	<segmented>0</segmented>
	<object>
		<name>da</name>
		<pose>Unspecified</pose>
		<truncated>0</truncated>
		<difficult>0</difficult>
		<occluded>0</occluded>
		<bndbox>
			<xmin>126</xmin>
			<xmax>433</xmax>
			<ymin>72</ymin>
			<ymax>291</ymax>
		</bndbox>
	</object>
</annotation>
