<annotation>
	<folder></folder>
	<filename>da71_png.rf.0be9cbe92baf3798ab97e5855694ba27.jpg</filename>
	<path>da71_png.rf.0be9cbe92baf3798ab97e5855694ba27.jpg</path>
	<source>
		<database>roboflow.com</database>
	</source>
	<size>
		<width>512</width>
		<height>512</height>
		<depth>3</depth>
	</size>
	<segmented>0</segmented>
	<object>
		<name>da</name>
		<pose>Unspecified</pose>
		<truncated>0</truncated>
		<difficult>0</difficult>
		<occluded>0</occluded>
		<bndbox>
			<xmin>186</xmin>
			<xmax>435</xmax>
			<ymin>66</ymin>
			<ymax>250</ymax>
		</bndbox>
	</object>
</annotation>
