<annotation>
	<folder></folder>
	<filename>da72_png.rf.481ef4d25785c84ac2b115ce6b9131cc.jpg</filename>
	<path>da72_png.rf.481ef4d25785c84ac2b115ce6b9131cc.jpg</path>
	<source>
		<database>roboflow.com</database>
	</source>
	<size>
		<width>512</width>
		<height>512</height>
		<depth>3</depth>
	</size>
	<segmented>0</segmented>
	<object>
		<name>da</name>
		<pose>Unspecified</pose>
		<truncated>0</truncated>
		<difficult>0</difficult>
		<occluded>0</occluded>
		<bndbox>
			<xmin>113</xmin>
			<xmax>355</xmax>
			<ymin>87</ymin>
			<ymax>252</ymax>
		</bndbox>
	</object>
</annotation>
