<annotation>
	<folder></folder>
	<filename>da73_png.rf.d9c31366b3d684f32bc69eb31911c6b0.jpg</filename>
	<path>da73_png.rf.d9c31366b3d684f32bc69eb31911c6b0.jpg</path>
	<source>
		<database>roboflow.com</database>
	</source>
	<size>
		<width>512</width>
		<height>512</height>
		<depth>3</depth>
	</size>
	<segmented>0</segmented>
	<object>
		<name>da</name>
		<pose>Unspecified</pose>
		<truncated>0</truncated>
		<difficult>0</difficult>
		<occluded>0</occluded>
		<bndbox>
			<xmin>187</xmin>
			<xmax>449</xmax>
			<ymin>76</ymin>
			<ymax>247</ymax>
		</bndbox>
	</object>
</annotation>
