<annotation>
	<folder></folder>
	<filename>da74_png.rf.9e3a3cb62e67a820b0227a55c01b47a3.jpg</filename>
	<path>da74_png.rf.9e3a3cb62e67a820b0227a55c01b47a3.jpg</path>
	<source>
		<database>roboflow.com</database>
	</source>
	<size>
		<width>512</width>
		<height>512</height>
		<depth>3</depth>
	</size>
	<segmented>0</segmented>
	<object>
		<name>da</name>
		<pose>Unspecified</pose>
		<truncated>0</truncated>
		<difficult>0</difficult>
		<occluded>0</occluded>
		<bndbox>
			<xmin>110</xmin>
			<xmax>441</xmax>
			<ymin>60</ymin>
			<ymax>289</ymax>
		</bndbox>
	</object>
</annotation>
