<annotation>
	<folder></folder>
	<filename>da75_png.rf.228ac40dd29a51c4cbcfd6aeb95c7a7e.jpg</filename>
	<path>da75_png.rf.228ac40dd29a51c4cbcfd6aeb95c7a7e.jpg</path>
	<source>
		<database>roboflow.com</database>
	</source>
	<size>
		<width>512</width>
		<height>512</height>
		<depth>3</depth>
	</size>
	<segmented>0</segmented>
	<object>
		<name>da</name>
		<pose>Unspecified</pose>
		<truncated>0</truncated>
		<difficult>0</difficult>
		<occluded>0</occluded>
		<bndbox>
			<xmin>105</xmin>
			<xmax>335</xmax>
			<ymin>79</ymin>
			<ymax>234</ymax>
		</bndbox>
	</object>
</annotation>
