<annotation>
	<folder></folder>
	<filename>da76_png.rf.08de23e353e2ddb77d79e67dbc69ce0b.jpg</filename>
	<path>da76_png.rf.08de23e353e2ddb77d79e67dbc69ce0b.jpg</path>
	<source>
		<database>roboflow.com</database>
	</source>
	<size>
		<width>512</width>
		<height>512</height>
		<depth>3</depth>
	</size>
	<segmented>0</segmented>
	<object>
		<name>da</name>
		<pose>Unspecified</pose>
		<truncated>0</truncated>
		<difficult>0</difficult>
		<occluded>0</occluded>
		<bndbox>
			<xmin>96</xmin>
			<xmax>399</xmax>
			<ymin>42</ymin>
			<ymax>266</ymax>
		</bndbox>
	</object>
</annotation>
