<annotation>
	<folder></folder>
	<filename>da78_png.rf.0f9fe1b86a3c8bda72372fb862f1dde8.jpg</filename>
	<path>da78_png.rf.0f9fe1b86a3c8bda72372fb862f1dde8.jpg</path>
	<source>
		<database>roboflow.com</database>
	</source>
	<size>
		<width>512</width>
		<height>512</height>
		<depth>3</depth>
	</size>
	<segmented>0</segmented>
	<object>
		<name>da</name>
		<pose>Unspecified</pose>
		<truncated>0</truncated>
		<difficult>0</difficult>
		<occluded>0</occluded>
		<bndbox>
			<xmin>76</xmin>
			<xmax>362</xmax>
			<ymin>11</ymin>
			<ymax>253</ymax>
		</bndbox>
	</object>
</annotation>
