<annotation>
	<folder></folder>
	<filename>da7_png.rf.2b80ce29f6cdfa23bd9dca72203f441d.jpg</filename>
	<path>da7_png.rf.2b80ce29f6cdfa23bd9dca72203f441d.jpg</path>
	<source>
		<database>roboflow.com</database>
	</source>
	<size>
		<width>512</width>
		<height>512</height>
		<depth>3</depth>
	</size>
	<segmented>0</segmented>
	<object>
		<name>da</name>
		<pose>Unspecified</pose>
		<truncated>0</truncated>
		<difficult>0</difficult>
		<occluded>0</occluded>
		<bndbox>
			<xmin>141</xmin>
			<xmax>333</xmax>
			<ymin>89</ymin>
			<ymax>255</ymax>
		</bndbox>
	</object>
</annotation>
