<annotation>
	<folder></folder>
	<filename>da8_png.rf.bcece67b9972d568eb57999d6e63241f.jpg</filename>
	<path>da8_png.rf.bcece67b9972d568eb57999d6e63241f.jpg</path>
	<source>
		<database>roboflow.com</database>
	</source>
	<size>
		<width>512</width>
		<height>512</height>
		<depth>3</depth>
	</size>
	<segmented>0</segmented>
	<object>
		<name>da</name>
		<pose>Unspecified</pose>
		<truncated>0</truncated>
		<difficult>0</difficult>
		<occluded>0</occluded>
		<bndbox>
			<xmin>87</xmin>
			<xmax>381</xmax>
			<ymin>43</ymin>
			<ymax>265</ymax>
		</bndbox>
	</object>
</annotation>
