<annotation>
	<folder></folder>
	<filename>dho0_png.rf.74ca552514232e4bcd59467d1e3b99d9.jpg</filename>
	<path>dho0_png.rf.74ca552514232e4bcd59467d1e3b99d9.jpg</path>
	<source>
		<database>roboflow.com</database>
	</source>
	<size>
		<width>512</width>
		<height>512</height>
		<depth>3</depth>
	</size>
	<segmented>0</segmented>
	<object>
		<name>dho</name>
		<pose>Unspecified</pose>
		<truncated>0</truncated>
		<difficult>0</difficult>
		<occluded>0</occluded>
		<bndbox>
			<xmin>74</xmin>
			<xmax>375</xmax>
			<ymin>32</ymin>
			<ymax>267</ymax>
		</bndbox>
	</object>
</annotation>
