<annotation>
	<folder></folder>
	<filename>dho1_png.rf.2f5b48a62ade563bde176a7f69536b46.jpg</filename>
	<path>dho1_png.rf.2f5b48a62ade563bde176a7f69536b46.jpg</path>
	<source>
		<database>roboflow.com</database>
	</source>
	<size>
		<width>512</width>
		<height>512</height>
		<depth>3</depth>
	</size>
	<segmented>0</segmented>
	<object>
		<name>dho</name>
		<pose>Unspecified</pose>
		<truncated>0</truncated>
		<difficult>0</difficult>
		<occluded>0</occluded>
		<bndbox>
			<xmin>135</xmin>
			<xmax>413</xmax>
			<ymin>49</ymin>
			<ymax>245</ymax>
		</bndbox>
	</object>
</annotation>
