<annotation>
	<folder></folder>
	<filename>dho14_png.rf.3220d3375ff2934076a3ca39cd031f52.jpg</filename>
	<path>dho14_png.rf.3220d3375ff2934076a3ca39cd031f52.jpg</path>
	<source>
		<database>roboflow.com</database>
	</source>
	<size>
		<width>512</width>
		<height>512</height>
		<depth>3</depth>
	</size>
	<segmented>0</segmented>
	<object>
		<name>dho</name>
		<pose>Unspecified</pose>
		<truncated>0</truncated>
		<difficult>0</difficult>
		<occluded>0</occluded>
		<bndbox>
			<xmin>57</xmin>
			<xmax>456</xmax>
			<ymin>30</ymin>
			<ymax>259</ymax>
		</bndbox>
	</object>
</annotation>
