<annotation>
	<folder></folder>
	<filename>dho16_png.rf.c6dbb9c76d8a2daf99b8a4a9c79b7a95.jpg</filename>
	<path>dho16_png.rf.c6dbb9c76d8a2daf99b8a4a9c79b7a95.jpg</path>
	<source>
		<database>roboflow.com</database>
	</source>
	<size>
		<width>512</width>
		<height>512</height>
		<depth>3</depth>
	</size>
	<segmented>0</segmented>
	<object>
		<name>dho</name>
		<pose>Unspecified</pose>
		<truncated>0</truncated>
		<difficult>0</difficult>
		<occluded>0</occluded>
		<bndbox>
			<xmin>148</xmin>
			<xmax>392</xmax>
			<ymin>30</ymin>
			<ymax>217</ymax>
		</bndbox>
	</object>
</annotation>
