<annotation>
	<folder></folder>
	<filename>dho19_png.rf.ae97ee8f48e63c421830cd1d9a419dc6.jpg</filename>
	<path>dho19_png.rf.ae97ee8f48e63c421830cd1d9a419dc6.jpg</path>
	<source>
		<database>roboflow.com</database>
	</source>
	<size>
		<width>512</width>
		<height>512</height>
		<depth>3</depth>
	</size>
	<segmented>0</segmented>
	<object>
		<name>dho</name>
		<pose>Unspecified</pose>
		<truncated>0</truncated>
		<difficult>0</difficult>
		<occluded>0</occluded>
		<bndbox>
			<xmin>97</xmin>
			<xmax>379</xmax>
			<ymin>53</ymin>
			<ymax>237</ymax>
		</bndbox>
	</object>
</annotation>
