<annotation>
	<folder></folder>
	<filename>dho17_png.rf.b01aa54c762adbf1a19a6578d18fcf34.jpg</filename>
	<path>dho17_png.rf.b01aa54c762adbf1a19a6578d18fcf34.jpg</path>
	<source>
		<database>roboflow.com</database>
	</source>
	<size>
		<width>512</width>
		<height>512</height>
		<depth>3</depth>
	</size>
	<segmented>0</segmented>
	<object>
		<name>dho</name>
		<pose>Unspecified</pose>
		<truncated>0</truncated>
		<difficult>0</difficult>
		<occluded>0</occluded>
		<bndbox>
			<xmin>78</xmin>
			<xmax>402</xmax>
			<ymin>55</ymin>
			<ymax>269</ymax>
		</bndbox>
	</object>
</annotation>
