<annotation>
	<folder></folder>
	<filename>dho15_png.rf.661229b160be2da4a0a7783f05447ea6.jpg</filename>
	<path>dho15_png.rf.661229b160be2da4a0a7783f05447ea6.jpg</path>
	<source>
		<database>roboflow.com</database>
	</source>
	<size>
		<width>512</width>
		<height>512</height>
		<depth>3</depth>
	</size>
	<segmented>0</segmented>
	<object>
		<name>dho</name>
		<pose>Unspecified</pose>
		<truncated>0</truncated>
		<difficult>0</difficult>
		<occluded>0</occluded>
		<bndbox>
			<xmin>32</xmin>
			<xmax>441</xmax>
			<ymin>28</ymin>
			<ymax>258</ymax>
		</bndbox>
	</object>
</annotation>
