<annotation>
	<folder></folder>
	<filename>dho10_png.rf.f65dc2440c812cb303af35716b24f192.jpg</filename>
	<path>dho10_png.rf.f65dc2440c812cb303af35716b24f192.jpg</path>
	<source>
		<database>roboflow.com</database>
	</source>
	<size>
		<width>512</width>
		<height>512</height>
		<depth>3</depth>
	</size>
	<segmented>0</segmented>
	<object>
		<name>dho</name>
		<pose>Unspecified</pose>
		<truncated>0</truncated>
		<difficult>0</difficult>
		<occluded>0</occluded>
		<bndbox>
			<xmin>139</xmin>
			<xmax>401</xmax>
			<ymin>65</ymin>
			<ymax>227</ymax>
		</bndbox>
	</object>
</annotation>
