<annotation>
	<folder></folder>
	<filename>dho11_png.rf.6b7510a73250bc17442a3153b7d286ae.jpg</filename>
	<path>dho11_png.rf.6b7510a73250bc17442a3153b7d286ae.jpg</path>
	<source>
		<database>roboflow.com</database>
	</source>
	<size>
		<width>512</width>
		<height>512</height>
		<depth>3</depth>
	</size>
	<segmented>0</segmented>
	<object>
		<name>dho</name>
		<pose>Unspecified</pose>
		<truncated>0</truncated>
		<difficult>0</difficult>
		<occluded>0</occluded>
		<bndbox>
			<xmin>115</xmin>
			<xmax>429</xmax>
			<ymin>24</ymin>
			<ymax>219</ymax>
		</bndbox>
	</object>
</annotation>
