<annotation>
	<folder></folder>
	<filename>dho29_png.rf.6f5581ba823cd5319d9ff5ff1952f707.jpg</filename>
	<path>dho29_png.rf.6f5581ba823cd5319d9ff5ff1952f707.jpg</path>
	<source>
		<database>roboflow.com</database>
	</source>
	<size>
		<width>512</width>
		<height>512</height>
		<depth>3</depth>
	</size>
	<segmented>0</segmented>
	<object>
		<name>dho</name>
		<pose>Unspecified</pose>
		<truncated>0</truncated>
		<difficult>0</difficult>
		<occluded>0</occluded>
		<bndbox>
			<xmin>112</xmin>
			<xmax>371</xmax>
			<ymin>62</ymin>
			<ymax>239</ymax>
		</bndbox>
	</object>
</annotation>
