<annotation>
	<folder></folder>
	<filename>dho23_png.rf.ececc1f041b0eaa2eddd1f01798275e5.jpg</filename>
	<path>dho23_png.rf.ececc1f041b0eaa2eddd1f01798275e5.jpg</path>
	<source>
		<database>roboflow.com</database>
	</source>
	<size>
		<width>512</width>
		<height>512</height>
		<depth>3</depth>
	</size>
	<segmented>0</segmented>
	<object>
		<name>dho</name>
		<pose>Unspecified</pose>
		<truncated>0</truncated>
		<difficult>0</difficult>
		<occluded>0</occluded>
		<bndbox>
			<xmin>115</xmin>
			<xmax>339</xmax>
			<ymin>79</ymin>
			<ymax>246</ymax>
		</bndbox>
	</object>
</annotation>
