<annotation>
	<folder></folder>
	<filename>dho28_png.rf.b57a59141b1a99fecc2445687703582f.jpg</filename>
	<path>dho28_png.rf.b57a59141b1a99fecc2445687703582f.jpg</path>
	<source>
		<database>roboflow.com</database>
	</source>
	<size>
		<width>512</width>
		<height>512</height>
		<depth>3</depth>
	</size>
	<segmented>0</segmented>
	<object>
		<name>dho</name>
		<pose>Unspecified</pose>
		<truncated>0</truncated>
		<difficult>0</difficult>
		<occluded>0</occluded>
		<bndbox>
			<xmin>122</xmin>
			<xmax>344</xmax>
			<ymin>38</ymin>
			<ymax>252</ymax>
		</bndbox>
	</object>
</annotation>
