<annotation>
	<folder></folder>
	<filename>dho24_png.rf.8a12625082a0085919c878a7851b46e9.jpg</filename>
	<path>dho24_png.rf.8a12625082a0085919c878a7851b46e9.jpg</path>
	<source>
		<database>roboflow.com</database>
	</source>
	<size>
		<width>512</width>
		<height>512</height>
		<depth>3</depth>
	</size>
	<segmented>0</segmented>
	<object>
		<name>dho</name>
		<pose>Unspecified</pose>
		<truncated>0</truncated>
		<difficult>0</difficult>
		<occluded>0</occluded>
		<bndbox>
			<xmin>83</xmin>
			<xmax>431</xmax>
			<ymin>30</ymin>
			<ymax>275</ymax>
		</bndbox>
	</object>
</annotation>
