<annotation>
	<folder></folder>
	<filename>dho26_png.rf.7726cb60c232fe3d51148098ccb481ef.jpg</filename>
	<path>dho26_png.rf.7726cb60c232fe3d51148098ccb481ef.jpg</path>
	<source>
		<database>roboflow.com</database>
	</source>
	<size>
		<width>512</width>
		<height>512</height>
		<depth>3</depth>
	</size>
	<segmented>0</segmented>
	<object>
		<name>dho</name>
		<pose>Unspecified</pose>
		<truncated>0</truncated>
		<difficult>0</difficult>
		<occluded>0</occluded>
		<bndbox>
			<xmin>125</xmin>
			<xmax>427</xmax>
			<ymin>30</ymin>
			<ymax>250</ymax>
		</bndbox>
	</object>
</annotation>
