<annotation>
	<folder></folder>
	<filename>dho2_png.rf.d6af70d0977a1946033f1b833c438eb4.jpg</filename>
	<path>dho2_png.rf.d6af70d0977a1946033f1b833c438eb4.jpg</path>
	<source>
		<database>roboflow.com</database>
	</source>
	<size>
		<width>512</width>
		<height>512</height>
		<depth>3</depth>
	</size>
	<segmented>0</segmented>
	<object>
		<name>dho</name>
		<pose>Unspecified</pose>
		<truncated>0</truncated>
		<difficult>0</difficult>
		<occluded>0</occluded>
		<bndbox>
			<xmin>120</xmin>
			<xmax>464</xmax>
			<ymin>36</ymin>
			<ymax>249</ymax>
		</bndbox>
	</object>
</annotation>
