<annotation>
	<folder></folder>
	<filename>dho27_png.rf.8353415d67b4f093293bc69b15a510dc.jpg</filename>
	<path>dho27_png.rf.8353415d67b4f093293bc69b15a510dc.jpg</path>
	<source>
		<database>roboflow.com</database>
	</source>
	<size>
		<width>512</width>
		<height>512</height>
		<depth>3</depth>
	</size>
	<segmented>0</segmented>
	<object>
		<name>dho</name>
		<pose>Unspecified</pose>
		<truncated>0</truncated>
		<difficult>0</difficult>
		<occluded>0</occluded>
		<bndbox>
			<xmin>130</xmin>
			<xmax>426</xmax>
			<ymin>25</ymin>
			<ymax>230</ymax>
		</bndbox>
	</object>
</annotation>
