<annotation>
	<folder></folder>
	<filename>dho39_png.rf.24d60d56afea8c97b8c0f81a7e7c7091.jpg</filename>
	<path>dho39_png.rf.24d60d56afea8c97b8c0f81a7e7c7091.jpg</path>
	<source>
		<database>roboflow.com</database>
	</source>
	<size>
		<width>512</width>
		<height>512</height>
		<depth>3</depth>
	</size>
	<segmented>0</segmented>
	<object>
		<name>dho</name>
		<pose>Unspecified</pose>
		<truncated>0</truncated>
		<difficult>0</difficult>
		<occluded>0</occluded>
		<bndbox>
			<xmin>197</xmin>
			<xmax>455</xmax>
			<ymin>59</ymin>
			<ymax>234</ymax>
		</bndbox>
	</object>
</annotation>
