<annotation>
	<folder></folder>
	<filename>dho31_png.rf.8032076d831a2926957c704fdfe8685d.jpg</filename>
	<path>dho31_png.rf.8032076d831a2926957c704fdfe8685d.jpg</path>
	<source>
		<database>roboflow.com</database>
	</source>
	<size>
		<width>512</width>
		<height>512</height>
		<depth>3</depth>
	</size>
	<segmented>0</segmented>
	<object>
		<name>dho</name>
		<pose>Unspecified</pose>
		<truncated>0</truncated>
		<difficult>0</difficult>
		<occluded>0</occluded>
		<bndbox>
			<xmin>85</xmin>
			<xmax>381</xmax>
			<ymin>40</ymin>
			<ymax>244</ymax>
		</bndbox>
	</object>
</annotation>
