<annotation>
	<folder></folder>
	<filename>dho37_png.rf.1cffc8dff92297222e66fd3600de495b.jpg</filename>
	<path>dho37_png.rf.1cffc8dff92297222e66fd3600de495b.jpg</path>
	<source>
		<database>roboflow.com</database>
	</source>
	<size>
		<width>512</width>
		<height>512</height>
		<depth>3</depth>
	</size>
	<segmented>0</segmented>
	<object>
		<name>dho</name>
		<pose>Unspecified</pose>
		<truncated>0</truncated>
		<difficult>0</difficult>
		<occluded>0</occluded>
		<bndbox>
			<xmin>183</xmin>
			<xmax>341</xmax>
			<ymin>125</ymin>
			<ymax>209</ymax>
		</bndbox>
	</object>
</annotation>
