<annotation>
	<folder></folder>
	<filename>dho34_png.rf.d9cdc55cebc39ffe9fa1bc8aae2b37bf.jpg</filename>
	<path>dho34_png.rf.d9cdc55cebc39ffe9fa1bc8aae2b37bf.jpg</path>
	<source>
		<database>roboflow.com</database>
	</source>
	<size>
		<width>512</width>
		<height>512</height>
		<depth>3</depth>
	</size>
	<segmented>0</segmented>
	<object>
		<name>dho</name>
		<pose>Unspecified</pose>
		<truncated>0</truncated>
		<difficult>0</difficult>
		<occluded>0</occluded>
		<bndbox>
			<xmin>97</xmin>
			<xmax>463</xmax>
			<ymin>54</ymin>
			<ymax>255</ymax>
		</bndbox>
	</object>
</annotation>
