<annotation>
	<folder></folder>
	<filename>dho35_png.rf.4c60e0ecf7ecf273b9bac9f22bb6dd7f.jpg</filename>
	<path>dho35_png.rf.4c60e0ecf7ecf273b9bac9f22bb6dd7f.jpg</path>
	<source>
		<database>roboflow.com</database>
	</source>
	<size>
		<width>512</width>
		<height>512</height>
		<depth>3</depth>
	</size>
	<segmented>0</segmented>
	<object>
		<name>dho</name>
		<pose>Unspecified</pose>
		<truncated>0</truncated>
		<difficult>0</difficult>
		<occluded>0</occluded>
		<bndbox>
			<xmin>57</xmin>
			<xmax>297</xmax>
			<ymin>45</ymin>
			<ymax>215</ymax>
		</bndbox>
	</object>
</annotation>
