<annotation>
	<folder></folder>
	<filename>dho38_png.rf.f3824b8124766c4582700372be59f18e.jpg</filename>
	<path>dho38_png.rf.f3824b8124766c4582700372be59f18e.jpg</path>
	<source>
		<database>roboflow.com</database>
	</source>
	<size>
		<width>512</width>
		<height>512</height>
		<depth>3</depth>
	</size>
	<segmented>0</segmented>
	<object>
		<name>dho</name>
		<pose>Unspecified</pose>
		<truncated>0</truncated>
		<difficult>0</difficult>
		<occluded>0</occluded>
		<bndbox>
			<xmin>45</xmin>
			<xmax>393</xmax>
			<ymin>37</ymin>
			<ymax>298</ymax>
		</bndbox>
	</object>
</annotation>
