<annotation>
	<folder></folder>
	<filename>dho32_png.rf.507bbfa70884da80436196bbe03c25d9.jpg</filename>
	<path>dho32_png.rf.507bbfa70884da80436196bbe03c25d9.jpg</path>
	<source>
		<database>roboflow.com</database>
	</source>
	<size>
		<width>512</width>
		<height>512</height>
		<depth>3</depth>
	</size>
	<segmented>0</segmented>
	<object>
		<name>dho</name>
		<pose>Unspecified</pose>
		<truncated>0</truncated>
		<difficult>0</difficult>
		<occluded>0</occluded>
		<bndbox>
			<xmin>146</xmin>
			<xmax>370</xmax>
			<ymin>74</ymin>
			<ymax>237</ymax>
		</bndbox>
	</object>
</annotation>
