<annotation>
	<folder></folder>
	<filename>dho3_png.rf.30c93915455cff8001fe3a8cfe9e31a8.jpg</filename>
	<path>dho3_png.rf.30c93915455cff8001fe3a8cfe9e31a8.jpg</path>
	<source>
		<database>roboflow.com</database>
	</source>
	<size>
		<width>512</width>
		<height>512</height>
		<depth>3</depth>
	</size>
	<segmented>0</segmented>
	<object>
		<name>dho</name>
		<pose>Unspecified</pose>
		<truncated>0</truncated>
		<difficult>0</difficult>
		<occluded>0</occluded>
		<bndbox>
			<xmin>114</xmin>
			<xmax>450</xmax>
			<ymin>7</ymin>
			<ymax>268</ymax>
		</bndbox>
	</object>
</annotation>
