<annotation>
	<folder></folder>
	<filename>dho36_png.rf.a256d133254526cf9b1a293c7d129161.jpg</filename>
	<path>dho36_png.rf.a256d133254526cf9b1a293c7d129161.jpg</path>
	<source>
		<database>roboflow.com</database>
	</source>
	<size>
		<width>512</width>
		<height>512</height>
		<depth>3</depth>
	</size>
	<segmented>0</segmented>
	<object>
		<name>dho</name>
		<pose>Unspecified</pose>
		<truncated>0</truncated>
		<difficult>0</difficult>
		<occluded>0</occluded>
		<bndbox>
			<xmin>67</xmin>
			<xmax>346</xmax>
			<ymin>105</ymin>
			<ymax>285</ymax>
		</bndbox>
	</object>
</annotation>
