<annotation>
	<folder></folder>
	<filename>dho30_png.rf.dc2bb605460d40bf3187daf16ad1d77e.jpg</filename>
	<path>dho30_png.rf.dc2bb605460d40bf3187daf16ad1d77e.jpg</path>
	<source>
		<database>roboflow.com</database>
	</source>
	<size>
		<width>512</width>
		<height>512</height>
		<depth>3</depth>
	</size>
	<segmented>0</segmented>
	<object>
		<name>dho</name>
		<pose>Unspecified</pose>
		<truncated>0</truncated>
		<difficult>0</difficult>
		<occluded>0</occluded>
		<bndbox>
			<xmin>149</xmin>
			<xmax>403</xmax>
			<ymin>75</ymin>
			<ymax>235</ymax>
		</bndbox>
	</object>
</annotation>
