<annotation>
	<folder></folder>
	<filename>dho33_png.rf.be17af4405af767fcacf129a8713e24b.jpg</filename>
	<path>dho33_png.rf.be17af4405af767fcacf129a8713e24b.jpg</path>
	<source>
		<database>roboflow.com</database>
	</source>
	<size>
		<width>512</width>
		<height>512</height>
		<depth>3</depth>
	</size>
	<segmented>0</segmented>
	<object>
		<name>dho</name>
		<pose>Unspecified</pose>
		<truncated>0</truncated>
		<difficult>0</difficult>
		<occluded>0</occluded>
		<bndbox>
			<xmin>112</xmin>
			<xmax>401</xmax>
			<ymin>40</ymin>
			<ymax>225</ymax>
		</bndbox>
	</object>
</annotation>
