<annotation>
	<folder></folder>
	<filename>dho40_png.rf.ad6ac43c0659fb80c2bebcbc702ef283.jpg</filename>
	<path>dho40_png.rf.ad6ac43c0659fb80c2bebcbc702ef283.jpg</path>
	<source>
		<database>roboflow.com</database>
	</source>
	<size>
		<width>512</width>
		<height>512</height>
		<depth>3</depth>
	</size>
	<segmented>0</segmented>
	<object>
		<name>dho</name>
		<pose>Unspecified</pose>
		<truncated>0</truncated>
		<difficult>0</difficult>
		<occluded>0</occluded>
		<bndbox>
			<xmin>118</xmin>
			<xmax>392</xmax>
			<ymin>44</ymin>
			<ymax>239</ymax>
		</bndbox>
	</object>
</annotation>
