<annotation>
	<folder></folder>
	<filename>dho45_png.rf.33c39bbee50be0cd3b96c4cefb02dac9.jpg</filename>
	<path>dho45_png.rf.33c39bbee50be0cd3b96c4cefb02dac9.jpg</path>
	<source>
		<database>roboflow.com</database>
	</source>
	<size>
		<width>512</width>
		<height>512</height>
		<depth>3</depth>
	</size>
	<segmented>0</segmented>
	<object>
		<name>dho</name>
		<pose>Unspecified</pose>
		<truncated>0</truncated>
		<difficult>0</difficult>
		<occluded>0</occluded>
		<bndbox>
			<xmin>35</xmin>
			<xmax>165</xmax>
			<ymin>40</ymin>
			<ymax>162</ymax>
		</bndbox>
	</object>
</annotation>
