<annotation>
	<folder></folder>
	<filename>dho44_png.rf.512e9ee14beb6fba565f235d46bee2ec.jpg</filename>
	<path>dho44_png.rf.512e9ee14beb6fba565f235d46bee2ec.jpg</path>
	<source>
		<database>roboflow.com</database>
	</source>
	<size>
		<width>512</width>
		<height>512</height>
		<depth>3</depth>
	</size>
	<segmented>0</segmented>
	<object>
		<name>dho</name>
		<pose>Unspecified</pose>
		<truncated>0</truncated>
		<difficult>0</difficult>
		<occluded>0</occluded>
		<bndbox>
			<xmin>58</xmin>
			<xmax>360</xmax>
			<ymin>64</ymin>
			<ymax>251</ymax>
		</bndbox>
	</object>
</annotation>
