<annotation>
	<folder></folder>
	<filename>dho43_png.rf.ab9b87aa5d48d1eeb1fadb06f60dc13c.jpg</filename>
	<path>dho43_png.rf.ab9b87aa5d48d1eeb1fadb06f60dc13c.jpg</path>
	<source>
		<database>roboflow.com</database>
	</source>
	<size>
		<width>512</width>
		<height>512</height>
		<depth>3</depth>
	</size>
	<segmented>0</segmented>
	<object>
		<name>dho</name>
		<pose>Unspecified</pose>
		<truncated>0</truncated>
		<difficult>0</difficult>
		<occluded>0</occluded>
		<bndbox>
			<xmin>107</xmin>
			<xmax>421</xmax>
			<ymin>57</ymin>
			<ymax>264</ymax>
		</bndbox>
	</object>
</annotation>
