<annotation>
	<folder></folder>
	<filename>dho49_png.rf.6ef4a51c1bc0edbfbe505942ebf082f6.jpg</filename>
	<path>dho49_png.rf.6ef4a51c1bc0edbfbe505942ebf082f6.jpg</path>
	<source>
		<database>roboflow.com</database>
	</source>
	<size>
		<width>512</width>
		<height>512</height>
		<depth>3</depth>
	</size>
	<segmented>0</segmented>
	<object>
		<name>dho</name>
		<pose>Unspecified</pose>
		<truncated>0</truncated>
		<difficult>0</difficult>
		<occluded>0</occluded>
		<bndbox>
			<xmin>56</xmin>
			<xmax>342</xmax>
			<ymin>24</ymin>
			<ymax>229</ymax>
		</bndbox>
	</object>
</annotation>
