<annotation>
	<folder></folder>
	<filename>dho48_png.rf.1043f743919ce908fc2c5ef67807f9b3.jpg</filename>
	<path>dho48_png.rf.1043f743919ce908fc2c5ef67807f9b3.jpg</path>
	<source>
		<database>roboflow.com</database>
	</source>
	<size>
		<width>512</width>
		<height>512</height>
		<depth>3</depth>
	</size>
	<segmented>0</segmented>
	<object>
		<name>dho</name>
		<pose>Unspecified</pose>
		<truncated>0</truncated>
		<difficult>0</difficult>
		<occluded>0</occluded>
		<bndbox>
			<xmin>127</xmin>
			<xmax>416</xmax>
			<ymin>56</ymin>
			<ymax>270</ymax>
		</bndbox>
	</object>
</annotation>
