<annotation>
	<folder></folder>
	<filename>dho42_png.rf.b100fb2de0e5a41bea66f4b7d7af233e.jpg</filename>
	<path>dho42_png.rf.b100fb2de0e5a41bea66f4b7d7af233e.jpg</path>
	<source>
		<database>roboflow.com</database>
	</source>
	<size>
		<width>512</width>
		<height>512</height>
		<depth>3</depth>
	</size>
	<segmented>0</segmented>
	<object>
		<name>dho</name>
		<pose>Unspecified</pose>
		<truncated>0</truncated>
		<difficult>0</difficult>
		<occluded>0</occluded>
		<bndbox>
			<xmin>121</xmin>
			<xmax>418</xmax>
			<ymin>76</ymin>
			<ymax>268</ymax>
		</bndbox>
	</object>
</annotation>
