<annotation>
	<folder></folder>
	<filename>dho46_png.rf.403f37d780e99413d3ae33c46d305fac.jpg</filename>
	<path>dho46_png.rf.403f37d780e99413d3ae33c46d305fac.jpg</path>
	<source>
		<database>roboflow.com</database>
	</source>
	<size>
		<width>512</width>
		<height>512</height>
		<depth>3</depth>
	</size>
	<segmented>0</segmented>
	<object>
		<name>dho</name>
		<pose>Unspecified</pose>
		<truncated>0</truncated>
		<difficult>0</difficult>
		<occluded>0</occluded>
		<bndbox>
			<xmin>122</xmin>
			<xmax>339</xmax>
			<ymin>79</ymin>
			<ymax>212</ymax>
		</bndbox>
	</object>
</annotation>
