<annotation>
	<folder></folder>
	<filename>dho41_png.rf.e2ae247235efb589013ef93961cfcead.jpg</filename>
	<path>dho41_png.rf.e2ae247235efb589013ef93961cfcead.jpg</path>
	<source>
		<database>roboflow.com</database>
	</source>
	<size>
		<width>512</width>
		<height>512</height>
		<depth>3</depth>
	</size>
	<segmented>0</segmented>
	<object>
		<name>dho</name>
		<pose>Unspecified</pose>
		<truncated>0</truncated>
		<difficult>0</difficult>
		<occluded>0</occluded>
		<bndbox>
			<xmin>144</xmin>
			<xmax>415</xmax>
			<ymin>33</ymin>
			<ymax>207</ymax>
		</bndbox>
	</object>
</annotation>
