<annotation>
	<folder></folder>
	<filename>dho5_png.rf.6dbc1fb52e67eec0f7acca94b54ed5b6.jpg</filename>
	<path>dho5_png.rf.6dbc1fb52e67eec0f7acca94b54ed5b6.jpg</path>
	<source>
		<database>roboflow.com</database>
	</source>
	<size>
		<width>512</width>
		<height>512</height>
		<depth>3</depth>
	</size>
	<segmented>0</segmented>
	<object>
		<name>dho</name>
		<pose>Unspecified</pose>
		<truncated>0</truncated>
		<difficult>0</difficult>
		<occluded>0</occluded>
		<bndbox>
			<xmin>99</xmin>
			<xmax>404</xmax>
			<ymin>77</ymin>
			<ymax>300</ymax>
		</bndbox>
	</object>
</annotation>
