<annotation>
	<folder></folder>
	<filename>dho52_png.rf.d992e0e80dc7d1bbdff4b136c3b82bcb.jpg</filename>
	<path>dho52_png.rf.d992e0e80dc7d1bbdff4b136c3b82bcb.jpg</path>
	<source>
		<database>roboflow.com</database>
	</source>
	<size>
		<width>512</width>
		<height>512</height>
		<depth>3</depth>
	</size>
	<segmented>0</segmented>
	<object>
		<name>dho</name>
		<pose>Unspecified</pose>
		<truncated>0</truncated>
		<difficult>0</difficult>
		<occluded>0</occluded>
		<bndbox>
			<xmin>102</xmin>
			<xmax>383</xmax>
			<ymin>60</ymin>
			<ymax>257</ymax>
		</bndbox>
	</object>
</annotation>
