<annotation>
	<folder></folder>
	<filename>dho59_png.rf.d0ae5ee9774a8e6d4330af1b2582e594.jpg</filename>
	<path>dho59_png.rf.d0ae5ee9774a8e6d4330af1b2582e594.jpg</path>
	<source>
		<database>roboflow.com</database>
	</source>
	<size>
		<width>512</width>
		<height>512</height>
		<depth>3</depth>
	</size>
	<segmented>0</segmented>
	<object>
		<name>dho</name>
		<pose>Unspecified</pose>
		<truncated>0</truncated>
		<difficult>0</difficult>
		<occluded>0</occluded>
		<bndbox>
			<xmin>135</xmin>
			<xmax>372</xmax>
			<ymin>51</ymin>
			<ymax>201</ymax>
		</bndbox>
	</object>
</annotation>
