<annotation>
	<folder></folder>
	<filename>dho57_png.rf.5743f9ed89ec492f52579451dbb211ee.jpg</filename>
	<path>dho57_png.rf.5743f9ed89ec492f52579451dbb211ee.jpg</path>
	<source>
		<database>roboflow.com</database>
	</source>
	<size>
		<width>512</width>
		<height>512</height>
		<depth>3</depth>
	</size>
	<segmented>0</segmented>
	<object>
		<name>dho</name>
		<pose>Unspecified</pose>
		<truncated>0</truncated>
		<difficult>0</difficult>
		<occluded>0</occluded>
		<bndbox>
			<xmin>102</xmin>
			<xmax>406</xmax>
			<ymin>53</ymin>
			<ymax>249</ymax>
		</bndbox>
	</object>
</annotation>
