<annotation>
	<folder></folder>
	<filename>dho54_png.rf.7f7c9cd98eed77de35d795364e1a9ea2.jpg</filename>
	<path>dho54_png.rf.7f7c9cd98eed77de35d795364e1a9ea2.jpg</path>
	<source>
		<database>roboflow.com</database>
	</source>
	<size>
		<width>512</width>
		<height>512</height>
		<depth>3</depth>
	</size>
	<segmented>0</segmented>
	<object>
		<name>dho</name>
		<pose>Unspecified</pose>
		<truncated>0</truncated>
		<difficult>0</difficult>
		<occluded>0</occluded>
		<bndbox>
			<xmin>63</xmin>
			<xmax>407</xmax>
			<ymin>18</ymin>
			<ymax>245</ymax>
		</bndbox>
	</object>
</annotation>
