<annotation>
	<folder></folder>
	<filename>dho51_png.rf.91c6c4aa3589715fb20bf70705010889.jpg</filename>
	<path>dho51_png.rf.91c6c4aa3589715fb20bf70705010889.jpg</path>
	<source>
		<database>roboflow.com</database>
	</source>
	<size>
		<width>512</width>
		<height>512</height>
		<depth>3</depth>
	</size>
	<segmented>0</segmented>
	<object>
		<name>dho</name>
		<pose>Unspecified</pose>
		<truncated>0</truncated>
		<difficult>0</difficult>
		<occluded>0</occluded>
		<bndbox>
			<xmin>119</xmin>
			<xmax>462</xmax>
			<ymin>62</ymin>
			<ymax>272</ymax>
		</bndbox>
	</object>
</annotation>
