<annotation>
	<folder></folder>
	<filename>dho50_png.rf.87a692a93a9a023bdf06e16701b1c1b5.jpg</filename>
	<path>dho50_png.rf.87a692a93a9a023bdf06e16701b1c1b5.jpg</path>
	<source>
		<database>roboflow.com</database>
	</source>
	<size>
		<width>512</width>
		<height>512</height>
		<depth>3</depth>
	</size>
	<segmented>0</segmented>
	<object>
		<name>dho</name>
		<pose>Unspecified</pose>
		<truncated>0</truncated>
		<difficult>0</difficult>
		<occluded>0</occluded>
		<bndbox>
			<xmin>140</xmin>
			<xmax>414</xmax>
			<ymin>30</ymin>
			<ymax>244</ymax>
		</bndbox>
	</object>
</annotation>
