<annotation>
	<folder></folder>
	<filename>dho55_png.rf.e0b76c47370647f8740c0fa25841235d.jpg</filename>
	<path>dho55_png.rf.e0b76c47370647f8740c0fa25841235d.jpg</path>
	<source>
		<database>roboflow.com</database>
	</source>
	<size>
		<width>512</width>
		<height>512</height>
		<depth>3</depth>
	</size>
	<segmented>0</segmented>
	<object>
		<name>dho</name>
		<pose>Unspecified</pose>
		<truncated>0</truncated>
		<difficult>0</difficult>
		<occluded>0</occluded>
		<bndbox>
			<xmin>149</xmin>
			<xmax>407</xmax>
			<ymin>69</ymin>
			<ymax>250</ymax>
		</bndbox>
	</object>
</annotation>
