<annotation>
	<folder></folder>
	<filename>dho67_png.rf.e35533a2fe039a255a57e50cc0adfc91.jpg</filename>
	<path>dho67_png.rf.e35533a2fe039a255a57e50cc0adfc91.jpg</path>
	<source>
		<database>roboflow.com</database>
	</source>
	<size>
		<width>512</width>
		<height>512</height>
		<depth>3</depth>
	</size>
	<segmented>0</segmented>
	<object>
		<name>dho</name>
		<pose>Unspecified</pose>
		<truncated>0</truncated>
		<difficult>0</difficult>
		<occluded>0</occluded>
		<bndbox>
			<xmin>75</xmin>
			<xmax>387</xmax>
			<ymin>53</ymin>
			<ymax>295</ymax>
		</bndbox>
	</object>
</annotation>
