<annotation>
	<folder></folder>
	<filename>dho63_png.rf.937e4af28a6c495d1517863cbd4a595c.jpg</filename>
	<path>dho63_png.rf.937e4af28a6c495d1517863cbd4a595c.jpg</path>
	<source>
		<database>roboflow.com</database>
	</source>
	<size>
		<width>512</width>
		<height>512</height>
		<depth>3</depth>
	</size>
	<segmented>0</segmented>
	<object>
		<name>dho</name>
		<pose>Unspecified</pose>
		<truncated>0</truncated>
		<difficult>0</difficult>
		<occluded>0</occluded>
		<bndbox>
			<xmin>130</xmin>
			<xmax>372</xmax>
			<ymin>42</ymin>
			<ymax>242</ymax>
		</bndbox>
	</object>
</annotation>
