<annotation>
	<folder></folder>
	<filename>dho69_png.rf.f7ed694e623831161359330beb0ae93d.jpg</filename>
	<path>dho69_png.rf.f7ed694e623831161359330beb0ae93d.jpg</path>
	<source>
		<database>roboflow.com</database>
	</source>
	<size>
		<width>512</width>
		<height>512</height>
		<depth>3</depth>
	</size>
	<segmented>0</segmented>
	<object>
		<name>dho</name>
		<pose>Unspecified</pose>
		<truncated>0</truncated>
		<difficult>0</difficult>
		<occluded>0</occluded>
		<bndbox>
			<xmin>175</xmin>
			<xmax>446</xmax>
			<ymin>72</ymin>
			<ymax>240</ymax>
		</bndbox>
	</object>
</annotation>
