<annotation>
	<folder></folder>
	<filename>dho62_png.rf.7fa41bdbbb33e8f813e94ea05c413a67.jpg</filename>
	<path>dho62_png.rf.7fa41bdbbb33e8f813e94ea05c413a67.jpg</path>
	<source>
		<database>roboflow.com</database>
	</source>
	<size>
		<width>512</width>
		<height>512</height>
		<depth>3</depth>
	</size>
	<segmented>0</segmented>
	<object>
		<name>dho</name>
		<pose>Unspecified</pose>
		<truncated>0</truncated>
		<difficult>0</difficult>
		<occluded>0</occluded>
		<bndbox>
			<xmin>95</xmin>
			<xmax>356</xmax>
			<ymin>93</ymin>
			<ymax>277</ymax>
		</bndbox>
	</object>
</annotation>
