<annotation>
	<folder></folder>
	<filename>dho6_png.rf.fb486948585f727802b5743cf215e07b.jpg</filename>
	<path>dho6_png.rf.fb486948585f727802b5743cf215e07b.jpg</path>
	<source>
		<database>roboflow.com</database>
	</source>
	<size>
		<width>512</width>
		<height>512</height>
		<depth>3</depth>
	</size>
	<segmented>0</segmented>
	<object>
		<name>dho</name>
		<pose>Unspecified</pose>
		<truncated>0</truncated>
		<difficult>0</difficult>
		<occluded>0</occluded>
		<bndbox>
			<xmin>94</xmin>
			<xmax>382</xmax>
			<ymin>58</ymin>
			<ymax>304</ymax>
		</bndbox>
	</object>
</annotation>
