<annotation>
	<folder></folder>
	<filename>dho65_png.rf.2034038cacbfbeadc23eb630b8f53624.jpg</filename>
	<path>dho65_png.rf.2034038cacbfbeadc23eb630b8f53624.jpg</path>
	<source>
		<database>roboflow.com</database>
	</source>
	<size>
		<width>512</width>
		<height>512</height>
		<depth>3</depth>
	</size>
	<segmented>0</segmented>
	<object>
		<name>dho</name>
		<pose>Unspecified</pose>
		<truncated>0</truncated>
		<difficult>0</difficult>
		<occluded>0</occluded>
		<bndbox>
			<xmin>95</xmin>
			<xmax>458</xmax>
			<ymin>40</ymin>
			<ymax>265</ymax>
		</bndbox>
	</object>
</annotation>
