<annotation>
	<folder></folder>
	<filename>dho61_png.rf.736e4da9d9698a094836c8754d0bcd61.jpg</filename>
	<path>dho61_png.rf.736e4da9d9698a094836c8754d0bcd61.jpg</path>
	<source>
		<database>roboflow.com</database>
	</source>
	<size>
		<width>512</width>
		<height>512</height>
		<depth>3</depth>
	</size>
	<segmented>0</segmented>
	<object>
		<name>dho</name>
		<pose>Unspecified</pose>
		<truncated>0</truncated>
		<difficult>0</difficult>
		<occluded>0</occluded>
		<bndbox>
			<xmin>87</xmin>
			<xmax>501</xmax>
			<ymin>33</ymin>
			<ymax>339</ymax>
		</bndbox>
	</object>
</annotation>
