<annotation>
	<folder></folder>
	<filename>dho66_png.rf.2b452eebf9e1b9b391c255796f52e826.jpg</filename>
	<path>dho66_png.rf.2b452eebf9e1b9b391c255796f52e826.jpg</path>
	<source>
		<database>roboflow.com</database>
	</source>
	<size>
		<width>512</width>
		<height>512</height>
		<depth>3</depth>
	</size>
	<segmented>0</segmented>
	<object>
		<name>dho</name>
		<pose>Unspecified</pose>
		<truncated>0</truncated>
		<difficult>0</difficult>
		<occluded>0</occluded>
		<bndbox>
			<xmin>143</xmin>
			<xmax>459</xmax>
			<ymin>40</ymin>
			<ymax>247</ymax>
		</bndbox>
	</object>
</annotation>
