<annotation>
	<folder></folder>
	<filename>dho64_png.rf.1d4b2338740c26e34d0dec8998797b19.jpg</filename>
	<path>dho64_png.rf.1d4b2338740c26e34d0dec8998797b19.jpg</path>
	<source>
		<database>roboflow.com</database>
	</source>
	<size>
		<width>512</width>
		<height>512</height>
		<depth>3</depth>
	</size>
	<segmented>0</segmented>
	<object>
		<name>dho</name>
		<pose>Unspecified</pose>
		<truncated>0</truncated>
		<difficult>0</difficult>
		<occluded>0</occluded>
		<bndbox>
			<xmin>107</xmin>
			<xmax>408</xmax>
			<ymin>35</ymin>
			<ymax>210</ymax>
		</bndbox>
	</object>
</annotation>
