<annotation>
	<folder></folder>
	<filename>dho70_png.rf.e6a4a791ffb99ebef98f3b661ebd64f1.jpg</filename>
	<path>dho70_png.rf.e6a4a791ffb99ebef98f3b661ebd64f1.jpg</path>
	<source>
		<database>roboflow.com</database>
	</source>
	<size>
		<width>512</width>
		<height>512</height>
		<depth>3</depth>
	</size>
	<segmented>0</segmented>
	<object>
		<name>dho</name>
		<pose>Unspecified</pose>
		<truncated>0</truncated>
		<difficult>0</difficult>
		<occluded>0</occluded>
		<bndbox>
			<xmin>157</xmin>
			<xmax>411</xmax>
			<ymin>53</ymin>
			<ymax>221</ymax>
		</bndbox>
	</object>
</annotation>
