<annotation>
	<folder></folder>
	<filename>dho75_png.rf.56ec9a5fcd0bd4b5e2e3b349ad2faa11.jpg</filename>
	<path>dho75_png.rf.56ec9a5fcd0bd4b5e2e3b349ad2faa11.jpg</path>
	<source>
		<database>roboflow.com</database>
	</source>
	<size>
		<width>512</width>
		<height>512</height>
		<depth>3</depth>
	</size>
	<segmented>0</segmented>
	<object>
		<name>dho</name>
		<pose>Unspecified</pose>
		<truncated>0</truncated>
		<difficult>0</difficult>
		<occluded>0</occluded>
		<bndbox>
			<xmin>85</xmin>
			<xmax>439</xmax>
			<ymin>42</ymin>
			<ymax>289</ymax>
		</bndbox>
	</object>
</annotation>
