<annotation>
	<folder></folder>
	<filename>dho78_png.rf.74c20905ffcca619aef60c362828f322.jpg</filename>
	<path>dho78_png.rf.74c20905ffcca619aef60c362828f322.jpg</path>
	<source>
		<database>roboflow.com</database>
	</source>
	<size>
		<width>512</width>
		<height>512</height>
		<depth>3</depth>
	</size>
	<segmented>0</segmented>
	<object>
		<name>dho</name>
		<pose>Unspecified</pose>
		<truncated>0</truncated>
		<difficult>0</difficult>
		<occluded>0</occluded>
		<bndbox>
			<xmin>78</xmin>
			<xmax>421</xmax>
			<ymin>18</ymin>
			<ymax>268</ymax>
		</bndbox>
	</object>
</annotation>
