<annotation>
	<folder></folder>
	<filename>dho73_png.rf.86872fd8dcaf109dbda849735e258ad4.jpg</filename>
	<path>dho73_png.rf.86872fd8dcaf109dbda849735e258ad4.jpg</path>
	<source>
		<database>roboflow.com</database>
	</source>
	<size>
		<width>512</width>
		<height>512</height>
		<depth>3</depth>
	</size>
	<segmented>0</segmented>
	<object>
		<name>dho</name>
		<pose>Unspecified</pose>
		<truncated>0</truncated>
		<difficult>0</difficult>
		<occluded>0</occluded>
		<bndbox>
			<xmin>133</xmin>
			<xmax>367</xmax>
			<ymin>80</ymin>
			<ymax>237</ymax>
		</bndbox>
	</object>
</annotation>
