<annotation>
	<folder></folder>
	<filename>dho7_png.rf.346b57e5b4a8baae0a40198e04b878fa.jpg</filename>
	<path>dho7_png.rf.346b57e5b4a8baae0a40198e04b878fa.jpg</path>
	<source>
		<database>roboflow.com</database>
	</source>
	<size>
		<width>512</width>
		<height>512</height>
		<depth>3</depth>
	</size>
	<segmented>0</segmented>
	<object>
		<name>dho</name>
		<pose>Unspecified</pose>
		<truncated>0</truncated>
		<difficult>0</difficult>
		<occluded>0</occluded>
		<bndbox>
			<xmin>139</xmin>
			<xmax>420</xmax>
			<ymin>19</ymin>
			<ymax>243</ymax>
		</bndbox>
	</object>
</annotation>
