<annotation>
	<folder></folder>
	<filename>dho76_png.rf.12006f662bbd6d1cf6467a84506975c4.jpg</filename>
	<path>dho76_png.rf.12006f662bbd6d1cf6467a84506975c4.jpg</path>
	<source>
		<database>roboflow.com</database>
	</source>
	<size>
		<width>512</width>
		<height>512</height>
		<depth>3</depth>
	</size>
	<segmented>0</segmented>
	<object>
		<name>dho</name>
		<pose>Unspecified</pose>
		<truncated>0</truncated>
		<difficult>0</difficult>
		<occluded>0</occluded>
		<bndbox>
			<xmin>136</xmin>
			<xmax>405</xmax>
			<ymin>50</ymin>
			<ymax>249</ymax>
		</bndbox>
	</object>
</annotation>
