<annotation>
	<folder></folder>
	<filename>dho74_png.rf.bc1fc3dd142b46669cd05e99457eccfc.jpg</filename>
	<path>dho74_png.rf.bc1fc3dd142b46669cd05e99457eccfc.jpg</path>
	<source>
		<database>roboflow.com</database>
	</source>
	<size>
		<width>512</width>
		<height>512</height>
		<depth>3</depth>
	</size>
	<segmented>0</segmented>
	<object>
		<name>dho</name>
		<pose>Unspecified</pose>
		<truncated>0</truncated>
		<difficult>0</difficult>
		<occluded>0</occluded>
		<bndbox>
			<xmin>141</xmin>
			<xmax>423</xmax>
			<ymin>71</ymin>
			<ymax>233</ymax>
		</bndbox>
	</object>
</annotation>
