<annotation>
	<folder></folder>
	<filename>dho8_png.rf.b2048dd314fa2740b8509e0bc371d7b4.jpg</filename>
	<path>dho8_png.rf.b2048dd314fa2740b8509e0bc371d7b4.jpg</path>
	<source>
		<database>roboflow.com</database>
	</source>
	<size>
		<width>512</width>
		<height>512</height>
		<depth>3</depth>
	</size>
	<segmented>0</segmented>
	<object>
		<name>dho</name>
		<pose>Unspecified</pose>
		<truncated>0</truncated>
		<difficult>0</difficult>
		<occluded>0</occluded>
		<bndbox>
			<xmin>131</xmin>
			<xmax>358</xmax>
			<ymin>83</ymin>
			<ymax>268</ymax>
		</bndbox>
	</object>
</annotation>
