<annotation>
	<folder></folder>
	<filename>ga0_png.rf.4852be9de65fb6099e6a48ca183c9b84.jpg</filename>
	<path>ga0_png.rf.4852be9de65fb6099e6a48ca183c9b84.jpg</path>
	<source>
		<database>roboflow.com</database>
	</source>
	<size>
		<width>512</width>
		<height>512</height>
		<depth>3</depth>
	</size>
	<segmented>0</segmented>
	<object>
		<name>ga</name>
		<pose>Unspecified</pose>
		<truncated>0</truncated>
		<difficult>0</difficult>
		<occluded>0</occluded>
		<bndbox>
			<xmin>130</xmin>
			<xmax>416</xmax>
			<ymin>25</ymin>
			<ymax>286</ymax>
		</bndbox>
	</object>
</annotation>
