<annotation>
	<folder></folder>
	<filename>ga10_png.rf.b41d425339efaa08de88baf0770ef9d6.jpg</filename>
	<path>ga10_png.rf.b41d425339efaa08de88baf0770ef9d6.jpg</path>
	<source>
		<database>roboflow.com</database>
	</source>
	<size>
		<width>512</width>
		<height>512</height>
		<depth>3</depth>
	</size>
	<segmented>0</segmented>
	<object>
		<name>ga</name>
		<pose>Unspecified</pose>
		<truncated>0</truncated>
		<difficult>0</difficult>
		<occluded>0</occluded>
		<bndbox>
			<xmin>137</xmin>
			<xmax>374</xmax>
			<ymin>68</ymin>
			<ymax>260</ymax>
		</bndbox>
	</object>
</annotation>
