<annotation>
	<folder></folder>
	<filename>ga11_png.rf.8c65e1821ae9cf9ec39349157624f3d3.jpg</filename>
	<path>ga11_png.rf.8c65e1821ae9cf9ec39349157624f3d3.jpg</path>
	<source>
		<database>roboflow.com</database>
	</source>
	<size>
		<width>512</width>
		<height>512</height>
		<depth>3</depth>
	</size>
	<segmented>0</segmented>
	<object>
		<name>ga</name>
		<pose>Unspecified</pose>
		<truncated>0</truncated>
		<difficult>0</difficult>
		<occluded>0</occluded>
		<bndbox>
			<xmin>35</xmin>
			<xmax>317</xmax>
			<ymin>71</ymin>
			<ymax>269</ymax>
		</bndbox>
	</object>
</annotation>
