<annotation>
	<folder></folder>
	<filename>ga13_png.rf.9f3bf0e9bf9d8bcc307200d4ef315f58.jpg</filename>
	<path>ga13_png.rf.9f3bf0e9bf9d8bcc307200d4ef315f58.jpg</path>
	<source>
		<database>roboflow.com</database>
	</source>
	<size>
		<width>512</width>
		<height>512</height>
		<depth>3</depth>
	</size>
	<segmented>0</segmented>
	<object>
		<name>ga</name>
		<pose>Unspecified</pose>
		<truncated>0</truncated>
		<difficult>0</difficult>
		<occluded>0</occluded>
		<bndbox>
			<xmin>68</xmin>
			<xmax>329</xmax>
			<ymin>40</ymin>
			<ymax>254</ymax>
		</bndbox>
	</object>
</annotation>
