<annotation>
	<folder></folder>
	<filename>ga14_png.rf.e472fbf05923dc46d56e1de066c3a643.jpg</filename>
	<path>ga14_png.rf.e472fbf05923dc46d56e1de066c3a643.jpg</path>
	<source>
		<database>roboflow.com</database>
	</source>
	<size>
		<width>512</width>
		<height>512</height>
		<depth>3</depth>
	</size>
	<segmented>0</segmented>
	<object>
		<name>ga</name>
		<pose>Unspecified</pose>
		<truncated>0</truncated>
		<difficult>0</difficult>
		<occluded>0</occluded>
		<bndbox>
			<xmin>76</xmin>
			<xmax>362</xmax>
			<ymin>24</ymin>
			<ymax>229</ymax>
		</bndbox>
	</object>
</annotation>
