<annotation>
	<folder></folder>
	<filename>ga15_png.rf.5cd7368287a71ab6681fd2a498c44155.jpg</filename>
	<path>ga15_png.rf.5cd7368287a71ab6681fd2a498c44155.jpg</path>
	<source>
		<database>roboflow.com</database>
	</source>
	<size>
		<width>512</width>
		<height>512</height>
		<depth>3</depth>
	</size>
	<segmented>0</segmented>
	<object>
		<name>ga</name>
		<pose>Unspecified</pose>
		<truncated>0</truncated>
		<difficult>0</difficult>
		<occluded>0</occluded>
		<bndbox>
			<xmin>147</xmin>
			<xmax>322</xmax>
			<ymin>55</ymin>
			<ymax>210</ymax>
		</bndbox>
	</object>
</annotation>
