<annotation>
	<folder></folder>
	<filename>ga16_png.rf.a2263731ec32a67b08352032a32eab04.jpg</filename>
	<path>ga16_png.rf.a2263731ec32a67b08352032a32eab04.jpg</path>
	<source>
		<database>roboflow.com</database>
	</source>
	<size>
		<width>512</width>
		<height>512</height>
		<depth>3</depth>
	</size>
	<segmented>0</segmented>
	<object>
		<name>ga</name>
		<pose>Unspecified</pose>
		<truncated>0</truncated>
		<difficult>0</difficult>
		<occluded>0</occluded>
		<bndbox>
			<xmin>108</xmin>
			<xmax>364</xmax>
			<ymin>35</ymin>
			<ymax>205</ymax>
		</bndbox>
	</object>
</annotation>
