<annotation>
	<folder></folder>
	<filename>ga17_png.rf.2de78488ee026065cd3f6040f5ccb692.jpg</filename>
	<path>ga17_png.rf.2de78488ee026065cd3f6040f5ccb692.jpg</path>
	<source>
		<database>roboflow.com</database>
	</source>
	<size>
		<width>512</width>
		<height>512</height>
		<depth>3</depth>
	</size>
	<segmented>0</segmented>
	<object>
		<name>ga</name>
		<pose>Unspecified</pose>
		<truncated>0</truncated>
		<difficult>0</difficult>
		<occluded>0</occluded>
		<bndbox>
			<xmin>112</xmin>
			<xmax>356</xmax>
			<ymin>49</ymin>
			<ymax>246</ymax>
		</bndbox>
	</object>
</annotation>
