<annotation>
	<folder></folder>
	<filename>ga19_png.rf.142d27365b462739b91d1b9076b5a497.jpg</filename>
	<path>ga19_png.rf.142d27365b462739b91d1b9076b5a497.jpg</path>
	<source>
		<database>roboflow.com</database>
	</source>
	<size>
		<width>512</width>
		<height>512</height>
		<depth>3</depth>
	</size>
	<segmented>0</segmented>
	<object>
		<name>ga</name>
		<pose>Unspecified</pose>
		<truncated>0</truncated>
		<difficult>0</difficult>
		<occluded>0</occluded>
		<bndbox>
			<xmin>117</xmin>
			<xmax>361</xmax>
			<ymin>23</ymin>
			<ymax>265</ymax>
		</bndbox>
	</object>
</annotation>
