<annotation>
	<folder></folder>
	<filename>ga1_png.rf.aa48d8c2fd3d1b1fe9ea03e1ab9da928.jpg</filename>
	<path>ga1_png.rf.aa48d8c2fd3d1b1fe9ea03e1ab9da928.jpg</path>
	<source>
		<database>roboflow.com</database>
	</source>
	<size>
		<width>512</width>
		<height>512</height>
		<depth>3</depth>
	</size>
	<segmented>0</segmented>
	<object>
		<name>ga</name>
		<pose>Unspecified</pose>
		<truncated>0</truncated>
		<difficult>0</difficult>
		<occluded>0</occluded>
		<bndbox>
			<xmin>142</xmin>
			<xmax>449</xmax>
			<ymin>29</ymin>
			<ymax>228</ymax>
		</bndbox>
	</object>
</annotation>
