<annotation>
	<folder></folder>
	<filename>ga20_png.rf.f2b60c342ce127795554cd77e37c722b.jpg</filename>
	<path>ga20_png.rf.f2b60c342ce127795554cd77e37c722b.jpg</path>
	<source>
		<database>roboflow.com</database>
	</source>
	<size>
		<width>512</width>
		<height>512</height>
		<depth>3</depth>
	</size>
	<segmented>0</segmented>
	<object>
		<name>ga</name>
		<pose>Unspecified</pose>
		<truncated>0</truncated>
		<difficult>0</difficult>
		<occluded>0</occluded>
		<bndbox>
			<xmin>107</xmin>
			<xmax>296</xmax>
			<ymin>41</ymin>
			<ymax>221</ymax>
		</bndbox>
	</object>
</annotation>
