<annotation>
	<folder></folder>
	<filename>ga22_png.rf.72681e5faefddb5acc0795d99dcc6e67.jpg</filename>
	<path>ga22_png.rf.72681e5faefddb5acc0795d99dcc6e67.jpg</path>
	<source>
		<database>roboflow.com</database>
	</source>
	<size>
		<width>512</width>
		<height>512</height>
		<depth>3</depth>
	</size>
	<segmented>0</segmented>
	<object>
		<name>ga</name>
		<pose>Unspecified</pose>
		<truncated>0</truncated>
		<difficult>0</difficult>
		<occluded>0</occluded>
		<bndbox>
			<xmin>139</xmin>
			<xmax>312</xmax>
			<ymin>74</ymin>
			<ymax>202</ymax>
		</bndbox>
	</object>
</annotation>
