<annotation>
	<folder></folder>
	<filename>ga24_png.rf.676f5c5d2e6ca6f64839cc55043f9659.jpg</filename>
	<path>ga24_png.rf.676f5c5d2e6ca6f64839cc55043f9659.jpg</path>
	<source>
		<database>roboflow.com</database>
	</source>
	<size>
		<width>512</width>
		<height>512</height>
		<depth>3</depth>
	</size>
	<segmented>0</segmented>
	<object>
		<name>ga</name>
		<pose>Unspecified</pose>
		<truncated>0</truncated>
		<difficult>0</difficult>
		<occluded>0</occluded>
		<bndbox>
			<xmin>130</xmin>
			<xmax>503</xmax>
			<ymin>45</ymin>
			<ymax>291</ymax>
		</bndbox>
	</object>
</annotation>
