<annotation>
	<folder></folder>
	<filename>ga26_png.rf.c2a2d897351b3217f343d2615645d5fd.jpg</filename>
	<path>ga26_png.rf.c2a2d897351b3217f343d2615645d5fd.jpg</path>
	<source>
		<database>roboflow.com</database>
	</source>
	<size>
		<width>512</width>
		<height>512</height>
		<depth>3</depth>
	</size>
	<segmented>0</segmented>
	<object>
		<name>ga</name>
		<pose>Unspecified</pose>
		<truncated>0</truncated>
		<difficult>0</difficult>
		<occluded>0</occluded>
		<bndbox>
			<xmin>150</xmin>
			<xmax>380</xmax>
			<ymin>68</ymin>
			<ymax>268</ymax>
		</bndbox>
	</object>
</annotation>
