<annotation>
	<folder></folder>
	<filename>ga27_png.rf.379ecfd31685e4e3bbc0fe397f9524dc.jpg</filename>
	<path>ga27_png.rf.379ecfd31685e4e3bbc0fe397f9524dc.jpg</path>
	<source>
		<database>roboflow.com</database>
	</source>
	<size>
		<width>512</width>
		<height>512</height>
		<depth>3</depth>
	</size>
	<segmented>0</segmented>
	<object>
		<name>ga</name>
		<pose>Unspecified</pose>
		<truncated>0</truncated>
		<difficult>0</difficult>
		<occluded>0</occluded>
		<bndbox>
			<xmin>167</xmin>
			<xmax>381</xmax>
			<ymin>43</ymin>
			<ymax>220</ymax>
		</bndbox>
	</object>
</annotation>
