<annotation>
	<folder></folder>
	<filename>ga28_png.rf.c50bf8b3e71c99c21e637b6b4ba89012.jpg</filename>
	<path>ga28_png.rf.c50bf8b3e71c99c21e637b6b4ba89012.jpg</path>
	<source>
		<database>roboflow.com</database>
	</source>
	<size>
		<width>512</width>
		<height>512</height>
		<depth>3</depth>
	</size>
	<segmented>0</segmented>
	<object>
		<name>ga</name>
		<pose>Unspecified</pose>
		<truncated>0</truncated>
		<difficult>0</difficult>
		<occluded>0</occluded>
		<bndbox>
			<xmin>141</xmin>
			<xmax>326</xmax>
			<ymin>63</ymin>
			<ymax>235</ymax>
		</bndbox>
	</object>
</annotation>
