<annotation>
	<folder></folder>
	<filename>ga29_png.rf.d5089c7b59d2b232aba22bb0cf910a96.jpg</filename>
	<path>ga29_png.rf.d5089c7b59d2b232aba22bb0cf910a96.jpg</path>
	<source>
		<database>roboflow.com</database>
	</source>
	<size>
		<width>512</width>
		<height>512</height>
		<depth>3</depth>
	</size>
	<segmented>0</segmented>
	<object>
		<name>ga</name>
		<pose>Unspecified</pose>
		<truncated>0</truncated>
		<difficult>0</difficult>
		<occluded>0</occluded>
		<bndbox>
			<xmin>151</xmin>
			<xmax>417</xmax>
			<ymin>35</ymin>
			<ymax>255</ymax>
		</bndbox>
	</object>
</annotation>
