<annotation>
	<folder></folder>
	<filename>ga2_png.rf.30aa3324778fbdb04af9342c4452477f.jpg</filename>
	<path>ga2_png.rf.30aa3324778fbdb04af9342c4452477f.jpg</path>
	<source>
		<database>roboflow.com</database>
	</source>
	<size>
		<width>512</width>
		<height>512</height>
		<depth>3</depth>
	</size>
	<segmented>0</segmented>
	<object>
		<name>ga</name>
		<pose>Unspecified</pose>
		<truncated>0</truncated>
		<difficult>0</difficult>
		<occluded>0</occluded>
		<bndbox>
			<xmin>119</xmin>
			<xmax>373</xmax>
			<ymin>65</ymin>
			<ymax>266</ymax>
		</bndbox>
	</object>
</annotation>
