<annotation>
	<folder></folder>
	<filename>ga30_png.rf.74e1d5238bdd2b04c9f4b5d2e7956ecd.jpg</filename>
	<path>ga30_png.rf.74e1d5238bdd2b04c9f4b5d2e7956ecd.jpg</path>
	<source>
		<database>roboflow.com</database>
	</source>
	<size>
		<width>512</width>
		<height>512</height>
		<depth>3</depth>
	</size>
	<segmented>0</segmented>
	<object>
		<name>ga</name>
		<pose>Unspecified</pose>
		<truncated>0</truncated>
		<difficult>0</difficult>
		<occluded>0</occluded>
		<bndbox>
			<xmin>70</xmin>
			<xmax>443</xmax>
			<ymin>67</ymin>
			<ymax>237</ymax>
		</bndbox>
	</object>
</annotation>
