<annotation>
	<folder></folder>
	<filename>ga31_png.rf.5306996d78cd00e1b0ab3f7d79a0e3f6.jpg</filename>
	<path>ga31_png.rf.5306996d78cd00e1b0ab3f7d79a0e3f6.jpg</path>
	<source>
		<database>roboflow.com</database>
	</source>
	<size>
		<width>512</width>
		<height>512</height>
		<depth>3</depth>
	</size>
	<segmented>0</segmented>
	<object>
		<name>ga</name>
		<pose>Unspecified</pose>
		<truncated>0</truncated>
		<difficult>0</difficult>
		<occluded>0</occluded>
		<bndbox>
			<xmin>105</xmin>
			<xmax>415</xmax>
			<ymin>69</ymin>
			<ymax>222</ymax>
		</bndbox>
	</object>
</annotation>
