<annotation>
	<folder></folder>
	<filename>ga33_png.rf.60e963112d1a37362340b96b221dbb7d.jpg</filename>
	<path>ga33_png.rf.60e963112d1a37362340b96b221dbb7d.jpg</path>
	<source>
		<database>roboflow.com</database>
	</source>
	<size>
		<width>512</width>
		<height>512</height>
		<depth>3</depth>
	</size>
	<segmented>0</segmented>
	<object>
		<name>ga</name>
		<pose>Unspecified</pose>
		<truncated>0</truncated>
		<difficult>0</difficult>
		<occluded>0</occluded>
		<bndbox>
			<xmin>48</xmin>
			<xmax>497</xmax>
			<ymin>79</ymin>
			<ymax>342</ymax>
		</bndbox>
	</object>
</annotation>
