<annotation>
	<folder></folder>
	<filename>ga34_png.rf.54c5584882ba36691432e2dda5ce3628.jpg</filename>
	<path>ga34_png.rf.54c5584882ba36691432e2dda5ce3628.jpg</path>
	<source>
		<database>roboflow.com</database>
	</source>
	<size>
		<width>512</width>
		<height>512</height>
		<depth>3</depth>
	</size>
	<segmented>0</segmented>
	<object>
		<name>ga</name>
		<pose>Unspecified</pose>
		<truncated>0</truncated>
		<difficult>0</difficult>
		<occluded>0</occluded>
		<bndbox>
			<xmin>50</xmin>
			<xmax>346</xmax>
			<ymin>42</ymin>
			<ymax>232</ymax>
		</bndbox>
	</object>
</annotation>
