<annotation>
	<folder></folder>
	<filename>ga36_png.rf.42feb126aed841dc27699fd627081231.jpg</filename>
	<path>ga36_png.rf.42feb126aed841dc27699fd627081231.jpg</path>
	<source>
		<database>roboflow.com</database>
	</source>
	<size>
		<width>512</width>
		<height>512</height>
		<depth>3</depth>
	</size>
	<segmented>0</segmented>
	<object>
		<name>ga</name>
		<pose>Unspecified</pose>
		<truncated>0</truncated>
		<difficult>0</difficult>
		<occluded>0</occluded>
		<bndbox>
			<xmin>153</xmin>
			<xmax>303</xmax>
			<ymin>100</ymin>
			<ymax>239</ymax>
		</bndbox>
	</object>
</annotation>
