<annotation>
	<folder></folder>
	<filename>ga37_png.rf.4ec9bd5c83db1a5f8276c8c56bf49cf9.jpg</filename>
	<path>ga37_png.rf.4ec9bd5c83db1a5f8276c8c56bf49cf9.jpg</path>
	<source>
		<database>roboflow.com</database>
	</source>
	<size>
		<width>512</width>
		<height>512</height>
		<depth>3</depth>
	</size>
	<segmented>0</segmented>
	<object>
		<name>ga</name>
		<pose>Unspecified</pose>
		<truncated>0</truncated>
		<difficult>0</difficult>
		<occluded>0</occluded>
		<bndbox>
			<xmin>40</xmin>
			<xmax>381</xmax>
			<ymin>8</ymin>
			<ymax>280</ymax>
		</bndbox>
	</object>
</annotation>
