<annotation>
	<folder></folder>
	<filename>ga38_png.rf.dbffbcbdc6c21c34bbdb99b65ff0d3ab.jpg</filename>
	<path>ga38_png.rf.dbffbcbdc6c21c34bbdb99b65ff0d3ab.jpg</path>
	<source>
		<database>roboflow.com</database>
	</source>
	<size>
		<width>512</width>
		<height>512</height>
		<depth>3</depth>
	</size>
	<segmented>0</segmented>
	<object>
		<name>ga</name>
		<pose>Unspecified</pose>
		<truncated>0</truncated>
		<difficult>0</difficult>
		<occluded>0</occluded>
		<bndbox>
			<xmin>147</xmin>
			<xmax>384</xmax>
			<ymin>118</ymin>
			<ymax>297</ymax>
		</bndbox>
	</object>
</annotation>
