<annotation>
	<folder></folder>
	<filename>ga39_png.rf.03db6973683dcbba73da466cc1cb67f2.jpg</filename>
	<path>ga39_png.rf.03db6973683dcbba73da466cc1cb67f2.jpg</path>
	<source>
		<database>roboflow.com</database>
	</source>
	<size>
		<width>512</width>
		<height>512</height>
		<depth>3</depth>
	</size>
	<segmented>0</segmented>
	<object>
		<name>ga</name>
		<pose>Unspecified</pose>
		<truncated>0</truncated>
		<difficult>0</difficult>
		<occluded>0</occluded>
		<bndbox>
			<xmin>94</xmin>
			<xmax>309</xmax>
			<ymin>53</ymin>
			<ymax>191</ymax>
		</bndbox>
	</object>
</annotation>
