<annotation>
	<folder></folder>
	<filename>ga40_png.rf.f98053302353e21a1ae32b8223bbffd6.jpg</filename>
	<path>ga40_png.rf.f98053302353e21a1ae32b8223bbffd6.jpg</path>
	<source>
		<database>roboflow.com</database>
	</source>
	<size>
		<width>512</width>
		<height>512</height>
		<depth>3</depth>
	</size>
	<segmented>0</segmented>
	<object>
		<name>ga</name>
		<pose>Unspecified</pose>
		<truncated>0</truncated>
		<difficult>0</difficult>
		<occluded>0</occluded>
		<bndbox>
			<xmin>118</xmin>
			<xmax>310</xmax>
			<ymin>82</ymin>
			<ymax>261</ymax>
		</bndbox>
	</object>
</annotation>
