<annotation>
	<folder></folder>
	<filename>ga41_png.rf.d4421bd0ab2beedacbb8832f240fface.jpg</filename>
	<path>ga41_png.rf.d4421bd0ab2beedacbb8832f240fface.jpg</path>
	<source>
		<database>roboflow.com</database>
	</source>
	<size>
		<width>512</width>
		<height>512</height>
		<depth>3</depth>
	</size>
	<segmented>0</segmented>
	<object>
		<name>ga</name>
		<pose>Unspecified</pose>
		<truncated>0</truncated>
		<difficult>0</difficult>
		<occluded>0</occluded>
		<bndbox>
			<xmin>150</xmin>
			<xmax>374</xmax>
			<ymin>71</ymin>
			<ymax>245</ymax>
		</bndbox>
	</object>
</annotation>
