<annotation>
	<folder></folder>
	<filename>ga42_png.rf.27b108bc71627d032ba596a191c660a0.jpg</filename>
	<path>ga42_png.rf.27b108bc71627d032ba596a191c660a0.jpg</path>
	<source>
		<database>roboflow.com</database>
	</source>
	<size>
		<width>512</width>
		<height>512</height>
		<depth>3</depth>
	</size>
	<segmented>0</segmented>
	<object>
		<name>ga</name>
		<pose>Unspecified</pose>
		<truncated>0</truncated>
		<difficult>0</difficult>
		<occluded>0</occluded>
		<bndbox>
			<xmin>85</xmin>
			<xmax>469</xmax>
			<ymin>69</ymin>
			<ymax>264</ymax>
		</bndbox>
	</object>
</annotation>
