<annotation>
	<folder></folder>
	<filename>ga44_png.rf.48c6c663ed47b62348a09d71723db156.jpg</filename>
	<path>ga44_png.rf.48c6c663ed47b62348a09d71723db156.jpg</path>
	<source>
		<database>roboflow.com</database>
	</source>
	<size>
		<width>512</width>
		<height>512</height>
		<depth>3</depth>
	</size>
	<segmented>0</segmented>
	<object>
		<name>ga</name>
		<pose>Unspecified</pose>
		<truncated>0</truncated>
		<difficult>0</difficult>
		<occluded>0</occluded>
		<bndbox>
			<xmin>62</xmin>
			<xmax>143</xmax>
			<ymin>73</ymin>
			<ymax>163</ymax>
		</bndbox>
	</object>
</annotation>
