<annotation>
	<folder></folder>
	<filename>ga45_png.rf.4e5373f17185d0054c974b35acd81f86.jpg</filename>
	<path>ga45_png.rf.4e5373f17185d0054c974b35acd81f86.jpg</path>
	<source>
		<database>roboflow.com</database>
	</source>
	<size>
		<width>512</width>
		<height>512</height>
		<depth>3</depth>
	</size>
	<segmented>0</segmented>
	<object>
		<name>ga</name>
		<pose>Unspecified</pose>
		<truncated>0</truncated>
		<difficult>0</difficult>
		<occluded>0</occluded>
		<bndbox>
			<xmin>131</xmin>
			<xmax>312</xmax>
			<ymin>55</ymin>
			<ymax>189</ymax>
		</bndbox>
	</object>
</annotation>
