<annotation>
	<folder></folder>
	<filename>ga46_png.rf.79de7e0771c66256c04855491bce44bf.jpg</filename>
	<path>ga46_png.rf.79de7e0771c66256c04855491bce44bf.jpg</path>
	<source>
		<database>roboflow.com</database>
	</source>
	<size>
		<width>512</width>
		<height>512</height>
		<depth>3</depth>
	</size>
	<segmented>0</segmented>
	<object>
		<name>ga</name>
		<pose>Unspecified</pose>
		<truncated>0</truncated>
		<difficult>0</difficult>
		<occluded>0</occluded>
		<bndbox>
			<xmin>71</xmin>
			<xmax>347</xmax>
			<ymin>39</ymin>
			<ymax>246</ymax>
		</bndbox>
	</object>
</annotation>
