<annotation>
	<folder></folder>
	<filename>ga48_png.rf.a142aceba4cd8547f5d0cbe8e674b205.jpg</filename>
	<path>ga48_png.rf.a142aceba4cd8547f5d0cbe8e674b205.jpg</path>
	<source>
		<database>roboflow.com</database>
	</source>
	<size>
		<width>512</width>
		<height>512</height>
		<depth>3</depth>
	</size>
	<segmented>0</segmented>
	<object>
		<name>ga</name>
		<pose>Unspecified</pose>
		<truncated>0</truncated>
		<difficult>0</difficult>
		<occluded>0</occluded>
		<bndbox>
			<xmin>41</xmin>
			<xmax>357</xmax>
			<ymin>57</ymin>
			<ymax>287</ymax>
		</bndbox>
	</object>
</annotation>
