<annotation>
	<folder></folder>
	<filename>ga49_png.rf.c332461279da4af502979218127ab5fe.jpg</filename>
	<path>ga49_png.rf.c332461279da4af502979218127ab5fe.jpg</path>
	<source>
		<database>roboflow.com</database>
	</source>
	<size>
		<width>512</width>
		<height>512</height>
		<depth>3</depth>
	</size>
	<segmented>0</segmented>
	<object>
		<name>ga</name>
		<pose>Unspecified</pose>
		<truncated>0</truncated>
		<difficult>0</difficult>
		<occluded>0</occluded>
		<bndbox>
			<xmin>113</xmin>
			<xmax>327</xmax>
			<ymin>17</ymin>
			<ymax>204</ymax>
		</bndbox>
	</object>
</annotation>
