<annotation>
	<folder></folder>
	<filename>ga4_png.rf.7af220d2d067095b630e6afe08a90a7c.jpg</filename>
	<path>ga4_png.rf.7af220d2d067095b630e6afe08a90a7c.jpg</path>
	<source>
		<database>roboflow.com</database>
	</source>
	<size>
		<width>512</width>
		<height>512</height>
		<depth>3</depth>
	</size>
	<segmented>0</segmented>
	<object>
		<name>ga</name>
		<pose>Unspecified</pose>
		<truncated>0</truncated>
		<difficult>0</difficult>
		<occluded>0</occluded>
		<bndbox>
			<xmin>75</xmin>
			<xmax>406</xmax>
			<ymin>56</ymin>
			<ymax>264</ymax>
		</bndbox>
	</object>
</annotation>
