<annotation>
	<folder></folder>
	<filename>ga50_png.rf.d442b24c8a3346502a261dc8ae3d5311.jpg</filename>
	<path>ga50_png.rf.d442b24c8a3346502a261dc8ae3d5311.jpg</path>
	<source>
		<database>roboflow.com</database>
	</source>
	<size>
		<width>512</width>
		<height>512</height>
		<depth>3</depth>
	</size>
	<segmented>0</segmented>
	<object>
		<name>ga</name>
		<pose>Unspecified</pose>
		<truncated>0</truncated>
		<difficult>0</difficult>
		<occluded>0</occluded>
		<bndbox>
			<xmin>169</xmin>
			<xmax>493</xmax>
			<ymin>67</ymin>
			<ymax>244</ymax>
		</bndbox>
	</object>
</annotation>
