<annotation>
	<folder></folder>
	<filename>ga51_png.rf.210e90f439056a242700b2ace78b95ef.jpg</filename>
	<path>ga51_png.rf.210e90f439056a242700b2ace78b95ef.jpg</path>
	<source>
		<database>roboflow.com</database>
	</source>
	<size>
		<width>512</width>
		<height>512</height>
		<depth>3</depth>
	</size>
	<segmented>0</segmented>
	<object>
		<name>ga</name>
		<pose>Unspecified</pose>
		<truncated>0</truncated>
		<difficult>0</difficult>
		<occluded>0</occluded>
		<bndbox>
			<xmin>115</xmin>
			<xmax>376</xmax>
			<ymin>71</ymin>
			<ymax>243</ymax>
		</bndbox>
	</object>
</annotation>
