<annotation>
	<folder></folder>
	<filename>ga52_png.rf.54a0a6b3b02c6dfabc84ffef5e14b530.jpg</filename>
	<path>ga52_png.rf.54a0a6b3b02c6dfabc84ffef5e14b530.jpg</path>
	<source>
		<database>roboflow.com</database>
	</source>
	<size>
		<width>512</width>
		<height>512</height>
		<depth>3</depth>
	</size>
	<segmented>0</segmented>
	<object>
		<name>ga</name>
		<pose>Unspecified</pose>
		<truncated>0</truncated>
		<difficult>0</difficult>
		<occluded>0</occluded>
		<bndbox>
			<xmin>151</xmin>
			<xmax>420</xmax>
			<ymin>43</ymin>
			<ymax>213</ymax>
		</bndbox>
	</object>
</annotation>
