<annotation>
	<folder></folder>
	<filename>ga53_png.rf.19ada9488fcf8c6c417532487d28a406.jpg</filename>
	<path>ga53_png.rf.19ada9488fcf8c6c417532487d28a406.jpg</path>
	<source>
		<database>roboflow.com</database>
	</source>
	<size>
		<width>512</width>
		<height>512</height>
		<depth>3</depth>
	</size>
	<segmented>0</segmented>
	<object>
		<name>ga</name>
		<pose>Unspecified</pose>
		<truncated>0</truncated>
		<difficult>0</difficult>
		<occluded>0</occluded>
		<bndbox>
			<xmin>82</xmin>
			<xmax>466</xmax>
			<ymin>30</ymin>
			<ymax>247</ymax>
		</bndbox>
	</object>
</annotation>
