<annotation>
	<folder></folder>
	<filename>ga54_png.rf.c7abf6adad957d4e422447c1f6c443f0.jpg</filename>
	<path>ga54_png.rf.c7abf6adad957d4e422447c1f6c443f0.jpg</path>
	<source>
		<database>roboflow.com</database>
	</source>
	<size>
		<width>512</width>
		<height>512</height>
		<depth>3</depth>
	</size>
	<segmented>0</segmented>
	<object>
		<name>ga</name>
		<pose>Unspecified</pose>
		<truncated>0</truncated>
		<difficult>0</difficult>
		<occluded>0</occluded>
		<bndbox>
			<xmin>174</xmin>
			<xmax>390</xmax>
			<ymin>81</ymin>
			<ymax>289</ymax>
		</bndbox>
	</object>
</annotation>
