<annotation>
	<folder></folder>
	<filename>ga56_png.rf.dbad5471fa686ce2273b8561c8c16b48.jpg</filename>
	<path>ga56_png.rf.dbad5471fa686ce2273b8561c8c16b48.jpg</path>
	<source>
		<database>roboflow.com</database>
	</source>
	<size>
		<width>512</width>
		<height>512</height>
		<depth>3</depth>
	</size>
	<segmented>0</segmented>
	<object>
		<name>ga</name>
		<pose>Unspecified</pose>
		<truncated>0</truncated>
		<difficult>0</difficult>
		<occluded>0</occluded>
		<bndbox>
			<xmin>104</xmin>
			<xmax>406</xmax>
			<ymin>43</ymin>
			<ymax>231</ymax>
		</bndbox>
	</object>
</annotation>
