<annotation>
	<folder></folder>
	<filename>ga57_png.rf.c05b995aedfd1b97b61f0576babcbffd.jpg</filename>
	<path>ga57_png.rf.c05b995aedfd1b97b61f0576babcbffd.jpg</path>
	<source>
		<database>roboflow.com</database>
	</source>
	<size>
		<width>512</width>
		<height>512</height>
		<depth>3</depth>
	</size>
	<segmented>0</segmented>
	<object>
		<name>ga</name>
		<pose>Unspecified</pose>
		<truncated>0</truncated>
		<difficult>0</difficult>
		<occluded>0</occluded>
		<bndbox>
			<xmin>107</xmin>
			<xmax>446</xmax>
			<ymin>60</ymin>
			<ymax>287</ymax>
		</bndbox>
	</object>
</annotation>
