<annotation>
	<folder></folder>
	<filename>ga58_png.rf.c96601c89441ccdf044d8a4b85614e21.jpg</filename>
	<path>ga58_png.rf.c96601c89441ccdf044d8a4b85614e21.jpg</path>
	<source>
		<database>roboflow.com</database>
	</source>
	<size>
		<width>512</width>
		<height>512</height>
		<depth>3</depth>
	</size>
	<segmented>0</segmented>
	<object>
		<name>ga</name>
		<pose>Unspecified</pose>
		<truncated>0</truncated>
		<difficult>0</difficult>
		<occluded>0</occluded>
		<bndbox>
			<xmin>106</xmin>
			<xmax>368</xmax>
			<ymin>47</ymin>
			<ymax>195</ymax>
		</bndbox>
	</object>
</annotation>
