<annotation>
	<folder></folder>
	<filename>ga59_png.rf.8169043fd862448282fbb7aa243b1be2.jpg</filename>
	<path>ga59_png.rf.8169043fd862448282fbb7aa243b1be2.jpg</path>
	<source>
		<database>roboflow.com</database>
	</source>
	<size>
		<width>512</width>
		<height>512</height>
		<depth>3</depth>
	</size>
	<segmented>0</segmented>
	<object>
		<name>ga</name>
		<pose>Unspecified</pose>
		<truncated>0</truncated>
		<difficult>0</difficult>
		<occluded>0</occluded>
		<bndbox>
			<xmin>137</xmin>
			<xmax>351</xmax>
			<ymin>62</ymin>
			<ymax>261</ymax>
		</bndbox>
	</object>
</annotation>
