<annotation>
	<folder></folder>
	<filename>ga60_png.rf.aeff07e6d4a940b328005464f77fb680.jpg</filename>
	<path>ga60_png.rf.aeff07e6d4a940b328005464f77fb680.jpg</path>
	<source>
		<database>roboflow.com</database>
	</source>
	<size>
		<width>512</width>
		<height>512</height>
		<depth>3</depth>
	</size>
	<segmented>0</segmented>
	<object>
		<name>ga</name>
		<pose>Unspecified</pose>
		<truncated>0</truncated>
		<difficult>0</difficult>
		<occluded>0</occluded>
		<bndbox>
			<xmin>85</xmin>
			<xmax>498</xmax>
			<ymin>27</ymin>
			<ymax>256</ymax>
		</bndbox>
	</object>
</annotation>
