<annotation>
	<folder></folder>
	<filename>ga61_png.rf.7e4cb87b7da46e845c2cede2174a013b.jpg</filename>
	<path>ga61_png.rf.7e4cb87b7da46e845c2cede2174a013b.jpg</path>
	<source>
		<database>roboflow.com</database>
	</source>
	<size>
		<width>512</width>
		<height>512</height>
		<depth>3</depth>
	</size>
	<segmented>0</segmented>
	<object>
		<name>ga</name>
		<pose>Unspecified</pose>
		<truncated>0</truncated>
		<difficult>0</difficult>
		<occluded>0</occluded>
		<bndbox>
			<xmin>89</xmin>
			<xmax>314</xmax>
			<ymin>39</ymin>
			<ymax>244</ymax>
		</bndbox>
	</object>
</annotation>
