<annotation>
	<folder></folder>
	<filename>ga62_png.rf.ab7c002a6a42ea91ca17c5f8d6446147.jpg</filename>
	<path>ga62_png.rf.ab7c002a6a42ea91ca17c5f8d6446147.jpg</path>
	<source>
		<database>roboflow.com</database>
	</source>
	<size>
		<width>512</width>
		<height>512</height>
		<depth>3</depth>
	</size>
	<segmented>0</segmented>
	<object>
		<name>ga</name>
		<pose>Unspecified</pose>
		<truncated>0</truncated>
		<difficult>0</difficult>
		<occluded>0</occluded>
		<bndbox>
			<xmin>82</xmin>
			<xmax>373</xmax>
			<ymin>35</ymin>
			<ymax>267</ymax>
		</bndbox>
	</object>
</annotation>
