<annotation>
	<folder></folder>
	<filename>ga63_png.rf.bf61ce088bdc20d8c372bebdc882b8b3.jpg</filename>
	<path>ga63_png.rf.bf61ce088bdc20d8c372bebdc882b8b3.jpg</path>
	<source>
		<database>roboflow.com</database>
	</source>
	<size>
		<width>512</width>
		<height>512</height>
		<depth>3</depth>
	</size>
	<segmented>0</segmented>
	<object>
		<name>ga</name>
		<pose>Unspecified</pose>
		<truncated>0</truncated>
		<difficult>0</difficult>
		<occluded>0</occluded>
		<bndbox>
			<xmin>70</xmin>
			<xmax>484</xmax>
			<ymin>33</ymin>
			<ymax>242</ymax>
		</bndbox>
	</object>
</annotation>
