<annotation>
	<folder></folder>
	<filename>ga64_png.rf.dc61bbc1731ea33a74bd130c7f0f1493.jpg</filename>
	<path>ga64_png.rf.dc61bbc1731ea33a74bd130c7f0f1493.jpg</path>
	<source>
		<database>roboflow.com</database>
	</source>
	<size>
		<width>512</width>
		<height>512</height>
		<depth>3</depth>
	</size>
	<segmented>0</segmented>
	<object>
		<name>ga</name>
		<pose>Unspecified</pose>
		<truncated>0</truncated>
		<difficult>0</difficult>
		<occluded>0</occluded>
		<bndbox>
			<xmin>55</xmin>
			<xmax>500</xmax>
			<ymin>8</ymin>
			<ymax>257</ymax>
		</bndbox>
	</object>
</annotation>
