<annotation>
	<folder></folder>
	<filename>ga65_png.rf.d3fb3c76c26b9e6cd351056473c2fdf5.jpg</filename>
	<path>ga65_png.rf.d3fb3c76c26b9e6cd351056473c2fdf5.jpg</path>
	<source>
		<database>roboflow.com</database>
	</source>
	<size>
		<width>512</width>
		<height>512</height>
		<depth>3</depth>
	</size>
	<segmented>0</segmented>
	<object>
		<name>ga</name>
		<pose>Unspecified</pose>
		<truncated>0</truncated>
		<difficult>0</difficult>
		<occluded>0</occluded>
		<bndbox>
			<xmin>109</xmin>
			<xmax>406</xmax>
			<ymin>45</ymin>
			<ymax>294</ymax>
		</bndbox>
	</object>
</annotation>
