<annotation>
	<folder></folder>
	<filename>ga66_png.rf.1afd8bd2789b3119a292928f61bf99b5.jpg</filename>
	<path>ga66_png.rf.1afd8bd2789b3119a292928f61bf99b5.jpg</path>
	<source>
		<database>roboflow.com</database>
	</source>
	<size>
		<width>512</width>
		<height>512</height>
		<depth>3</depth>
	</size>
	<segmented>0</segmented>
	<object>
		<name>ga</name>
		<pose>Unspecified</pose>
		<truncated>0</truncated>
		<difficult>0</difficult>
		<occluded>0</occluded>
		<bndbox>
			<xmin>70</xmin>
			<xmax>419</xmax>
			<ymin>58</ymin>
			<ymax>270</ymax>
		</bndbox>
	</object>
</annotation>
