<annotation>
	<folder></folder>
	<filename>ga67_png.rf.5a0cd1c59517f11dce8c50a17e7ce39d.jpg</filename>
	<path>ga67_png.rf.5a0cd1c59517f11dce8c50a17e7ce39d.jpg</path>
	<source>
		<database>roboflow.com</database>
	</source>
	<size>
		<width>512</width>
		<height>512</height>
		<depth>3</depth>
	</size>
	<segmented>0</segmented>
	<object>
		<name>ga</name>
		<pose>Unspecified</pose>
		<truncated>0</truncated>
		<difficult>0</difficult>
		<occluded>0</occluded>
		<bndbox>
			<xmin>82</xmin>
			<xmax>319</xmax>
			<ymin>55</ymin>
			<ymax>235</ymax>
		</bndbox>
	</object>
</annotation>
