<annotation>
	<folder></folder>
	<filename>ga68_png.rf.c351ba38f3034cb722c06b77286f8a22.jpg</filename>
	<path>ga68_png.rf.c351ba38f3034cb722c06b77286f8a22.jpg</path>
	<source>
		<database>roboflow.com</database>
	</source>
	<size>
		<width>512</width>
		<height>512</height>
		<depth>3</depth>
	</size>
	<segmented>0</segmented>
	<object>
		<name>ga</name>
		<pose>Unspecified</pose>
		<truncated>0</truncated>
		<difficult>0</difficult>
		<occluded>0</occluded>
		<bndbox>
			<xmin>125</xmin>
			<xmax>407</xmax>
			<ymin>54</ymin>
			<ymax>229</ymax>
		</bndbox>
	</object>
</annotation>
