<annotation>
	<folder></folder>
	<filename>ga69_png.rf.07d6665f0dfe318461a8a21b8ae24705.jpg</filename>
	<path>ga69_png.rf.07d6665f0dfe318461a8a21b8ae24705.jpg</path>
	<source>
		<database>roboflow.com</database>
	</source>
	<size>
		<width>512</width>
		<height>512</height>
		<depth>3</depth>
	</size>
	<segmented>0</segmented>
	<object>
		<name>ga</name>
		<pose>Unspecified</pose>
		<truncated>0</truncated>
		<difficult>0</difficult>
		<occluded>0</occluded>
		<bndbox>
			<xmin>137</xmin>
			<xmax>314</xmax>
			<ymin>93</ymin>
			<ymax>263</ymax>
		</bndbox>
	</object>
</annotation>
