<annotation>
	<folder></folder>
	<filename>ga6_png.rf.113f06c33ced041c1c1bbe5ef96f414f.jpg</filename>
	<path>ga6_png.rf.113f06c33ced041c1c1bbe5ef96f414f.jpg</path>
	<source>
		<database>roboflow.com</database>
	</source>
	<size>
		<width>512</width>
		<height>512</height>
		<depth>3</depth>
	</size>
	<segmented>0</segmented>
	<object>
		<name>ga</name>
		<pose>Unspecified</pose>
		<truncated>0</truncated>
		<difficult>0</difficult>
		<occluded>0</occluded>
		<bndbox>
			<xmin>124</xmin>
			<xmax>406</xmax>
			<ymin>34</ymin>
			<ymax>179</ymax>
		</bndbox>
	</object>
</annotation>
