<annotation>
	<folder></folder>
	<filename>ga70_png.rf.69d706641a9409653ceb5e805551c964.jpg</filename>
	<path>ga70_png.rf.69d706641a9409653ceb5e805551c964.jpg</path>
	<source>
		<database>roboflow.com</database>
	</source>
	<size>
		<width>512</width>
		<height>512</height>
		<depth>3</depth>
	</size>
	<segmented>0</segmented>
	<object>
		<name>ga</name>
		<pose>Unspecified</pose>
		<truncated>0</truncated>
		<difficult>0</difficult>
		<occluded>0</occluded>
		<bndbox>
			<xmin>130</xmin>
			<xmax>392</xmax>
			<ymin>58</ymin>
			<ymax>242</ymax>
		</bndbox>
	</object>
</annotation>
