<annotation>
	<folder></folder>
	<filename>ga71_png.rf.b23c25e5d895076c0549caab52dbdc3a.jpg</filename>
	<path>ga71_png.rf.b23c25e5d895076c0549caab52dbdc3a.jpg</path>
	<source>
		<database>roboflow.com</database>
	</source>
	<size>
		<width>512</width>
		<height>512</height>
		<depth>3</depth>
	</size>
	<segmented>0</segmented>
	<object>
		<name>ga</name>
		<pose>Unspecified</pose>
		<truncated>0</truncated>
		<difficult>0</difficult>
		<occluded>0</occluded>
		<bndbox>
			<xmin>124</xmin>
			<xmax>339</xmax>
			<ymin>94</ymin>
			<ymax>249</ymax>
		</bndbox>
	</object>
</annotation>
