<annotation>
	<folder></folder>
	<filename>ga74_png.rf.f6f0e7d2a447e53007518bc90351cd5d.jpg</filename>
	<path>ga74_png.rf.f6f0e7d2a447e53007518bc90351cd5d.jpg</path>
	<source>
		<database>roboflow.com</database>
	</source>
	<size>
		<width>512</width>
		<height>512</height>
		<depth>3</depth>
	</size>
	<segmented>0</segmented>
	<object>
		<name>ga</name>
		<pose>Unspecified</pose>
		<truncated>0</truncated>
		<difficult>0</difficult>
		<occluded>0</occluded>
		<bndbox>
			<xmin>47</xmin>
			<xmax>471</xmax>
			<ymin>45</ymin>
			<ymax>297</ymax>
		</bndbox>
	</object>
</annotation>
