<annotation>
	<folder></folder>
	<filename>ga75_png.rf.88c43158b3e4cc1a00ee7cdd79e34c4f.jpg</filename>
	<path>ga75_png.rf.88c43158b3e4cc1a00ee7cdd79e34c4f.jpg</path>
	<source>
		<database>roboflow.com</database>
	</source>
	<size>
		<width>512</width>
		<height>512</height>
		<depth>3</depth>
	</size>
	<segmented>0</segmented>
	<object>
		<name>ga</name>
		<pose>Unspecified</pose>
		<truncated>0</truncated>
		<difficult>0</difficult>
		<occluded>0</occluded>
		<bndbox>
			<xmin>135</xmin>
			<xmax>344</xmax>
			<ymin>54</ymin>
			<ymax>207</ymax>
		</bndbox>
	</object>
</annotation>
