<annotation>
	<folder></folder>
	<filename>ga76_png.rf.68b07e05cd58eb3bb8821459ddec9f17.jpg</filename>
	<path>ga76_png.rf.68b07e05cd58eb3bb8821459ddec9f17.jpg</path>
	<source>
		<database>roboflow.com</database>
	</source>
	<size>
		<width>512</width>
		<height>512</height>
		<depth>3</depth>
	</size>
	<segmented>0</segmented>
	<object>
		<name>ga</name>
		<pose>Unspecified</pose>
		<truncated>0</truncated>
		<difficult>0</difficult>
		<occluded>0</occluded>
		<bndbox>
			<xmin>57</xmin>
			<xmax>498</xmax>
			<ymin>60</ymin>
			<ymax>296</ymax>
		</bndbox>
	</object>
</annotation>
