<annotation>
	<folder></folder>
	<filename>ga77_png.rf.7961500601525b6dd6c93e930995ae89.jpg</filename>
	<path>ga77_png.rf.7961500601525b6dd6c93e930995ae89.jpg</path>
	<source>
		<database>roboflow.com</database>
	</source>
	<size>
		<width>512</width>
		<height>512</height>
		<depth>3</depth>
	</size>
	<segmented>0</segmented>
	<object>
		<name>ga</name>
		<pose>Unspecified</pose>
		<truncated>0</truncated>
		<difficult>0</difficult>
		<occluded>0</occluded>
		<bndbox>
			<xmin>72</xmin>
			<xmax>343</xmax>
			<ymin>52</ymin>
			<ymax>261</ymax>
		</bndbox>
	</object>
</annotation>
