<annotation>
	<folder></folder>
	<filename>ga7_png.rf.a6b0855de452c2128b31d88b52517472.jpg</filename>
	<path>ga7_png.rf.a6b0855de452c2128b31d88b52517472.jpg</path>
	<source>
		<database>roboflow.com</database>
	</source>
	<size>
		<width>512</width>
		<height>512</height>
		<depth>3</depth>
	</size>
	<segmented>0</segmented>
	<object>
		<name>ga</name>
		<pose>Unspecified</pose>
		<truncated>0</truncated>
		<difficult>0</difficult>
		<occluded>0</occluded>
		<bndbox>
			<xmin>153</xmin>
			<xmax>331</xmax>
			<ymin>81</ymin>
			<ymax>255</ymax>
		</bndbox>
	</object>
</annotation>
