<annotation>
	<folder></folder>
	<filename>ga8_png.rf.b687cbf6baf5700c264650f18196e911.jpg</filename>
	<path>ga8_png.rf.b687cbf6baf5700c264650f18196e911.jpg</path>
	<source>
		<database>roboflow.com</database>
	</source>
	<size>
		<width>512</width>
		<height>512</height>
		<depth>3</depth>
	</size>
	<segmented>0</segmented>
	<object>
		<name>ga</name>
		<pose>Unspecified</pose>
		<truncated>0</truncated>
		<difficult>0</difficult>
		<occluded>0</occluded>
		<bndbox>
			<xmin>107</xmin>
			<xmax>433</xmax>
			<ymin>67</ymin>
			<ymax>284</ymax>
		</bndbox>
	</object>
</annotation>
