<annotation>
	<folder></folder>
	<filename>ga9_png.rf.a780c029190c82529b6be90d6eeddbcb.jpg</filename>
	<path>ga9_png.rf.a780c029190c82529b6be90d6eeddbcb.jpg</path>
	<source>
		<database>roboflow.com</database>
	</source>
	<size>
		<width>512</width>
		<height>512</height>
		<depth>3</depth>
	</size>
	<segmented>0</segmented>
	<object>
		<name>ga</name>
		<pose>Unspecified</pose>
		<truncated>0</truncated>
		<difficult>0</difficult>
		<occluded>0</occluded>
		<bndbox>
			<xmin>204</xmin>
			<xmax>379</xmax>
			<ymin>51</ymin>
			<ymax>191</ymax>
		</bndbox>
	</object>
</annotation>
