<annotation>
	<folder></folder>
	<filename>ha0_png.rf.88bd0aa98b5711d4489ea5e34c91d25c.jpg</filename>
	<path>ha0_png.rf.88bd0aa98b5711d4489ea5e34c91d25c.jpg</path>
	<source>
		<database>roboflow.com</database>
	</source>
	<size>
		<width>512</width>
		<height>512</height>
		<depth>3</depth>
	</size>
	<segmented>0</segmented>
	<object>
		<name>ha</name>
		<pose>Unspecified</pose>
		<truncated>0</truncated>
		<difficult>0</difficult>
		<occluded>0</occluded>
		<bndbox>
			<xmin>45</xmin>
			<xmax>361</xmax>
			<ymin>19</ymin>
			<ymax>224</ymax>
		</bndbox>
	</object>
</annotation>
