<annotation>
	<folder></folder>
	<filename>ha10_png.rf.875d4a4ec17b56f4500c0d6d5a83328b.jpg</filename>
	<path>ha10_png.rf.875d4a4ec17b56f4500c0d6d5a83328b.jpg</path>
	<source>
		<database>roboflow.com</database>
	</source>
	<size>
		<width>512</width>
		<height>512</height>
		<depth>3</depth>
	</size>
	<segmented>0</segmented>
	<object>
		<name>ha</name>
		<pose>Unspecified</pose>
		<truncated>0</truncated>
		<difficult>0</difficult>
		<occluded>0</occluded>
		<bndbox>
			<xmin>131</xmin>
			<xmax>398</xmax>
			<ymin>63</ymin>
			<ymax>255</ymax>
		</bndbox>
	</object>
</annotation>
