<annotation>
	<folder></folder>
	<filename>ha11_png.rf.adf34bb8f7a99c8d1c9de5bdd2cac484.jpg</filename>
	<path>ha11_png.rf.adf34bb8f7a99c8d1c9de5bdd2cac484.jpg</path>
	<source>
		<database>roboflow.com</database>
	</source>
	<size>
		<width>512</width>
		<height>512</height>
		<depth>3</depth>
	</size>
	<segmented>0</segmented>
	<object>
		<name>ha</name>
		<pose>Unspecified</pose>
		<truncated>0</truncated>
		<difficult>0</difficult>
		<occluded>0</occluded>
		<bndbox>
			<xmin>102</xmin>
			<xmax>393</xmax>
			<ymin>64</ymin>
			<ymax>241</ymax>
		</bndbox>
	</object>
</annotation>
