<annotation>
	<folder></folder>
	<filename>ha12_png.rf.970710d9772434015f164ebb7c39672b.jpg</filename>
	<path>ha12_png.rf.970710d9772434015f164ebb7c39672b.jpg</path>
	<source>
		<database>roboflow.com</database>
	</source>
	<size>
		<width>512</width>
		<height>512</height>
		<depth>3</depth>
	</size>
	<segmented>0</segmented>
	<object>
		<name>ha</name>
		<pose>Unspecified</pose>
		<truncated>0</truncated>
		<difficult>0</difficult>
		<occluded>0</occluded>
		<bndbox>
			<xmin>53</xmin>
			<xmax>312</xmax>
			<ymin>63</ymin>
			<ymax>244</ymax>
		</bndbox>
	</object>
</annotation>
