<annotation>
	<folder></folder>
	<filename>ha14_png.rf.d6f076aa2cb6720b58b7e0b15a6e4010.jpg</filename>
	<path>ha14_png.rf.d6f076aa2cb6720b58b7e0b15a6e4010.jpg</path>
	<source>
		<database>roboflow.com</database>
	</source>
	<size>
		<width>512</width>
		<height>512</height>
		<depth>3</depth>
	</size>
	<segmented>0</segmented>
	<object>
		<name>ha</name>
		<pose>Unspecified</pose>
		<truncated>0</truncated>
		<difficult>0</difficult>
		<occluded>0</occluded>
		<bndbox>
			<xmin>14</xmin>
			<xmax>454</xmax>
			<ymin>22</ymin>
			<ymax>259</ymax>
		</bndbox>
	</object>
</annotation>
