<annotation>
	<folder></folder>
	<filename>ha15_png.rf.d1d533481b5aa5a3ef6f194fbc6b4919.jpg</filename>
	<path>ha15_png.rf.d1d533481b5aa5a3ef6f194fbc6b4919.jpg</path>
	<source>
		<database>roboflow.com</database>
	</source>
	<size>
		<width>512</width>
		<height>512</height>
		<depth>3</depth>
	</size>
	<segmented>0</segmented>
	<object>
		<name>ha</name>
		<pose>Unspecified</pose>
		<truncated>0</truncated>
		<difficult>0</difficult>
		<occluded>0</occluded>
		<bndbox>
			<xmin>55</xmin>
			<xmax>448</xmax>
			<ymin>15</ymin>
			<ymax>227</ymax>
		</bndbox>
	</object>
</annotation>
