<annotation>
	<folder></folder>
	<filename>ha17_png.rf.8fc22835e22217a93a5cb1c624618b9b.jpg</filename>
	<path>ha17_png.rf.8fc22835e22217a93a5cb1c624618b9b.jpg</path>
	<source>
		<database>roboflow.com</database>
	</source>
	<size>
		<width>512</width>
		<height>512</height>
		<depth>3</depth>
	</size>
	<segmented>0</segmented>
	<object>
		<name>ha</name>
		<pose>Unspecified</pose>
		<truncated>0</truncated>
		<difficult>0</difficult>
		<occluded>0</occluded>
		<bndbox>
			<xmin>39</xmin>
			<xmax>336</xmax>
			<ymin>48</ymin>
			<ymax>216</ymax>
		</bndbox>
	</object>
</annotation>
