<annotation>
	<folder></folder>
	<filename>ha18_png.rf.b2aecfcd25d01889ece26bd87b948bc5.jpg</filename>
	<path>ha18_png.rf.b2aecfcd25d01889ece26bd87b948bc5.jpg</path>
	<source>
		<database>roboflow.com</database>
	</source>
	<size>
		<width>512</width>
		<height>512</height>
		<depth>3</depth>
	</size>
	<segmented>0</segmented>
	<object>
		<name>ha</name>
		<pose>Unspecified</pose>
		<truncated>0</truncated>
		<difficult>0</difficult>
		<occluded>0</occluded>
		<bndbox>
			<xmin>82</xmin>
			<xmax>426</xmax>
			<ymin>28</ymin>
			<ymax>284</ymax>
		</bndbox>
	</object>
</annotation>
