<annotation>
	<folder></folder>
	<filename>ha19_png.rf.ad9f2d5c315b2a80af3cd86345797fa1.jpg</filename>
	<path>ha19_png.rf.ad9f2d5c315b2a80af3cd86345797fa1.jpg</path>
	<source>
		<database>roboflow.com</database>
	</source>
	<size>
		<width>512</width>
		<height>512</height>
		<depth>3</depth>
	</size>
	<segmented>0</segmented>
	<object>
		<name>ha</name>
		<pose>Unspecified</pose>
		<truncated>0</truncated>
		<difficult>0</difficult>
		<occluded>0</occluded>
		<bndbox>
			<xmin>85</xmin>
			<xmax>386</xmax>
			<ymin>37</ymin>
			<ymax>236</ymax>
		</bndbox>
	</object>
</annotation>
