<annotation>
	<folder></folder>
	<filename>ha1_png.rf.38adabc06dff9a43bd5a7dccff555d84.jpg</filename>
	<path>ha1_png.rf.38adabc06dff9a43bd5a7dccff555d84.jpg</path>
	<source>
		<database>roboflow.com</database>
	</source>
	<size>
		<width>512</width>
		<height>512</height>
		<depth>3</depth>
	</size>
	<segmented>0</segmented>
	<object>
		<name>ha</name>
		<pose>Unspecified</pose>
		<truncated>0</truncated>
		<difficult>0</difficult>
		<occluded>0</occluded>
		<bndbox>
			<xmin>107</xmin>
			<xmax>434</xmax>
			<ymin>35</ymin>
			<ymax>241</ymax>
		</bndbox>
	</object>
</annotation>
