<annotation>
	<folder></folder>
	<filename>ha20_png.rf.c18bad6ebc16f67d2badaf9853f3d61b.jpg</filename>
	<path>ha20_png.rf.c18bad6ebc16f67d2badaf9853f3d61b.jpg</path>
	<source>
		<database>roboflow.com</database>
	</source>
	<size>
		<width>512</width>
		<height>512</height>
		<depth>3</depth>
	</size>
	<segmented>0</segmented>
	<object>
		<name>ha</name>
		<pose>Unspecified</pose>
		<truncated>0</truncated>
		<difficult>0</difficult>
		<occluded>0</occluded>
		<bndbox>
			<xmin>85</xmin>
			<xmax>404</xmax>
			<ymin>24</ymin>
			<ymax>291</ymax>
		</bndbox>
	</object>
</annotation>
