<annotation>
	<folder></folder>
	<filename>ha21_png.rf.270cf674da01a8b43adcd6978f357b69.jpg</filename>
	<path>ha21_png.rf.270cf674da01a8b43adcd6978f357b69.jpg</path>
	<source>
		<database>roboflow.com</database>
	</source>
	<size>
		<width>512</width>
		<height>512</height>
		<depth>3</depth>
	</size>
	<segmented>0</segmented>
	<object>
		<name>ha</name>
		<pose>Unspecified</pose>
		<truncated>0</truncated>
		<difficult>0</difficult>
		<occluded>0</occluded>
		<bndbox>
			<xmin>84</xmin>
			<xmax>373</xmax>
			<ymin>38</ymin>
			<ymax>268</ymax>
		</bndbox>
	</object>
</annotation>
