<annotation>
	<folder></folder>
	<filename>ha22_png.rf.289f9b7c6c1c602f509d8fb11b58541f.jpg</filename>
	<path>ha22_png.rf.289f9b7c6c1c602f509d8fb11b58541f.jpg</path>
	<source>
		<database>roboflow.com</database>
	</source>
	<size>
		<width>512</width>
		<height>512</height>
		<depth>3</depth>
	</size>
	<segmented>0</segmented>
	<object>
		<name>ha</name>
		<pose>Unspecified</pose>
		<truncated>0</truncated>
		<difficult>0</difficult>
		<occluded>0</occluded>
		<bndbox>
			<xmin>63</xmin>
			<xmax>337</xmax>
			<ymin>28</ymin>
			<ymax>200</ymax>
		</bndbox>
	</object>
</annotation>
