<annotation>
	<folder></folder>
	<filename>ha23_png.rf.234f3b8494ec8248ac9d21c8ff78b510.jpg</filename>
	<path>ha23_png.rf.234f3b8494ec8248ac9d21c8ff78b510.jpg</path>
	<source>
		<database>roboflow.com</database>
	</source>
	<size>
		<width>512</width>
		<height>512</height>
		<depth>3</depth>
	</size>
	<segmented>0</segmented>
	<object>
		<name>ha</name>
		<pose>Unspecified</pose>
		<truncated>0</truncated>
		<difficult>0</difficult>
		<occluded>0</occluded>
		<bndbox>
			<xmin>100</xmin>
			<xmax>366</xmax>
			<ymin>64</ymin>
			<ymax>233</ymax>
		</bndbox>
	</object>
</annotation>
