<annotation>
	<folder></folder>
	<filename>ha24_png.rf.d2684690b338e425080a9f605f3161f1.jpg</filename>
	<path>ha24_png.rf.d2684690b338e425080a9f605f3161f1.jpg</path>
	<source>
		<database>roboflow.com</database>
	</source>
	<size>
		<width>512</width>
		<height>512</height>
		<depth>3</depth>
	</size>
	<segmented>0</segmented>
	<object>
		<name>ha</name>
		<pose>Unspecified</pose>
		<truncated>0</truncated>
		<difficult>0</difficult>
		<occluded>0</occluded>
		<bndbox>
			<xmin>79</xmin>
			<xmax>380</xmax>
			<ymin>18</ymin>
			<ymax>268</ymax>
		</bndbox>
	</object>
</annotation>
