<annotation>
	<folder></folder>
	<filename>ha26_png.rf.15e390d4b33b196a8853f8e0563ef9e4.jpg</filename>
	<path>ha26_png.rf.15e390d4b33b196a8853f8e0563ef9e4.jpg</path>
	<source>
		<database>roboflow.com</database>
	</source>
	<size>
		<width>512</width>
		<height>512</height>
		<depth>3</depth>
	</size>
	<segmented>0</segmented>
	<object>
		<name>ha</name>
		<pose>Unspecified</pose>
		<truncated>0</truncated>
		<difficult>0</difficult>
		<occluded>0</occluded>
		<bndbox>
			<xmin>143</xmin>
			<xmax>480</xmax>
			<ymin>30</ymin>
			<ymax>227</ymax>
		</bndbox>
	</object>
</annotation>
