<annotation>
	<folder></folder>
	<filename>ha27_png.rf.6a643296a06f844826c8afdbb687f988.jpg</filename>
	<path>ha27_png.rf.6a643296a06f844826c8afdbb687f988.jpg</path>
	<source>
		<database>roboflow.com</database>
	</source>
	<size>
		<width>512</width>
		<height>512</height>
		<depth>3</depth>
	</size>
	<segmented>0</segmented>
	<object>
		<name>ha</name>
		<pose>Unspecified</pose>
		<truncated>0</truncated>
		<difficult>0</difficult>
		<occluded>0</occluded>
		<bndbox>
			<xmin>109</xmin>
			<xmax>408</xmax>
			<ymin>43</ymin>
			<ymax>252</ymax>
		</bndbox>
	</object>
</annotation>
