<annotation>
	<folder></folder>
	<filename>ha28_png.rf.194f981f77b08d82b194caa7d2218e05.jpg</filename>
	<path>ha28_png.rf.194f981f77b08d82b194caa7d2218e05.jpg</path>
	<source>
		<database>roboflow.com</database>
	</source>
	<size>
		<width>512</width>
		<height>512</height>
		<depth>3</depth>
	</size>
	<segmented>0</segmented>
	<object>
		<name>ha</name>
		<pose>Unspecified</pose>
		<truncated>0</truncated>
		<difficult>0</difficult>
		<occluded>0</occluded>
		<bndbox>
			<xmin>112</xmin>
			<xmax>336</xmax>
			<ymin>73</ymin>
			<ymax>252</ymax>
		</bndbox>
	</object>
</annotation>
