<annotation>
	<folder></folder>
	<filename>ha2_png.rf.8a3fec695f8e65fa52808229e7bc7a0f.jpg</filename>
	<path>ha2_png.rf.8a3fec695f8e65fa52808229e7bc7a0f.jpg</path>
	<source>
		<database>roboflow.com</database>
	</source>
	<size>
		<width>512</width>
		<height>512</height>
		<depth>3</depth>
	</size>
	<segmented>0</segmented>
	<object>
		<name>ha</name>
		<pose>Unspecified</pose>
		<truncated>0</truncated>
		<difficult>0</difficult>
		<occluded>0</occluded>
		<bndbox>
			<xmin>93</xmin>
			<xmax>381</xmax>
			<ymin>48</ymin>
			<ymax>239</ymax>
		</bndbox>
	</object>
</annotation>
