<annotation>
	<folder></folder>
	<filename>ha30_png.rf.8f52bd50922006427222cb3d450a7195.jpg</filename>
	<path>ha30_png.rf.8f52bd50922006427222cb3d450a7195.jpg</path>
	<source>
		<database>roboflow.com</database>
	</source>
	<size>
		<width>512</width>
		<height>512</height>
		<depth>3</depth>
	</size>
	<segmented>0</segmented>
	<object>
		<name>ha</name>
		<pose>Unspecified</pose>
		<truncated>0</truncated>
		<difficult>0</difficult>
		<occluded>0</occluded>
		<bndbox>
			<xmin>76</xmin>
			<xmax>373</xmax>
			<ymin>76</ymin>
			<ymax>303</ymax>
		</bndbox>
	</object>
</annotation>
