<annotation>
	<folder></folder>
	<filename>ha31_png.rf.b04c6b280a92932cc0985593a9c62699.jpg</filename>
	<path>ha31_png.rf.b04c6b280a92932cc0985593a9c62699.jpg</path>
	<source>
		<database>roboflow.com</database>
	</source>
	<size>
		<width>512</width>
		<height>512</height>
		<depth>3</depth>
	</size>
	<segmented>0</segmented>
	<object>
		<name>ha</name>
		<pose>Unspecified</pose>
		<truncated>0</truncated>
		<difficult>0</difficult>
		<occluded>0</occluded>
		<bndbox>
			<xmin>57</xmin>
			<xmax>389</xmax>
			<ymin>42</ymin>
			<ymax>257</ymax>
		</bndbox>
	</object>
</annotation>
