<annotation>
	<folder></folder>
	<filename>ha32_png.rf.4c8032dc1e679ccb49e6ad3b819f396b.jpg</filename>
	<path>ha32_png.rf.4c8032dc1e679ccb49e6ad3b819f396b.jpg</path>
	<source>
		<database>roboflow.com</database>
	</source>
	<size>
		<width>512</width>
		<height>512</height>
		<depth>3</depth>
	</size>
	<segmented>0</segmented>
	<object>
		<name>ha</name>
		<pose>Unspecified</pose>
		<truncated>0</truncated>
		<difficult>0</difficult>
		<occluded>0</occluded>
		<bndbox>
			<xmin>125</xmin>
			<xmax>379</xmax>
			<ymin>99</ymin>
			<ymax>260</ymax>
		</bndbox>
	</object>
</annotation>
