<annotation>
	<folder></folder>
	<filename>ha33_png.rf.b2daea13037f7903c12231cd800c6c74.jpg</filename>
	<path>ha33_png.rf.b2daea13037f7903c12231cd800c6c74.jpg</path>
	<source>
		<database>roboflow.com</database>
	</source>
	<size>
		<width>512</width>
		<height>512</height>
		<depth>3</depth>
	</size>
	<segmented>0</segmented>
	<object>
		<name>ha</name>
		<pose>Unspecified</pose>
		<truncated>0</truncated>
		<difficult>0</difficult>
		<occluded>0</occluded>
		<bndbox>
			<xmin>74</xmin>
			<xmax>403</xmax>
			<ymin>30</ymin>
			<ymax>235</ymax>
		</bndbox>
	</object>
</annotation>
