<annotation>
	<folder></folder>
	<filename>ha34_png.rf.4c0a0a99ac009b30b1bb93c0c91262c3.jpg</filename>
	<path>ha34_png.rf.4c0a0a99ac009b30b1bb93c0c91262c3.jpg</path>
	<source>
		<database>roboflow.com</database>
	</source>
	<size>
		<width>512</width>
		<height>512</height>
		<depth>3</depth>
	</size>
	<segmented>0</segmented>
	<object>
		<name>ha</name>
		<pose>Unspecified</pose>
		<truncated>0</truncated>
		<difficult>0</difficult>
		<occluded>0</occluded>
		<bndbox>
			<xmin>52</xmin>
			<xmax>482</xmax>
			<ymin>54</ymin>
			<ymax>312</ymax>
		</bndbox>
	</object>
</annotation>
