<annotation>
	<folder></folder>
	<filename>ha35_png.rf.7b7592c1efb1ac6e907e4a69985fe96c.jpg</filename>
	<path>ha35_png.rf.7b7592c1efb1ac6e907e4a69985fe96c.jpg</path>
	<source>
		<database>roboflow.com</database>
	</source>
	<size>
		<width>512</width>
		<height>512</height>
		<depth>3</depth>
	</size>
	<segmented>0</segmented>
	<object>
		<name>ha</name>
		<pose>Unspecified</pose>
		<truncated>0</truncated>
		<difficult>0</difficult>
		<occluded>0</occluded>
		<bndbox>
			<xmin>32</xmin>
			<xmax>359</xmax>
			<ymin>62</ymin>
			<ymax>267</ymax>
		</bndbox>
	</object>
</annotation>
