<annotation>
	<folder></folder>
	<filename>ha37_png.rf.d5cda7b646ad3b6e976759f4892a2488.jpg</filename>
	<path>ha37_png.rf.d5cda7b646ad3b6e976759f4892a2488.jpg</path>
	<source>
		<database>roboflow.com</database>
	</source>
	<size>
		<width>512</width>
		<height>512</height>
		<depth>3</depth>
	</size>
	<segmented>0</segmented>
	<object>
		<name>ha</name>
		<pose>Unspecified</pose>
		<truncated>0</truncated>
		<difficult>0</difficult>
		<occluded>0</occluded>
		<bndbox>
			<xmin>149</xmin>
			<xmax>312</xmax>
			<ymin>89</ymin>
			<ymax>232</ymax>
		</bndbox>
	</object>
</annotation>
