<annotation>
	<folder></folder>
	<filename>ha38_png.rf.f5261b43b3935f1a34d0778b68c6a6b4.jpg</filename>
	<path>ha38_png.rf.f5261b43b3935f1a34d0778b68c6a6b4.jpg</path>
	<source>
		<database>roboflow.com</database>
	</source>
	<size>
		<width>512</width>
		<height>512</height>
		<depth>3</depth>
	</size>
	<segmented>0</segmented>
	<object>
		<name>ha</name>
		<pose>Unspecified</pose>
		<truncated>0</truncated>
		<difficult>0</difficult>
		<occluded>0</occluded>
		<bndbox>
			<xmin>40</xmin>
			<xmax>464</xmax>
			<ymin>18</ymin>
			<ymax>287</ymax>
		</bndbox>
	</object>
</annotation>
