<annotation>
	<folder></folder>
	<filename>ha39_png.rf.92b3d80c46c07b0cbeb45b36cf44162a.jpg</filename>
	<path>ha39_png.rf.92b3d80c46c07b0cbeb45b36cf44162a.jpg</path>
	<source>
		<database>roboflow.com</database>
	</source>
	<size>
		<width>512</width>
		<height>512</height>
		<depth>3</depth>
	</size>
	<segmented>0</segmented>
	<object>
		<name>ha</name>
		<pose>Unspecified</pose>
		<truncated>0</truncated>
		<difficult>0</difficult>
		<occluded>0</occluded>
		<bndbox>
			<xmin>144</xmin>
			<xmax>387</xmax>
			<ymin>74</ymin>
			<ymax>262</ymax>
		</bndbox>
	</object>
</annotation>
