<annotation>
	<folder></folder>
	<filename>ha3_png.rf.41d1b8d495193bf9dde04c9a5c495a81.jpg</filename>
	<path>ha3_png.rf.41d1b8d495193bf9dde04c9a5c495a81.jpg</path>
	<source>
		<database>roboflow.com</database>
	</source>
	<size>
		<width>512</width>
		<height>512</height>
		<depth>3</depth>
	</size>
	<segmented>0</segmented>
	<object>
		<name>ha</name>
		<pose>Unspecified</pose>
		<truncated>0</truncated>
		<difficult>0</difficult>
		<occluded>0</occluded>
		<bndbox>
			<xmin>124</xmin>
			<xmax>470</xmax>
			<ymin>29</ymin>
			<ymax>233</ymax>
		</bndbox>
	</object>
</annotation>
