<annotation>
	<folder></folder>
	<filename>ha41_png.rf.7bfba54a71aee7f6cd3fb56181f75bb2.jpg</filename>
	<path>ha41_png.rf.7bfba54a71aee7f6cd3fb56181f75bb2.jpg</path>
	<source>
		<database>roboflow.com</database>
	</source>
	<size>
		<width>512</width>
		<height>512</height>
		<depth>3</depth>
	</size>
	<segmented>0</segmented>
	<object>
		<name>ha</name>
		<pose>Unspecified</pose>
		<truncated>0</truncated>
		<difficult>0</difficult>
		<occluded>0</occluded>
		<bndbox>
			<xmin>104</xmin>
			<xmax>385</xmax>
			<ymin>66</ymin>
			<ymax>240</ymax>
		</bndbox>
	</object>
</annotation>
