<annotation>
	<folder></folder>
	<filename>ha42_png.rf.9e21ffe8269a28f9d0cf8925d51cf261.jpg</filename>
	<path>ha42_png.rf.9e21ffe8269a28f9d0cf8925d51cf261.jpg</path>
	<source>
		<database>roboflow.com</database>
	</source>
	<size>
		<width>512</width>
		<height>512</height>
		<depth>3</depth>
	</size>
	<segmented>0</segmented>
	<object>
		<name>ha</name>
		<pose>Unspecified</pose>
		<truncated>0</truncated>
		<difficult>0</difficult>
		<occluded>0</occluded>
		<bndbox>
			<xmin>117</xmin>
			<xmax>332</xmax>
			<ymin>93</ymin>
			<ymax>255</ymax>
		</bndbox>
	</object>
</annotation>
