<annotation>
	<folder></folder>
	<filename>ha43_png.rf.161c84a90e825c01d348f7273dda7f85.jpg</filename>
	<path>ha43_png.rf.161c84a90e825c01d348f7273dda7f85.jpg</path>
	<source>
		<database>roboflow.com</database>
	</source>
	<size>
		<width>512</width>
		<height>512</height>
		<depth>3</depth>
	</size>
	<segmented>0</segmented>
	<object>
		<name>ha</name>
		<pose>Unspecified</pose>
		<truncated>0</truncated>
		<difficult>0</difficult>
		<occluded>0</occluded>
		<bndbox>
			<xmin>114</xmin>
			<xmax>443</xmax>
			<ymin>74</ymin>
			<ymax>281</ymax>
		</bndbox>
	</object>
</annotation>
