<annotation>
	<folder></folder>
	<filename>ha45_png.rf.fa1f3231a602a6261b7bea6222813e67.jpg</filename>
	<path>ha45_png.rf.fa1f3231a602a6261b7bea6222813e67.jpg</path>
	<source>
		<database>roboflow.com</database>
	</source>
	<size>
		<width>512</width>
		<height>512</height>
		<depth>3</depth>
	</size>
	<segmented>0</segmented>
	<object>
		<name>ha</name>
		<pose>Unspecified</pose>
		<truncated>0</truncated>
		<difficult>0</difficult>
		<occluded>0</occluded>
		<bndbox>
			<xmin>22</xmin>
			<xmax>167</xmax>
			<ymin>15</ymin>
			<ymax>90</ymax>
		</bndbox>
	</object>
</annotation>
