<annotation>
	<folder></folder>
	<filename>ha47_png.rf.f7f5ca03111217e9c44d5b085cf7ff2f.jpg</filename>
	<path>ha47_png.rf.f7f5ca03111217e9c44d5b085cf7ff2f.jpg</path>
	<source>
		<database>roboflow.com</database>
	</source>
	<size>
		<width>512</width>
		<height>512</height>
		<depth>3</depth>
	</size>
	<segmented>0</segmented>
	<object>
		<name>ha</name>
		<pose>Unspecified</pose>
		<truncated>0</truncated>
		<difficult>0</difficult>
		<occluded>0</occluded>
		<bndbox>
			<xmin>40</xmin>
			<xmax>367</xmax>
			<ymin>31</ymin>
			<ymax>213</ymax>
		</bndbox>
	</object>
</annotation>
