<annotation>
	<folder></folder>
	<filename>ha49_png.rf.3ad0c452bb407085426a1607952ba732.jpg</filename>
	<path>ha49_png.rf.3ad0c452bb407085426a1607952ba732.jpg</path>
	<source>
		<database>roboflow.com</database>
	</source>
	<size>
		<width>512</width>
		<height>512</height>
		<depth>3</depth>
	</size>
	<segmented>0</segmented>
	<object>
		<name>ha</name>
		<pose>Unspecified</pose>
		<truncated>0</truncated>
		<difficult>0</difficult>
		<occluded>0</occluded>
		<bndbox>
			<xmin>82</xmin>
			<xmax>461</xmax>
			<ymin>52</ymin>
			<ymax>272</ymax>
		</bndbox>
	</object>
</annotation>
