<annotation>
	<folder></folder>
	<filename>ha50_png.rf.46422ce70f370b01457acdb108de3aa6.jpg</filename>
	<path>ha50_png.rf.46422ce70f370b01457acdb108de3aa6.jpg</path>
	<source>
		<database>roboflow.com</database>
	</source>
	<size>
		<width>512</width>
		<height>512</height>
		<depth>3</depth>
	</size>
	<segmented>0</segmented>
	<object>
		<name>ha</name>
		<pose>Unspecified</pose>
		<truncated>0</truncated>
		<difficult>0</difficult>
		<occluded>0</occluded>
		<bndbox>
			<xmin>91</xmin>
			<xmax>408</xmax>
			<ymin>25</ymin>
			<ymax>240</ymax>
		</bndbox>
	</object>
</annotation>
