<annotation>
	<folder></folder>
	<filename>ha51_png.rf.d5e9aaa5a21d987c11922563db460205.jpg</filename>
	<path>ha51_png.rf.d5e9aaa5a21d987c11922563db460205.jpg</path>
	<source>
		<database>roboflow.com</database>
	</source>
	<size>
		<width>512</width>
		<height>512</height>
		<depth>3</depth>
	</size>
	<segmented>0</segmented>
	<object>
		<name>ha</name>
		<pose>Unspecified</pose>
		<truncated>0</truncated>
		<difficult>0</difficult>
		<occluded>0</occluded>
		<bndbox>
			<xmin>148</xmin>
			<xmax>484</xmax>
			<ymin>72</ymin>
			<ymax>281</ymax>
		</bndbox>
	</object>
</annotation>
