<annotation>
	<folder></folder>
	<filename>ha52_png.rf.3386e4eec10157ba68c87acae8aee35d.jpg</filename>
	<path>ha52_png.rf.3386e4eec10157ba68c87acae8aee35d.jpg</path>
	<source>
		<database>roboflow.com</database>
	</source>
	<size>
		<width>512</width>
		<height>512</height>
		<depth>3</depth>
	</size>
	<segmented>0</segmented>
	<object>
		<name>ha</name>
		<pose>Unspecified</pose>
		<truncated>0</truncated>
		<difficult>0</difficult>
		<occluded>0</occluded>
		<bndbox>
			<xmin>123</xmin>
			<xmax>459</xmax>
			<ymin>30</ymin>
			<ymax>237</ymax>
		</bndbox>
	</object>
</annotation>
