<annotation>
	<folder></folder>
	<filename>ha53_png.rf.43f22a6ce8c119c8e0dca86caa0c045b.jpg</filename>
	<path>ha53_png.rf.43f22a6ce8c119c8e0dca86caa0c045b.jpg</path>
	<source>
		<database>roboflow.com</database>
	</source>
	<size>
		<width>512</width>
		<height>512</height>
		<depth>3</depth>
	</size>
	<segmented>0</segmented>
	<object>
		<name>ha</name>
		<pose>Unspecified</pose>
		<truncated>0</truncated>
		<difficult>0</difficult>
		<occluded>0</occluded>
		<bndbox>
			<xmin>117</xmin>
			<xmax>456</xmax>
			<ymin>52</ymin>
			<ymax>227</ymax>
		</bndbox>
	</object>
</annotation>
