<annotation>
	<folder></folder>
	<filename>ha54_png.rf.4e1ce1ee6309a5819065bf8d43252692.jpg</filename>
	<path>ha54_png.rf.4e1ce1ee6309a5819065bf8d43252692.jpg</path>
	<source>
		<database>roboflow.com</database>
	</source>
	<size>
		<width>512</width>
		<height>512</height>
		<depth>3</depth>
	</size>
	<segmented>0</segmented>
	<object>
		<name>ha</name>
		<pose>Unspecified</pose>
		<truncated>0</truncated>
		<difficult>0</difficult>
		<occluded>0</occluded>
		<bndbox>
			<xmin>56</xmin>
			<xmax>392</xmax>
			<ymin>38</ymin>
			<ymax>250</ymax>
		</bndbox>
	</object>
</annotation>
