<annotation>
	<folder></folder>
	<filename>ha56_png.rf.7c80413255cb52365041c81381e643ee.jpg</filename>
	<path>ha56_png.rf.7c80413255cb52365041c81381e643ee.jpg</path>
	<source>
		<database>roboflow.com</database>
	</source>
	<size>
		<width>512</width>
		<height>512</height>
		<depth>3</depth>
	</size>
	<segmented>0</segmented>
	<object>
		<name>ha</name>
		<pose>Unspecified</pose>
		<truncated>0</truncated>
		<difficult>0</difficult>
		<occluded>0</occluded>
		<bndbox>
			<xmin>74</xmin>
			<xmax>475</xmax>
			<ymin>14</ymin>
			<ymax>261</ymax>
		</bndbox>
	</object>
</annotation>
