<annotation>
	<folder></folder>
	<filename>ha57_png.rf.613b3520e567f1c3e4a3551a0d313954.jpg</filename>
	<path>ha57_png.rf.613b3520e567f1c3e4a3551a0d313954.jpg</path>
	<source>
		<database>roboflow.com</database>
	</source>
	<size>
		<width>512</width>
		<height>512</height>
		<depth>3</depth>
	</size>
	<segmented>0</segmented>
	<object>
		<name>ha</name>
		<pose>Unspecified</pose>
		<truncated>0</truncated>
		<difficult>0</difficult>
		<occluded>0</occluded>
		<bndbox>
			<xmin>68</xmin>
			<xmax>350</xmax>
			<ymin>67</ymin>
			<ymax>287</ymax>
		</bndbox>
	</object>
</annotation>
