<annotation>
	<folder></folder>
	<filename>ha58_png.rf.bb316083e62c62f226809e65b89df4a1.jpg</filename>
	<path>ha58_png.rf.bb316083e62c62f226809e65b89df4a1.jpg</path>
	<source>
		<database>roboflow.com</database>
	</source>
	<size>
		<width>512</width>
		<height>512</height>
		<depth>3</depth>
	</size>
	<segmented>0</segmented>
	<object>
		<name>ha</name>
		<pose>Unspecified</pose>
		<truncated>0</truncated>
		<difficult>0</difficult>
		<occluded>0</occluded>
		<bndbox>
			<xmin>66</xmin>
			<xmax>444</xmax>
			<ymin>30</ymin>
			<ymax>262</ymax>
		</bndbox>
	</object>
</annotation>
