<annotation>
	<folder></folder>
	<filename>ha5_png.rf.98b249b2996704907a6988b1055cfbad.jpg</filename>
	<path>ha5_png.rf.98b249b2996704907a6988b1055cfbad.jpg</path>
	<source>
		<database>roboflow.com</database>
	</source>
	<size>
		<width>512</width>
		<height>512</height>
		<depth>3</depth>
	</size>
	<segmented>0</segmented>
	<object>
		<name>ha</name>
		<pose>Unspecified</pose>
		<truncated>0</truncated>
		<difficult>0</difficult>
		<occluded>0</occluded>
		<bndbox>
			<xmin>115</xmin>
			<xmax>437</xmax>
			<ymin>25</ymin>
			<ymax>228</ymax>
		</bndbox>
	</object>
</annotation>
