<annotation>
	<folder></folder>
	<filename>ha60_png.rf.7878029c69947687de71793f57bc6d80.jpg</filename>
	<path>ha60_png.rf.7878029c69947687de71793f57bc6d80.jpg</path>
	<source>
		<database>roboflow.com</database>
	</source>
	<size>
		<width>512</width>
		<height>512</height>
		<depth>3</depth>
	</size>
	<segmented>0</segmented>
	<object>
		<name>ha</name>
		<pose>Unspecified</pose>
		<truncated>0</truncated>
		<difficult>0</difficult>
		<occluded>0</occluded>
		<bndbox>
			<xmin>98</xmin>
			<xmax>410</xmax>
			<ymin>97</ymin>
			<ymax>277</ymax>
		</bndbox>
	</object>
</annotation>
