<annotation>
	<folder></folder>
	<filename>ha63_png.rf.27e55037cbf624c34dd578e3ad84abe5.jpg</filename>
	<path>ha63_png.rf.27e55037cbf624c34dd578e3ad84abe5.jpg</path>
	<source>
		<database>roboflow.com</database>
	</source>
	<size>
		<width>512</width>
		<height>512</height>
		<depth>3</depth>
	</size>
	<segmented>0</segmented>
	<object>
		<name>ha</name>
		<pose>Unspecified</pose>
		<truncated>0</truncated>
		<difficult>0</difficult>
		<occluded>0</occluded>
		<bndbox>
			<xmin>87</xmin>
			<xmax>389</xmax>
			<ymin>45</ymin>
			<ymax>247</ymax>
		</bndbox>
	</object>
</annotation>
