<annotation>
	<folder></folder>
	<filename>ha65_png.rf.4af311f204c05579fb43252346701ec7.jpg</filename>
	<path>ha65_png.rf.4af311f204c05579fb43252346701ec7.jpg</path>
	<source>
		<database>roboflow.com</database>
	</source>
	<size>
		<width>512</width>
		<height>512</height>
		<depth>3</depth>
	</size>
	<segmented>0</segmented>
	<object>
		<name>ha</name>
		<pose>Unspecified</pose>
		<truncated>0</truncated>
		<difficult>0</difficult>
		<occluded>0</occluded>
		<bndbox>
			<xmin>73</xmin>
			<xmax>447</xmax>
			<ymin>38</ymin>
			<ymax>260</ymax>
		</bndbox>
	</object>
</annotation>
