<annotation>
	<folder></folder>
	<filename>ha66_png.rf.299bad971999fa1d0780b08ded65e452.jpg</filename>
	<path>ha66_png.rf.299bad971999fa1d0780b08ded65e452.jpg</path>
	<source>
		<database>roboflow.com</database>
	</source>
	<size>
		<width>512</width>
		<height>512</height>
		<depth>3</depth>
	</size>
	<segmented>0</segmented>
	<object>
		<name>ha</name>
		<pose>Unspecified</pose>
		<truncated>0</truncated>
		<difficult>0</difficult>
		<occluded>0</occluded>
		<bndbox>
			<xmin>70</xmin>
			<xmax>453</xmax>
			<ymin>65</ymin>
			<ymax>265</ymax>
		</bndbox>
	</object>
</annotation>
