<annotation>
	<folder></folder>
	<filename>ha67_png.rf.880f7851b59458bb32c7dc1a6f192a1d.jpg</filename>
	<path>ha67_png.rf.880f7851b59458bb32c7dc1a6f192a1d.jpg</path>
	<source>
		<database>roboflow.com</database>
	</source>
	<size>
		<width>512</width>
		<height>512</height>
		<depth>3</depth>
	</size>
	<segmented>0</segmented>
	<object>
		<name>ha</name>
		<pose>Unspecified</pose>
		<truncated>0</truncated>
		<difficult>0</difficult>
		<occluded>0</occluded>
		<bndbox>
			<xmin>58</xmin>
			<xmax>360</xmax>
			<ymin>74</ymin>
			<ymax>261</ymax>
		</bndbox>
	</object>
</annotation>
