<annotation>
	<folder></folder>
	<filename>ha68_png.rf.4a2643fd2abfc7faa44b91a1c18a701b.jpg</filename>
	<path>ha68_png.rf.4a2643fd2abfc7faa44b91a1c18a701b.jpg</path>
	<source>
		<database>roboflow.com</database>
	</source>
	<size>
		<width>512</width>
		<height>512</height>
		<depth>3</depth>
	</size>
	<segmented>0</segmented>
	<object>
		<name>ha</name>
		<pose>Unspecified</pose>
		<truncated>0</truncated>
		<difficult>0</difficult>
		<occluded>0</occluded>
		<bndbox>
			<xmin>127</xmin>
			<xmax>463</xmax>
			<ymin>23</ymin>
			<ymax>205</ymax>
		</bndbox>
	</object>
</annotation>
