<annotation>
	<folder></folder>
	<filename>ha69_png.rf.263b87284ba9bdd5c0036abc7bfbb283.jpg</filename>
	<path>ha69_png.rf.263b87284ba9bdd5c0036abc7bfbb283.jpg</path>
	<source>
		<database>roboflow.com</database>
	</source>
	<size>
		<width>512</width>
		<height>512</height>
		<depth>3</depth>
	</size>
	<segmented>0</segmented>
	<object>
		<name>ha</name>
		<pose>Unspecified</pose>
		<truncated>0</truncated>
		<difficult>0</difficult>
		<occluded>0</occluded>
		<bndbox>
			<xmin>201</xmin>
			<xmax>441</xmax>
			<ymin>74</ymin>
			<ymax>221</ymax>
		</bndbox>
	</object>
</annotation>
