<annotation>
	<folder></folder>
	<filename>ha6_png.rf.a458cc9f8b63dc7f4dcf96cc5b94cb94.jpg</filename>
	<path>ha6_png.rf.a458cc9f8b63dc7f4dcf96cc5b94cb94.jpg</path>
	<source>
		<database>roboflow.com</database>
	</source>
	<size>
		<width>512</width>
		<height>512</height>
		<depth>3</depth>
	</size>
	<segmented>0</segmented>
	<object>
		<name>ha</name>
		<pose>Unspecified</pose>
		<truncated>0</truncated>
		<difficult>0</difficult>
		<occluded>0</occluded>
		<bndbox>
			<xmin>63</xmin>
			<xmax>342</xmax>
			<ymin>85</ymin>
			<ymax>275</ymax>
		</bndbox>
	</object>
</annotation>
