<annotation>
	<folder></folder>
	<filename>ha70_png.rf.5468b64f8d2d9f9095317f2ae5b47ec6.jpg</filename>
	<path>ha70_png.rf.5468b64f8d2d9f9095317f2ae5b47ec6.jpg</path>
	<source>
		<database>roboflow.com</database>
	</source>
	<size>
		<width>512</width>
		<height>512</height>
		<depth>3</depth>
	</size>
	<segmented>0</segmented>
	<object>
		<name>ha</name>
		<pose>Unspecified</pose>
		<truncated>0</truncated>
		<difficult>0</difficult>
		<occluded>0</occluded>
		<bndbox>
			<xmin>169</xmin>
			<xmax>448</xmax>
			<ymin>56</ymin>
			<ymax>219</ymax>
		</bndbox>
	</object>
</annotation>
