<annotation>
	<folder></folder>
	<filename>ha71_png.rf.fea79c28a84fefb027312435c8bba95a.jpg</filename>
	<path>ha71_png.rf.fea79c28a84fefb027312435c8bba95a.jpg</path>
	<source>
		<database>roboflow.com</database>
	</source>
	<size>
		<width>512</width>
		<height>512</height>
		<depth>3</depth>
	</size>
	<segmented>0</segmented>
	<object>
		<name>ha</name>
		<pose>Unspecified</pose>
		<truncated>0</truncated>
		<difficult>0</difficult>
		<occluded>0</occluded>
		<bndbox>
			<xmin>102</xmin>
			<xmax>401</xmax>
			<ymin>62</ymin>
			<ymax>259</ymax>
		</bndbox>
	</object>
</annotation>
