<annotation>
	<folder></folder>
	<filename>ha72_png.rf.448de5d5115935c2284f70ef22c40805.jpg</filename>
	<path>ha72_png.rf.448de5d5115935c2284f70ef22c40805.jpg</path>
	<source>
		<database>roboflow.com</database>
	</source>
	<size>
		<width>512</width>
		<height>512</height>
		<depth>3</depth>
	</size>
	<segmented>0</segmented>
	<object>
		<name>ha</name>
		<pose>Unspecified</pose>
		<truncated>0</truncated>
		<difficult>0</difficult>
		<occluded>0</occluded>
		<bndbox>
			<xmin>106</xmin>
			<xmax>373</xmax>
			<ymin>91</ymin>
			<ymax>224</ymax>
		</bndbox>
	</object>
</annotation>
