<annotation>
	<folder></folder>
	<filename>ha73_png.rf.89036af09d692dd9f478dbd5dffe5979.jpg</filename>
	<path>ha73_png.rf.89036af09d692dd9f478dbd5dffe5979.jpg</path>
	<source>
		<database>roboflow.com</database>
	</source>
	<size>
		<width>512</width>
		<height>512</height>
		<depth>3</depth>
	</size>
	<segmented>0</segmented>
	<object>
		<name>ha</name>
		<pose>Unspecified</pose>
		<truncated>0</truncated>
		<difficult>0</difficult>
		<occluded>0</occluded>
		<bndbox>
			<xmin>88</xmin>
			<xmax>354</xmax>
			<ymin>53</ymin>
			<ymax>255</ymax>
		</bndbox>
	</object>
</annotation>
