<annotation>
	<folder></folder>
	<filename>ha75_png.rf.e23fd0763e749e09efcd6008963535e4.jpg</filename>
	<path>ha75_png.rf.e23fd0763e749e09efcd6008963535e4.jpg</path>
	<source>
		<database>roboflow.com</database>
	</source>
	<size>
		<width>512</width>
		<height>512</height>
		<depth>3</depth>
	</size>
	<segmented>0</segmented>
	<object>
		<name>ha</name>
		<pose>Unspecified</pose>
		<truncated>0</truncated>
		<difficult>0</difficult>
		<occluded>0</occluded>
		<bndbox>
			<xmin>54</xmin>
			<xmax>395</xmax>
			<ymin>55</ymin>
			<ymax>269</ymax>
		</bndbox>
	</object>
</annotation>
