<annotation>
	<folder></folder>
	<filename>ha76_png.rf.b8a55af414987d09a32d8c494e7ab1e2.jpg</filename>
	<path>ha76_png.rf.b8a55af414987d09a32d8c494e7ab1e2.jpg</path>
	<source>
		<database>roboflow.com</database>
	</source>
	<size>
		<width>512</width>
		<height>512</height>
		<depth>3</depth>
	</size>
	<segmented>0</segmented>
	<object>
		<name>ha</name>
		<pose>Unspecified</pose>
		<truncated>0</truncated>
		<difficult>0</difficult>
		<occluded>0</occluded>
		<bndbox>
			<xmin>117</xmin>
			<xmax>414</xmax>
			<ymin>80</ymin>
			<ymax>270</ymax>
		</bndbox>
	</object>
</annotation>
