<annotation>
	<folder></folder>
	<filename>ha77_png.rf.5fa98b57d7fdacb5e0159be2658a91a6.jpg</filename>
	<path>ha77_png.rf.5fa98b57d7fdacb5e0159be2658a91a6.jpg</path>
	<source>
		<database>roboflow.com</database>
	</source>
	<size>
		<width>512</width>
		<height>512</height>
		<depth>3</depth>
	</size>
	<segmented>0</segmented>
	<object>
		<name>ha</name>
		<pose>Unspecified</pose>
		<truncated>0</truncated>
		<difficult>0</difficult>
		<occluded>0</occluded>
		<bndbox>
			<xmin>96</xmin>
			<xmax>451</xmax>
			<ymin>34</ymin>
			<ymax>262</ymax>
		</bndbox>
	</object>
</annotation>
