<annotation>
	<folder></folder>
	<filename>ha78_png.rf.b9f496666ad0bb8211ab0f1fa6a46069.jpg</filename>
	<path>ha78_png.rf.b9f496666ad0bb8211ab0f1fa6a46069.jpg</path>
	<source>
		<database>roboflow.com</database>
	</source>
	<size>
		<width>512</width>
		<height>512</height>
		<depth>3</depth>
	</size>
	<segmented>0</segmented>
	<object>
		<name>ha</name>
		<pose>Unspecified</pose>
		<truncated>0</truncated>
		<difficult>0</difficult>
		<occluded>0</occluded>
		<bndbox>
			<xmin>100</xmin>
			<xmax>478</xmax>
			<ymin>45</ymin>
			<ymax>280</ymax>
		</bndbox>
	</object>
</annotation>
