<annotation>
	<folder></folder>
	<filename>ha7_png.rf.f23ebe241645970349c0fb5043a55831.jpg</filename>
	<path>ha7_png.rf.f23ebe241645970349c0fb5043a55831.jpg</path>
	<source>
		<database>roboflow.com</database>
	</source>
	<size>
		<width>512</width>
		<height>512</height>
		<depth>3</depth>
	</size>
	<segmented>0</segmented>
	<object>
		<name>ha</name>
		<pose>Unspecified</pose>
		<truncated>0</truncated>
		<difficult>0</difficult>
		<occluded>0</occluded>
		<bndbox>
			<xmin>99</xmin>
			<xmax>460</xmax>
			<ymin>81</ymin>
			<ymax>285</ymax>
		</bndbox>
	</object>
</annotation>
