<annotation>
	<folder></folder>
	<filename>ha8_png.rf.93736d22c48ce1751a815feaffd47ebe.jpg</filename>
	<path>ha8_png.rf.93736d22c48ce1751a815feaffd47ebe.jpg</path>
	<source>
		<database>roboflow.com</database>
	</source>
	<size>
		<width>512</width>
		<height>512</height>
		<depth>3</depth>
	</size>
	<segmented>0</segmented>
	<object>
		<name>ha</name>
		<pose>Unspecified</pose>
		<truncated>0</truncated>
		<difficult>0</difficult>
		<occluded>0</occluded>
		<bndbox>
			<xmin>140</xmin>
			<xmax>361</xmax>
			<ymin>87</ymin>
			<ymax>287</ymax>
		</bndbox>
	</object>
</annotation>
