<annotation>
	<folder></folder>
	<filename>ha9_png.rf.3555bc5a88e43625373ca16858d7e472.jpg</filename>
	<path>ha9_png.rf.3555bc5a88e43625373ca16858d7e472.jpg</path>
	<source>
		<database>roboflow.com</database>
	</source>
	<size>
		<width>512</width>
		<height>512</height>
		<depth>3</depth>
	</size>
	<segmented>0</segmented>
	<object>
		<name>ha</name>
		<pose>Unspecified</pose>
		<truncated>0</truncated>
		<difficult>0</difficult>
		<occluded>0</occluded>
		<bndbox>
			<xmin>55</xmin>
			<xmax>408</xmax>
			<ymin>43</ymin>
			<ymax>255</ymax>
		</bndbox>
	</object>
</annotation>
