<annotation>
	<folder></folder>
	<filename>ja10_png.rf.9831f605095ed1b55ba4d7a85988fd45.jpg</filename>
	<path>ja10_png.rf.9831f605095ed1b55ba4d7a85988fd45.jpg</path>
	<source>
		<database>roboflow.com</database>
	</source>
	<size>
		<width>512</width>
		<height>512</height>
		<depth>3</depth>
	</size>
	<segmented>0</segmented>
	<object>
		<name>ja</name>
		<pose>Unspecified</pose>
		<truncated>0</truncated>
		<difficult>0</difficult>
		<occluded>0</occluded>
		<bndbox>
			<xmin>172</xmin>
			<xmax>382</xmax>
			<ymin>75</ymin>
			<ymax>255</ymax>
		</bndbox>
	</object>
</annotation>
