<annotation>
	<folder></folder>
	<filename>ja11_png.rf.011425a5f8ac8fa5406952c0534bfaa8.jpg</filename>
	<path>ja11_png.rf.011425a5f8ac8fa5406952c0534bfaa8.jpg</path>
	<source>
		<database>roboflow.com</database>
	</source>
	<size>
		<width>512</width>
		<height>512</height>
		<depth>3</depth>
	</size>
	<segmented>0</segmented>
	<object>
		<name>ja</name>
		<pose>Unspecified</pose>
		<truncated>0</truncated>
		<difficult>0</difficult>
		<occluded>0</occluded>
		<bndbox>
			<xmin>147</xmin>
			<xmax>436</xmax>
			<ymin>86</ymin>
			<ymax>291</ymax>
		</bndbox>
	</object>
</annotation>
