<annotation>
	<folder></folder>
	<filename>ja12_png.rf.f5bea1a0b1f7e2e73b46b5d4d9406477.jpg</filename>
	<path>ja12_png.rf.f5bea1a0b1f7e2e73b46b5d4d9406477.jpg</path>
	<source>
		<database>roboflow.com</database>
	</source>
	<size>
		<width>512</width>
		<height>512</height>
		<depth>3</depth>
	</size>
	<segmented>0</segmented>
	<object>
		<name>ja</name>
		<pose>Unspecified</pose>
		<truncated>0</truncated>
		<difficult>0</difficult>
		<occluded>0</occluded>
		<bndbox>
			<xmin>116</xmin>
			<xmax>327</xmax>
			<ymin>88</ymin>
			<ymax>237</ymax>
		</bndbox>
	</object>
</annotation>
