<annotation>
	<folder></folder>
	<filename>ja13_png.rf.1ac2eeafe36f3ad1d6a3ed5e3122948f.jpg</filename>
	<path>ja13_png.rf.1ac2eeafe36f3ad1d6a3ed5e3122948f.jpg</path>
	<source>
		<database>roboflow.com</database>
	</source>
	<size>
		<width>512</width>
		<height>512</height>
		<depth>3</depth>
	</size>
	<segmented>0</segmented>
	<object>
		<name>ja</name>
		<pose>Unspecified</pose>
		<truncated>0</truncated>
		<difficult>0</difficult>
		<occluded>0</occluded>
		<bndbox>
			<xmin>132</xmin>
			<xmax>411</xmax>
			<ymin>76</ymin>
			<ymax>268</ymax>
		</bndbox>
	</object>
</annotation>
