<annotation>
	<folder></folder>
	<filename>ja14_png.rf.cebc3fb32771c6e6012c03212929d6f1.jpg</filename>
	<path>ja14_png.rf.cebc3fb32771c6e6012c03212929d6f1.jpg</path>
	<source>
		<database>roboflow.com</database>
	</source>
	<size>
		<width>512</width>
		<height>512</height>
		<depth>3</depth>
	</size>
	<segmented>0</segmented>
	<object>
		<name>ja</name>
		<pose>Unspecified</pose>
		<truncated>0</truncated>
		<difficult>0</difficult>
		<occluded>0</occluded>
		<bndbox>
			<xmin>77</xmin>
			<xmax>441</xmax>
			<ymin>23</ymin>
			<ymax>265</ymax>
		</bndbox>
	</object>
</annotation>
