<annotation>
	<folder></folder>
	<filename>ja15_png.rf.79806d319df29a497e4d1ac7f4eab1d6.jpg</filename>
	<path>ja15_png.rf.79806d319df29a497e4d1ac7f4eab1d6.jpg</path>
	<source>
		<database>roboflow.com</database>
	</source>
	<size>
		<width>512</width>
		<height>512</height>
		<depth>3</depth>
	</size>
	<segmented>0</segmented>
	<object>
		<name>ja</name>
		<pose>Unspecified</pose>
		<truncated>0</truncated>
		<difficult>0</difficult>
		<occluded>0</occluded>
		<bndbox>
			<xmin>82</xmin>
			<xmax>435</xmax>
			<ymin>8</ymin>
			<ymax>227</ymax>
		</bndbox>
	</object>
</annotation>
