<annotation>
	<folder></folder>
	<filename>ja16_png.rf.e0ec6ea988d6eec561d76379d97458cb.jpg</filename>
	<path>ja16_png.rf.e0ec6ea988d6eec561d76379d97458cb.jpg</path>
	<source>
		<database>roboflow.com</database>
	</source>
	<size>
		<width>512</width>
		<height>512</height>
		<depth>3</depth>
	</size>
	<segmented>0</segmented>
	<object>
		<name>ja</name>
		<pose>Unspecified</pose>
		<truncated>0</truncated>
		<difficult>0</difficult>
		<occluded>0</occluded>
		<bndbox>
			<xmin>138</xmin>
			<xmax>383</xmax>
			<ymin>62</ymin>
			<ymax>232</ymax>
		</bndbox>
	</object>
</annotation>
