<annotation>
	<folder></folder>
	<filename>ja17_png.rf.03b5f7f511eff115d6e4a244f24db500.jpg</filename>
	<path>ja17_png.rf.03b5f7f511eff115d6e4a244f24db500.jpg</path>
	<source>
		<database>roboflow.com</database>
	</source>
	<size>
		<width>512</width>
		<height>512</height>
		<depth>3</depth>
	</size>
	<segmented>0</segmented>
	<object>
		<name>ja</name>
		<pose>Unspecified</pose>
		<truncated>0</truncated>
		<difficult>0</difficult>
		<occluded>0</occluded>
		<bndbox>
			<xmin>55</xmin>
			<xmax>342</xmax>
			<ymin>21</ymin>
			<ymax>253</ymax>
		</bndbox>
	</object>
</annotation>
