<annotation>
	<folder></folder>
	<filename>ja18_png.rf.28552a8e2e1746fb35a1424e66fc1acf.jpg</filename>
	<path>ja18_png.rf.28552a8e2e1746fb35a1424e66fc1acf.jpg</path>
	<source>
		<database>roboflow.com</database>
	</source>
	<size>
		<width>512</width>
		<height>512</height>
		<depth>3</depth>
	</size>
	<segmented>0</segmented>
	<object>
		<name>ja</name>
		<pose>Unspecified</pose>
		<truncated>0</truncated>
		<difficult>0</difficult>
		<occluded>0</occluded>
		<bndbox>
			<xmin>141</xmin>
			<xmax>376</xmax>
			<ymin>65</ymin>
			<ymax>240</ymax>
		</bndbox>
	</object>
</annotation>
