<annotation>
	<folder></folder>
	<filename>ja19_png.rf.7b407ee30bce23cfb0b65dc9684cd4ca.jpg</filename>
	<path>ja19_png.rf.7b407ee30bce23cfb0b65dc9684cd4ca.jpg</path>
	<source>
		<database>roboflow.com</database>
	</source>
	<size>
		<width>512</width>
		<height>512</height>
		<depth>3</depth>
	</size>
	<segmented>0</segmented>
	<object>
		<name>ja</name>
		<pose>Unspecified</pose>
		<truncated>0</truncated>
		<difficult>0</difficult>
		<occluded>0</occluded>
		<bndbox>
			<xmin>126</xmin>
			<xmax>393</xmax>
			<ymin>34</ymin>
			<ymax>261</ymax>
		</bndbox>
	</object>
</annotation>
