<annotation>
	<folder></folder>
	<filename>ja1_png.rf.2a89dac57438520c6a8b437a1b1119c2.jpg</filename>
	<path>ja1_png.rf.2a89dac57438520c6a8b437a1b1119c2.jpg</path>
	<source>
		<database>roboflow.com</database>
	</source>
	<size>
		<width>512</width>
		<height>512</height>
		<depth>3</depth>
	</size>
	<segmented>0</segmented>
	<object>
		<name>ja</name>
		<pose>Unspecified</pose>
		<truncated>0</truncated>
		<difficult>0</difficult>
		<occluded>0</occluded>
		<bndbox>
			<xmin>127</xmin>
			<xmax>405</xmax>
			<ymin>65</ymin>
			<ymax>245</ymax>
		</bndbox>
	</object>
</annotation>
