<annotation>
	<folder></folder>
	<filename>ja20_png.rf.48d8cbef4c807e26ea783d87fd877214.jpg</filename>
	<path>ja20_png.rf.48d8cbef4c807e26ea783d87fd877214.jpg</path>
	<source>
		<database>roboflow.com</database>
	</source>
	<size>
		<width>512</width>
		<height>512</height>
		<depth>3</depth>
	</size>
	<segmented>0</segmented>
	<object>
		<name>ja</name>
		<pose>Unspecified</pose>
		<truncated>0</truncated>
		<difficult>0</difficult>
		<occluded>0</occluded>
		<bndbox>
			<xmin>105</xmin>
			<xmax>381</xmax>
			<ymin>41</ymin>
			<ymax>283</ymax>
		</bndbox>
	</object>
</annotation>
