<annotation>
	<folder></folder>
	<filename>ja21_png.rf.aa38f081b1dde025183cf83be36b06e6.jpg</filename>
	<path>ja21_png.rf.aa38f081b1dde025183cf83be36b06e6.jpg</path>
	<source>
		<database>roboflow.com</database>
	</source>
	<size>
		<width>512</width>
		<height>512</height>
		<depth>3</depth>
	</size>
	<segmented>0</segmented>
	<object>
		<name>ja</name>
		<pose>Unspecified</pose>
		<truncated>0</truncated>
		<difficult>0</difficult>
		<occluded>0</occluded>
		<bndbox>
			<xmin>120</xmin>
			<xmax>364</xmax>
			<ymin>52</ymin>
			<ymax>261</ymax>
		</bndbox>
	</object>
</annotation>
