<annotation>
	<folder></folder>
	<filename>ja22_png.rf.e2eb980d6f4d3ea54199fb37599f25cc.jpg</filename>
	<path>ja22_png.rf.e2eb980d6f4d3ea54199fb37599f25cc.jpg</path>
	<source>
		<database>roboflow.com</database>
	</source>
	<size>
		<width>512</width>
		<height>512</height>
		<depth>3</depth>
	</size>
	<segmented>0</segmented>
	<object>
		<name>ja</name>
		<pose>Unspecified</pose>
		<truncated>0</truncated>
		<difficult>0</difficult>
		<occluded>0</occluded>
		<bndbox>
			<xmin>122</xmin>
			<xmax>349</xmax>
			<ymin>72</ymin>
			<ymax>220</ymax>
		</bndbox>
	</object>
</annotation>
