<annotation>
	<folder></folder>
	<filename>ja23_png.rf.edc588d147065a2111e5ae48d80472d5.jpg</filename>
	<path>ja23_png.rf.edc588d147065a2111e5ae48d80472d5.jpg</path>
	<source>
		<database>roboflow.com</database>
	</source>
	<size>
		<width>512</width>
		<height>512</height>
		<depth>3</depth>
	</size>
	<segmented>0</segmented>
	<object>
		<name>ja</name>
		<pose>Unspecified</pose>
		<truncated>0</truncated>
		<difficult>0</difficult>
		<occluded>0</occluded>
		<bndbox>
			<xmin>89</xmin>
			<xmax>376</xmax>
			<ymin>38</ymin>
			<ymax>278</ymax>
		</bndbox>
	</object>
</annotation>
