<annotation>
	<folder></folder>
	<filename>ja24_png.rf.543dbd9a40a8b45b855c0debc38cab9b.jpg</filename>
	<path>ja24_png.rf.543dbd9a40a8b45b855c0debc38cab9b.jpg</path>
	<source>
		<database>roboflow.com</database>
	</source>
	<size>
		<width>512</width>
		<height>512</height>
		<depth>3</depth>
	</size>
	<segmented>0</segmented>
	<object>
		<name>ja</name>
		<pose>Unspecified</pose>
		<truncated>0</truncated>
		<difficult>0</difficult>
		<occluded>0</occluded>
		<bndbox>
			<xmin>138</xmin>
			<xmax>328</xmax>
			<ymin>70</ymin>
			<ymax>231</ymax>
		</bndbox>
	</object>
</annotation>
