<annotation>
	<folder></folder>
	<filename>ja25_png.rf.202e12eb51bcb9b8d04689af6d57534c.jpg</filename>
	<path>ja25_png.rf.202e12eb51bcb9b8d04689af6d57534c.jpg</path>
	<source>
		<database>roboflow.com</database>
	</source>
	<size>
		<width>512</width>
		<height>512</height>
		<depth>3</depth>
	</size>
	<segmented>0</segmented>
	<object>
		<name>ja</name>
		<pose>Unspecified</pose>
		<truncated>0</truncated>
		<difficult>0</difficult>
		<occluded>0</occluded>
		<bndbox>
			<xmin>331</xmin>
			<xmax>510</xmax>
			<ymin>31</ymin>
			<ymax>157</ymax>
		</bndbox>
	</object>
</annotation>
