<annotation>
	<folder></folder>
	<filename>ja26_png.rf.681ba39835269332d2265a62e8b9eb1a.jpg</filename>
	<path>ja26_png.rf.681ba39835269332d2265a62e8b9eb1a.jpg</path>
	<source>
		<database>roboflow.com</database>
	</source>
	<size>
		<width>512</width>
		<height>512</height>
		<depth>3</depth>
	</size>
	<segmented>0</segmented>
	<object>
		<name>ja</name>
		<pose>Unspecified</pose>
		<truncated>0</truncated>
		<difficult>0</difficult>
		<occluded>0</occluded>
		<bndbox>
			<xmin>128</xmin>
			<xmax>442</xmax>
			<ymin>27</ymin>
			<ymax>232</ymax>
		</bndbox>
	</object>
</annotation>
