<annotation>
	<folder></folder>
	<filename>ja2_png.rf.6a638c82b693d70f2d77ccd202da5a5c.jpg</filename>
	<path>ja2_png.rf.6a638c82b693d70f2d77ccd202da5a5c.jpg</path>
	<source>
		<database>roboflow.com</database>
	</source>
	<size>
		<width>512</width>
		<height>512</height>
		<depth>3</depth>
	</size>
	<segmented>0</segmented>
	<object>
		<name>ja</name>
		<pose>Unspecified</pose>
		<truncated>0</truncated>
		<difficult>0</difficult>
		<occluded>0</occluded>
		<bndbox>
			<xmin>108</xmin>
			<xmax>406</xmax>
			<ymin>33</ymin>
			<ymax>256</ymax>
		</bndbox>
	</object>
</annotation>
