<annotation>
	<folder></folder>
	<filename>ja30_png.rf.224cf088e2672a098d814c2e4bbe7682.jpg</filename>
	<path>ja30_png.rf.224cf088e2672a098d814c2e4bbe7682.jpg</path>
	<source>
		<database>roboflow.com</database>
	</source>
	<size>
		<width>512</width>
		<height>512</height>
		<depth>3</depth>
	</size>
	<segmented>0</segmented>
	<object>
		<name>ja</name>
		<pose>Unspecified</pose>
		<truncated>0</truncated>
		<difficult>0</difficult>
		<occluded>0</occluded>
		<bndbox>
			<xmin>151</xmin>
			<xmax>454</xmax>
			<ymin>100</ymin>
			<ymax>263</ymax>
		</bndbox>
	</object>
</annotation>
