<annotation>
	<folder></folder>
	<filename>ja31_png.rf.b2d3faabaa990c3e9f693523d41b0dab.jpg</filename>
	<path>ja31_png.rf.b2d3faabaa990c3e9f693523d41b0dab.jpg</path>
	<source>
		<database>roboflow.com</database>
	</source>
	<size>
		<width>512</width>
		<height>512</height>
		<depth>3</depth>
	</size>
	<segmented>0</segmented>
	<object>
		<name>ja</name>
		<pose>Unspecified</pose>
		<truncated>0</truncated>
		<difficult>0</difficult>
		<occluded>0</occluded>
		<bndbox>
			<xmin>78</xmin>
			<xmax>374</xmax>
			<ymin>32</ymin>
			<ymax>249</ymax>
		</bndbox>
	</object>
</annotation>
