<annotation>
	<folder></folder>
	<filename>ja33_png.rf.2b58795435c5343af6f6f84e8617a1b2.jpg</filename>
	<path>ja33_png.rf.2b58795435c5343af6f6f84e8617a1b2.jpg</path>
	<source>
		<database>roboflow.com</database>
	</source>
	<size>
		<width>512</width>
		<height>512</height>
		<depth>3</depth>
	</size>
	<segmented>0</segmented>
	<object>
		<name>ja</name>
		<pose>Unspecified</pose>
		<truncated>0</truncated>
		<difficult>0</difficult>
		<occluded>0</occluded>
		<bndbox>
			<xmin>79</xmin>
			<xmax>390</xmax>
			<ymin>72</ymin>
			<ymax>289</ymax>
		</bndbox>
	</object>
</annotation>
