<annotation>
	<folder></folder>
	<filename>ja34_png.rf.fc24977c79b1239413f3146fcf8dcfa5.jpg</filename>
	<path>ja34_png.rf.fc24977c79b1239413f3146fcf8dcfa5.jpg</path>
	<source>
		<database>roboflow.com</database>
	</source>
	<size>
		<width>512</width>
		<height>512</height>
		<depth>3</depth>
	</size>
	<segmented>0</segmented>
	<object>
		<name>ja</name>
		<pose>Unspecified</pose>
		<truncated>0</truncated>
		<difficult>0</difficult>
		<occluded>0</occluded>
		<bndbox>
			<xmin>88</xmin>
			<xmax>468</xmax>
			<ymin>54</ymin>
			<ymax>275</ymax>
		</bndbox>
	</object>
</annotation>
