<annotation>
	<folder></folder>
	<filename>ja35_png.rf.a2b549b69c657b7494698500b34d7aaf.jpg</filename>
	<path>ja35_png.rf.a2b549b69c657b7494698500b34d7aaf.jpg</path>
	<source>
		<database>roboflow.com</database>
	</source>
	<size>
		<width>512</width>
		<height>512</height>
		<depth>3</depth>
	</size>
	<segmented>0</segmented>
	<object>
		<name>ja</name>
		<pose>Unspecified</pose>
		<truncated>0</truncated>
		<difficult>0</difficult>
		<occluded>0</occluded>
		<bndbox>
			<xmin>30</xmin>
			<xmax>346</xmax>
			<ymin>38</ymin>
			<ymax>232</ymax>
		</bndbox>
	</object>
</annotation>
