<annotation>
	<folder></folder>
	<filename>ja36_png.rf.7b9a2c889a309a619e175606556ad4e2.jpg</filename>
	<path>ja36_png.rf.7b9a2c889a309a619e175606556ad4e2.jpg</path>
	<source>
		<database>roboflow.com</database>
	</source>
	<size>
		<width>512</width>
		<height>512</height>
		<depth>3</depth>
	</size>
	<segmented>0</segmented>
	<object>
		<name>ja</name>
		<pose>Unspecified</pose>
		<truncated>0</truncated>
		<difficult>0</difficult>
		<occluded>0</occluded>
		<bndbox>
			<xmin>72</xmin>
			<xmax>371</xmax>
			<ymin>93</ymin>
			<ymax>295</ymax>
		</bndbox>
	</object>
</annotation>
