<annotation>
	<folder></folder>
	<filename>ja39_png.rf.ac1754521561cec89bc629ab1e909004.jpg</filename>
	<path>ja39_png.rf.ac1754521561cec89bc629ab1e909004.jpg</path>
	<source>
		<database>roboflow.com</database>
	</source>
	<size>
		<width>512</width>
		<height>512</height>
		<depth>3</depth>
	</size>
	<segmented>0</segmented>
	<object>
		<name>ja</name>
		<pose>Unspecified</pose>
		<truncated>0</truncated>
		<difficult>0</difficult>
		<occluded>0</occluded>
		<bndbox>
			<xmin>161</xmin>
			<xmax>446</xmax>
			<ymin>78</ymin>
			<ymax>266</ymax>
		</bndbox>
	</object>
</annotation>
