<annotation>
	<folder></folder>
	<filename>ja3_png.rf.29596bdf0f886d1113cb439dd11a70b6.jpg</filename>
	<path>ja3_png.rf.29596bdf0f886d1113cb439dd11a70b6.jpg</path>
	<source>
		<database>roboflow.com</database>
	</source>
	<size>
		<width>512</width>
		<height>512</height>
		<depth>3</depth>
	</size>
	<segmented>0</segmented>
	<object>
		<name>ja</name>
		<pose>Unspecified</pose>
		<truncated>0</truncated>
		<difficult>0</difficult>
		<occluded>0</occluded>
		<bndbox>
			<xmin>109</xmin>
			<xmax>446</xmax>
			<ymin>17</ymin>
			<ymax>274</ymax>
		</bndbox>
	</object>
</annotation>
