<annotation>
	<folder></folder>
	<filename>ja41_png.rf.7a2ed08756293a2ba522ab8e01d56360.jpg</filename>
	<path>ja41_png.rf.7a2ed08756293a2ba522ab8e01d56360.jpg</path>
	<source>
		<database>roboflow.com</database>
	</source>
	<size>
		<width>512</width>
		<height>512</height>
		<depth>3</depth>
	</size>
	<segmented>0</segmented>
	<object>
		<name>ja</name>
		<pose>Unspecified</pose>
		<truncated>0</truncated>
		<difficult>0</difficult>
		<occluded>0</occluded>
		<bndbox>
			<xmin>184</xmin>
			<xmax>419</xmax>
			<ymin>90</ymin>
			<ymax>284</ymax>
		</bndbox>
	</object>
</annotation>
