<annotation>
	<folder></folder>
	<filename>ja43_png.rf.2a1d599dce3a8af749d42dcaddab8a91.jpg</filename>
	<path>ja43_png.rf.2a1d599dce3a8af749d42dcaddab8a91.jpg</path>
	<source>
		<database>roboflow.com</database>
	</source>
	<size>
		<width>512</width>
		<height>512</height>
		<depth>3</depth>
	</size>
	<segmented>0</segmented>
	<object>
		<name>ja</name>
		<pose>Unspecified</pose>
		<truncated>0</truncated>
		<difficult>0</difficult>
		<occluded>0</occluded>
		<bndbox>
			<xmin>80</xmin>
			<xmax>361</xmax>
			<ymin>63</ymin>
			<ymax>277</ymax>
		</bndbox>
	</object>
</annotation>
