<annotation>
	<folder></folder>
	<filename>ja45_png.rf.8c7fcec6e8d11aa0f56b35b78b11e26a.jpg</filename>
	<path>ja45_png.rf.8c7fcec6e8d11aa0f56b35b78b11e26a.jpg</path>
	<source>
		<database>roboflow.com</database>
	</source>
	<size>
		<width>512</width>
		<height>512</height>
		<depth>3</depth>
	</size>
	<segmented>0</segmented>
	<object>
		<name>ja</name>
		<pose>Unspecified</pose>
		<truncated>0</truncated>
		<difficult>0</difficult>
		<occluded>0</occluded>
		<bndbox>
			<xmin>47</xmin>
			<xmax>200</xmax>
			<ymin>70</ymin>
			<ymax>197</ymax>
		</bndbox>
	</object>
</annotation>
