<annotation>
	<folder></folder>
	<filename>ja48_png.rf.d646dfc25c0226d60bea32815de5e19d.jpg</filename>
	<path>ja48_png.rf.d646dfc25c0226d60bea32815de5e19d.jpg</path>
	<source>
		<database>roboflow.com</database>
	</source>
	<size>
		<width>512</width>
		<height>512</height>
		<depth>3</depth>
	</size>
	<segmented>0</segmented>
	<object>
		<name>ja</name>
		<pose>Unspecified</pose>
		<truncated>0</truncated>
		<difficult>0</difficult>
		<occluded>0</occluded>
		<bndbox>
			<xmin>144</xmin>
			<xmax>383</xmax>
			<ymin>47</ymin>
			<ymax>252</ymax>
		</bndbox>
	</object>
</annotation>
