<annotation>
	<folder></folder>
	<filename>ja4_png.rf.51be26c7be545b540dc1c26f3007371a.jpg</filename>
	<path>ja4_png.rf.51be26c7be545b540dc1c26f3007371a.jpg</path>
	<source>
		<database>roboflow.com</database>
	</source>
	<size>
		<width>512</width>
		<height>512</height>
		<depth>3</depth>
	</size>
	<segmented>0</segmented>
	<object>
		<name>ja</name>
		<pose>Unspecified</pose>
		<truncated>0</truncated>
		<difficult>0</difficult>
		<occluded>0</occluded>
		<bndbox>
			<xmin>82</xmin>
			<xmax>395</xmax>
			<ymin>86</ymin>
			<ymax>292</ymax>
		</bndbox>
	</object>
</annotation>
