<annotation>
	<folder></folder>
	<filename>ja52_png.rf.22971272b2e61b6ae3b87b5101d852a5.jpg</filename>
	<path>ja52_png.rf.22971272b2e61b6ae3b87b5101d852a5.jpg</path>
	<source>
		<database>roboflow.com</database>
	</source>
	<size>
		<width>512</width>
		<height>512</height>
		<depth>3</depth>
	</size>
	<segmented>0</segmented>
	<object>
		<name>ja</name>
		<pose>Unspecified</pose>
		<truncated>0</truncated>
		<difficult>0</difficult>
		<occluded>0</occluded>
		<bndbox>
			<xmin>107</xmin>
			<xmax>389</xmax>
			<ymin>56</ymin>
			<ymax>260</ymax>
		</bndbox>
	</object>
</annotation>
