<annotation>
	<folder></folder>
	<filename>ja56_png.rf.489701455ee3d42968c22c950e844fe5.jpg</filename>
	<path>ja56_png.rf.489701455ee3d42968c22c950e844fe5.jpg</path>
	<source>
		<database>roboflow.com</database>
	</source>
	<size>
		<width>512</width>
		<height>512</height>
		<depth>3</depth>
	</size>
	<segmented>0</segmented>
	<object>
		<name>ja</name>
		<pose>Unspecified</pose>
		<truncated>0</truncated>
		<difficult>0</difficult>
		<occluded>0</occluded>
		<bndbox>
			<xmin>132</xmin>
			<xmax>400</xmax>
			<ymin>67</ymin>
			<ymax>281</ymax>
		</bndbox>
	</object>
</annotation>
