<annotation>
	<folder></folder>
	<filename>ja57_png.rf.4b13cd1d5cba7acc6449df4124e582f9.jpg</filename>
	<path>ja57_png.rf.4b13cd1d5cba7acc6449df4124e582f9.jpg</path>
	<source>
		<database>roboflow.com</database>
	</source>
	<size>
		<width>512</width>
		<height>512</height>
		<depth>3</depth>
	</size>
	<segmented>0</segmented>
	<object>
		<name>ja</name>
		<pose>Unspecified</pose>
		<truncated>0</truncated>
		<difficult>0</difficult>
		<occluded>0</occluded>
		<bndbox>
			<xmin>56</xmin>
			<xmax>464</xmax>
			<ymin>22</ymin>
			<ymax>301</ymax>
		</bndbox>
	</object>
</annotation>
