<annotation>
	<folder></folder>
	<filename>ja58_png.rf.7612a42e757d292771b7824da567c7f0.jpg</filename>
	<path>ja58_png.rf.7612a42e757d292771b7824da567c7f0.jpg</path>
	<source>
		<database>roboflow.com</database>
	</source>
	<size>
		<width>512</width>
		<height>512</height>
		<depth>3</depth>
	</size>
	<segmented>0</segmented>
	<object>
		<name>ja</name>
		<pose>Unspecified</pose>
		<truncated>0</truncated>
		<difficult>0</difficult>
		<occluded>0</occluded>
		<bndbox>
			<xmin>94</xmin>
			<xmax>389</xmax>
			<ymin>67</ymin>
			<ymax>257</ymax>
		</bndbox>
	</object>
</annotation>
