<annotation>
	<folder></folder>
	<filename>ja60_png.rf.fecab99b6f6d4ad73d7539b709a580d4.jpg</filename>
	<path>ja60_png.rf.fecab99b6f6d4ad73d7539b709a580d4.jpg</path>
	<source>
		<database>roboflow.com</database>
	</source>
	<size>
		<width>512</width>
		<height>512</height>
		<depth>3</depth>
	</size>
	<segmented>0</segmented>
	<object>
		<name>ja</name>
		<pose>Unspecified</pose>
		<truncated>0</truncated>
		<difficult>0</difficult>
		<occluded>0</occluded>
		<bndbox>
			<xmin>144</xmin>
			<xmax>347</xmax>
			<ymin>59</ymin>
			<ymax>195</ymax>
		</bndbox>
	</object>
</annotation>
