<annotation>
	<folder></folder>
	<filename>ja61_png.rf.65fc7331e2d5473887f8cabf4e8ddb89.jpg</filename>
	<path>ja61_png.rf.65fc7331e2d5473887f8cabf4e8ddb89.jpg</path>
	<source>
		<database>roboflow.com</database>
	</source>
	<size>
		<width>512</width>
		<height>512</height>
		<depth>3</depth>
	</size>
	<segmented>0</segmented>
	<object>
		<name>ja</name>
		<pose>Unspecified</pose>
		<truncated>0</truncated>
		<difficult>0</difficult>
		<occluded>0</occluded>
		<bndbox>
			<xmin>150</xmin>
			<xmax>394</xmax>
			<ymin>75</ymin>
			<ymax>257</ymax>
		</bndbox>
	</object>
</annotation>
