<annotation>
	<folder></folder>
	<filename>ja63_png.rf.e9f228ddc5d096bbb4f92c011482d0ad.jpg</filename>
	<path>ja63_png.rf.e9f228ddc5d096bbb4f92c011482d0ad.jpg</path>
	<source>
		<database>roboflow.com</database>
	</source>
	<size>
		<width>512</width>
		<height>512</height>
		<depth>3</depth>
	</size>
	<segmented>0</segmented>
	<object>
		<name>ja</name>
		<pose>Unspecified</pose>
		<truncated>0</truncated>
		<difficult>0</difficult>
		<occluded>0</occluded>
		<bndbox>
			<xmin>82</xmin>
			<xmax>339</xmax>
			<ymin>78</ymin>
			<ymax>246</ymax>
		</bndbox>
	</object>
</annotation>
