<annotation>
	<folder></folder>
	<filename>ja65_png.rf.edc9d44a16e6c914c84e0bad46d0efd8.jpg</filename>
	<path>ja65_png.rf.edc9d44a16e6c914c84e0bad46d0efd8.jpg</path>
	<source>
		<database>roboflow.com</database>
	</source>
	<size>
		<width>512</width>
		<height>512</height>
		<depth>3</depth>
	</size>
	<segmented>0</segmented>
	<object>
		<name>ja</name>
		<pose>Unspecified</pose>
		<truncated>0</truncated>
		<difficult>0</difficult>
		<occluded>0</occluded>
		<bndbox>
			<xmin>108</xmin>
			<xmax>434</xmax>
			<ymin>45</ymin>
			<ymax>259</ymax>
		</bndbox>
	</object>
</annotation>
