<annotation>
	<folder></folder>
	<filename>ja66_png.rf.5a35490fd34afee1022636569617d59e.jpg</filename>
	<path>ja66_png.rf.5a35490fd34afee1022636569617d59e.jpg</path>
	<source>
		<database>roboflow.com</database>
	</source>
	<size>
		<width>512</width>
		<height>512</height>
		<depth>3</depth>
	</size>
	<segmented>0</segmented>
	<object>
		<name>ja</name>
		<pose>Unspecified</pose>
		<truncated>0</truncated>
		<difficult>0</difficult>
		<occluded>0</occluded>
		<bndbox>
			<xmin>129</xmin>
			<xmax>460</xmax>
			<ymin>22</ymin>
			<ymax>239</ymax>
		</bndbox>
	</object>
</annotation>
