<annotation>
	<folder></folder>
	<filename>ja67_png.rf.19374550c5e4504ad6fc74d0016fd0ba.jpg</filename>
	<path>ja67_png.rf.19374550c5e4504ad6fc74d0016fd0ba.jpg</path>
	<source>
		<database>roboflow.com</database>
	</source>
	<size>
		<width>512</width>
		<height>512</height>
		<depth>3</depth>
	</size>
	<segmented>0</segmented>
	<object>
		<name>ja</name>
		<pose>Unspecified</pose>
		<truncated>0</truncated>
		<difficult>0</difficult>
		<occluded>0</occluded>
		<bndbox>
			<xmin>127</xmin>
			<xmax>443</xmax>
			<ymin>10</ymin>
			<ymax>250</ymax>
		</bndbox>
	</object>
</annotation>
