<annotation>
	<folder></folder>
	<filename>ja68_png.rf.5ef007a58081a6476a73e65bb03199ec.jpg</filename>
	<path>ja68_png.rf.5ef007a58081a6476a73e65bb03199ec.jpg</path>
	<source>
		<database>roboflow.com</database>
	</source>
	<size>
		<width>512</width>
		<height>512</height>
		<depth>3</depth>
	</size>
	<segmented>0</segmented>
	<object>
		<name>ja</name>
		<pose>Unspecified</pose>
		<truncated>0</truncated>
		<difficult>0</difficult>
		<occluded>0</occluded>
		<bndbox>
			<xmin>92</xmin>
			<xmax>379</xmax>
			<ymin>75</ymin>
			<ymax>272</ymax>
		</bndbox>
	</object>
</annotation>
