<annotation>
	<folder></folder>
	<filename>ja69_png.rf.070081bc13d7f9c024cca2b3e05fd529.jpg</filename>
	<path>ja69_png.rf.070081bc13d7f9c024cca2b3e05fd529.jpg</path>
	<source>
		<database>roboflow.com</database>
	</source>
	<size>
		<width>512</width>
		<height>512</height>
		<depth>3</depth>
	</size>
	<segmented>0</segmented>
	<object>
		<name>ja</name>
		<pose>Unspecified</pose>
		<truncated>0</truncated>
		<difficult>0</difficult>
		<occluded>0</occluded>
		<bndbox>
			<xmin>132</xmin>
			<xmax>434</xmax>
			<ymin>57</ymin>
			<ymax>234</ymax>
		</bndbox>
	</object>
</annotation>
