<annotation>
	<folder></folder>
	<filename>ja6_png.rf.ae220b1eb8d9c75cfb5300785c2ae983.jpg</filename>
	<path>ja6_png.rf.ae220b1eb8d9c75cfb5300785c2ae983.jpg</path>
	<source>
		<database>roboflow.com</database>
	</source>
	<size>
		<width>512</width>
		<height>512</height>
		<depth>3</depth>
	</size>
	<segmented>0</segmented>
	<object>
		<name>ja</name>
		<pose>Unspecified</pose>
		<truncated>0</truncated>
		<difficult>0</difficult>
		<occluded>0</occluded>
		<bndbox>
			<xmin>82</xmin>
			<xmax>419</xmax>
			<ymin>84</ymin>
			<ymax>298</ymax>
		</bndbox>
	</object>
</annotation>
