<annotation>
	<folder></folder>
	<filename>ja70_png.rf.d9f937912e11d19dff7129b5ca6ef3d0.jpg</filename>
	<path>ja70_png.rf.d9f937912e11d19dff7129b5ca6ef3d0.jpg</path>
	<source>
		<database>roboflow.com</database>
	</source>
	<size>
		<width>512</width>
		<height>512</height>
		<depth>3</depth>
	</size>
	<segmented>0</segmented>
	<object>
		<name>ja</name>
		<pose>Unspecified</pose>
		<truncated>0</truncated>
		<difficult>0</difficult>
		<occluded>0</occluded>
		<bndbox>
			<xmin>158</xmin>
			<xmax>435</xmax>
			<ymin>49</ymin>
			<ymax>233</ymax>
		</bndbox>
	</object>
</annotation>
