<annotation>
	<folder></folder>
	<filename>ja72_png.rf.951c1b36b22197bc712bd9ffe831e039.jpg</filename>
	<path>ja72_png.rf.951c1b36b22197bc712bd9ffe831e039.jpg</path>
	<source>
		<database>roboflow.com</database>
	</source>
	<size>
		<width>512</width>
		<height>512</height>
		<depth>3</depth>
	</size>
	<segmented>0</segmented>
	<object>
		<name>ja</name>
		<pose>Unspecified</pose>
		<truncated>0</truncated>
		<difficult>0</difficult>
		<occluded>0</occluded>
		<bndbox>
			<xmin>137</xmin>
			<xmax>423</xmax>
			<ymin>40</ymin>
			<ymax>227</ymax>
		</bndbox>
	</object>
</annotation>
