<annotation>
	<folder></folder>
	<filename>ja74_png.rf.c93063587edb675996306c0d256c0557.jpg</filename>
	<path>ja74_png.rf.c93063587edb675996306c0d256c0557.jpg</path>
	<source>
		<database>roboflow.com</database>
	</source>
	<size>
		<width>512</width>
		<height>512</height>
		<depth>3</depth>
	</size>
	<segmented>0</segmented>
	<object>
		<name>ja</name>
		<pose>Unspecified</pose>
		<truncated>0</truncated>
		<difficult>0</difficult>
		<occluded>0</occluded>
		<bndbox>
			<xmin>158</xmin>
			<xmax>362</xmax>
			<ymin>90</ymin>
			<ymax>245</ymax>
		</bndbox>
	</object>
</annotation>
