<annotation>
	<folder></folder>
	<filename>ja75_png.rf.f600bf993b6bb1f2dc2f7bfe797dd673.jpg</filename>
	<path>ja75_png.rf.f600bf993b6bb1f2dc2f7bfe797dd673.jpg</path>
	<source>
		<database>roboflow.com</database>
	</source>
	<size>
		<width>512</width>
		<height>512</height>
		<depth>3</depth>
	</size>
	<segmented>0</segmented>
	<object>
		<name>ja</name>
		<pose>Unspecified</pose>
		<truncated>0</truncated>
		<difficult>0</difficult>
		<occluded>0</occluded>
		<bndbox>
			<xmin>110</xmin>
			<xmax>420</xmax>
			<ymin>61</ymin>
			<ymax>249</ymax>
		</bndbox>
	</object>
</annotation>
