<annotation>
	<folder></folder>
	<filename>ja78_png.rf.128a19f845440b311ca3799b6820dd53.jpg</filename>
	<path>ja78_png.rf.128a19f845440b311ca3799b6820dd53.jpg</path>
	<source>
		<database>roboflow.com</database>
	</source>
	<size>
		<width>512</width>
		<height>512</height>
		<depth>3</depth>
	</size>
	<segmented>0</segmented>
	<object>
		<name>ja</name>
		<pose>Unspecified</pose>
		<truncated>0</truncated>
		<difficult>0</difficult>
		<occluded>0</occluded>
		<bndbox>
			<xmin>52</xmin>
			<xmax>477</xmax>
			<ymin>31</ymin>
			<ymax>261</ymax>
		</bndbox>
	</object>
</annotation>
