<annotation>
	<folder></folder>
	<filename>ja7_png.rf.9eb65b584285ed89cd4781ae3e2cbdb4.jpg</filename>
	<path>ja7_png.rf.9eb65b584285ed89cd4781ae3e2cbdb4.jpg</path>
	<source>
		<database>roboflow.com</database>
	</source>
	<size>
		<width>512</width>
		<height>512</height>
		<depth>3</depth>
	</size>
	<segmented>0</segmented>
	<object>
		<name>ja</name>
		<pose>Unspecified</pose>
		<truncated>0</truncated>
		<difficult>0</difficult>
		<occluded>0</occluded>
		<bndbox>
			<xmin>123</xmin>
			<xmax>389</xmax>
			<ymin>23</ymin>
			<ymax>235</ymax>
		</bndbox>
	</object>
</annotation>
