<annotation>
	<folder></folder>
	<filename>ja9_png.rf.a2fb4d45febee72dd3e323978ff4327a.jpg</filename>
	<path>ja9_png.rf.a2fb4d45febee72dd3e323978ff4327a.jpg</path>
	<source>
		<database>roboflow.com</database>
	</source>
	<size>
		<width>512</width>
		<height>512</height>
		<depth>3</depth>
	</size>
	<segmented>0</segmented>
	<object>
		<name>ja</name>
		<pose>Unspecified</pose>
		<truncated>0</truncated>
		<difficult>0</difficult>
		<occluded>0</occluded>
		<bndbox>
			<xmin>97</xmin>
			<xmax>386</xmax>
			<ymin>37</ymin>
			<ymax>266</ymax>
		</bndbox>
	</object>
</annotation>
