<annotation>
	<folder></folder>
	<filename>ka0_png.rf.1fd52b1b8566ea680df0e7574836c69a.jpg</filename>
	<path>ka0_png.rf.1fd52b1b8566ea680df0e7574836c69a.jpg</path>
	<source>
		<database>roboflow.com</database>
	</source>
	<size>
		<width>512</width>
		<height>512</height>
		<depth>3</depth>
	</size>
	<segmented>0</segmented>
	<object>
		<name>ka</name>
		<pose>Unspecified</pose>
		<truncated>0</truncated>
		<difficult>0</difficult>
		<occluded>0</occluded>
		<bndbox>
			<xmin>142</xmin>
			<xmax>461</xmax>
			<ymin>33</ymin>
			<ymax>247</ymax>
		</bndbox>
	</object>
</annotation>
