<annotation>
	<folder></folder>
	<filename>ka10_png.rf.5fe1f217bb57043b3357443166e88ccc.jpg</filename>
	<path>ka10_png.rf.5fe1f217bb57043b3357443166e88ccc.jpg</path>
	<source>
		<database>roboflow.com</database>
	</source>
	<size>
		<width>512</width>
		<height>512</height>
		<depth>3</depth>
	</size>
	<segmented>0</segmented>
	<object>
		<name>ka</name>
		<pose>Unspecified</pose>
		<truncated>0</truncated>
		<difficult>0</difficult>
		<occluded>0</occluded>
		<bndbox>
			<xmin>127</xmin>
			<xmax>418</xmax>
			<ymin>49</ymin>
			<ymax>224</ymax>
		</bndbox>
	</object>
</annotation>
