<annotation>
	<folder></folder>
	<filename>ka12_png.rf.6786ad46f8cfe5ef58a5127df3e02490.jpg</filename>
	<path>ka12_png.rf.6786ad46f8cfe5ef58a5127df3e02490.jpg</path>
	<source>
		<database>roboflow.com</database>
	</source>
	<size>
		<width>512</width>
		<height>512</height>
		<depth>3</depth>
	</size>
	<segmented>0</segmented>
	<object>
		<name>ka</name>
		<pose>Unspecified</pose>
		<truncated>0</truncated>
		<difficult>0</difficult>
		<occluded>0</occluded>
		<bndbox>
			<xmin>72</xmin>
			<xmax>367</xmax>
			<ymin>78</ymin>
			<ymax>252</ymax>
		</bndbox>
	</object>
</annotation>
