<annotation>
	<folder></folder>
	<filename>ka13_png.rf.648c4fe8014fc2ea2a66a50334896ef1.jpg</filename>
	<path>ka13_png.rf.648c4fe8014fc2ea2a66a50334896ef1.jpg</path>
	<source>
		<database>roboflow.com</database>
	</source>
	<size>
		<width>512</width>
		<height>512</height>
		<depth>3</depth>
	</size>
	<segmented>0</segmented>
	<object>
		<name>ka</name>
		<pose>Unspecified</pose>
		<truncated>0</truncated>
		<difficult>0</difficult>
		<occluded>0</occluded>
		<bndbox>
			<xmin>94</xmin>
			<xmax>483</xmax>
			<ymin>38</ymin>
			<ymax>258</ymax>
		</bndbox>
	</object>
</annotation>
