<annotation>
	<folder></folder>
	<filename>ka14_png.rf.40eade1f930ba5bf094eb52acb97a6b0.jpg</filename>
	<path>ka14_png.rf.40eade1f930ba5bf094eb52acb97a6b0.jpg</path>
	<source>
		<database>roboflow.com</database>
	</source>
	<size>
		<width>512</width>
		<height>512</height>
		<depth>3</depth>
	</size>
	<segmented>0</segmented>
	<object>
		<name>ka</name>
		<pose>Unspecified</pose>
		<truncated>0</truncated>
		<difficult>0</difficult>
		<occluded>0</occluded>
		<bndbox>
			<xmin>51</xmin>
			<xmax>457</xmax>
			<ymin>45</ymin>
			<ymax>244</ymax>
		</bndbox>
	</object>
</annotation>
