<annotation>
	<folder></folder>
	<filename>ka15_png.rf.e72c71df4cf7196cfa41ee0d50339775.jpg</filename>
	<path>ka15_png.rf.e72c71df4cf7196cfa41ee0d50339775.jpg</path>
	<source>
		<database>roboflow.com</database>
	</source>
	<size>
		<width>512</width>
		<height>512</height>
		<depth>3</depth>
	</size>
	<segmented>0</segmented>
	<object>
		<name>ka</name>
		<pose>Unspecified</pose>
		<truncated>0</truncated>
		<difficult>0</difficult>
		<occluded>0</occluded>
		<bndbox>
			<xmin>35</xmin>
			<xmax>454</xmax>
			<ymin>20</ymin>
			<ymax>269</ymax>
		</bndbox>
	</object>
</annotation>
