<annotation>
	<folder></folder>
	<filename>ka16_png.rf.bb22331358a96438bd9f043bd119b337.jpg</filename>
	<path>ka16_png.rf.bb22331358a96438bd9f043bd119b337.jpg</path>
	<source>
		<database>roboflow.com</database>
	</source>
	<size>
		<width>512</width>
		<height>512</height>
		<depth>3</depth>
	</size>
	<segmented>0</segmented>
	<object>
		<name>ka</name>
		<pose>Unspecified</pose>
		<truncated>0</truncated>
		<difficult>0</difficult>
		<occluded>0</occluded>
		<bndbox>
			<xmin>136</xmin>
			<xmax>405</xmax>
			<ymin>80</ymin>
			<ymax>260</ymax>
		</bndbox>
	</object>
</annotation>
