<annotation>
	<folder></folder>
	<filename>ka17_png.rf.04ba7f5c8f9d18c1b8c54d68a93233a2.jpg</filename>
	<path>ka17_png.rf.04ba7f5c8f9d18c1b8c54d68a93233a2.jpg</path>
	<source>
		<database>roboflow.com</database>
	</source>
	<size>
		<width>512</width>
		<height>512</height>
		<depth>3</depth>
	</size>
	<segmented>0</segmented>
	<object>
		<name>ka</name>
		<pose>Unspecified</pose>
		<truncated>0</truncated>
		<difficult>0</difficult>
		<occluded>0</occluded>
		<bndbox>
			<xmin>52</xmin>
			<xmax>393</xmax>
			<ymin>23</ymin>
			<ymax>240</ymax>
		</bndbox>
	</object>
</annotation>
