<annotation>
	<folder></folder>
	<filename>ka18_png.rf.c08ad39dcf0a4794b0be45203027480b.jpg</filename>
	<path>ka18_png.rf.c08ad39dcf0a4794b0be45203027480b.jpg</path>
	<source>
		<database>roboflow.com</database>
	</source>
	<size>
		<width>512</width>
		<height>512</height>
		<depth>3</depth>
	</size>
	<segmented>0</segmented>
	<object>
		<name>ka</name>
		<pose>Unspecified</pose>
		<truncated>0</truncated>
		<difficult>0</difficult>
		<occluded>0</occluded>
		<bndbox>
			<xmin>149</xmin>
			<xmax>436</xmax>
			<ymin>8</ymin>
			<ymax>267</ymax>
		</bndbox>
	</object>
</annotation>
