<annotation>
	<folder></folder>
	<filename>ka19_png.rf.d975971a8fcce02baae8285cfb7a9191.jpg</filename>
	<path>ka19_png.rf.d975971a8fcce02baae8285cfb7a9191.jpg</path>
	<source>
		<database>roboflow.com</database>
	</source>
	<size>
		<width>512</width>
		<height>512</height>
		<depth>3</depth>
	</size>
	<segmented>0</segmented>
	<object>
		<name>ka</name>
		<pose>Unspecified</pose>
		<truncated>0</truncated>
		<difficult>0</difficult>
		<occluded>0</occluded>
		<bndbox>
			<xmin>112</xmin>
			<xmax>429</xmax>
			<ymin>30</ymin>
			<ymax>282</ymax>
		</bndbox>
	</object>
</annotation>
