<annotation>
	<folder></folder>
	<filename>ka1_png.rf.348b710e96f7cb1801fe6e729b3c91a0.jpg</filename>
	<path>ka1_png.rf.348b710e96f7cb1801fe6e729b3c91a0.jpg</path>
	<source>
		<database>roboflow.com</database>
	</source>
	<size>
		<width>512</width>
		<height>512</height>
		<depth>3</depth>
	</size>
	<segmented>0</segmented>
	<object>
		<name>ka</name>
		<pose>Unspecified</pose>
		<truncated>0</truncated>
		<difficult>0</difficult>
		<occluded>0</occluded>
		<bndbox>
			<xmin>149</xmin>
			<xmax>447</xmax>
			<ymin>49</ymin>
			<ymax>241</ymax>
		</bndbox>
	</object>
</annotation>
