<annotation>
	<folder></folder>
	<filename>ka21_png.rf.becf07dcba8b5a943bf593aed3b2fcfd.jpg</filename>
	<path>ka21_png.rf.becf07dcba8b5a943bf593aed3b2fcfd.jpg</path>
	<source>
		<database>roboflow.com</database>
	</source>
	<size>
		<width>512</width>
		<height>512</height>
		<depth>3</depth>
	</size>
	<segmented>0</segmented>
	<object>
		<name>ka</name>
		<pose>Unspecified</pose>
		<truncated>0</truncated>
		<difficult>0</difficult>
		<occluded>0</occluded>
		<bndbox>
			<xmin>121</xmin>
			<xmax>450</xmax>
			<ymin>49</ymin>
			<ymax>274</ymax>
		</bndbox>
	</object>
</annotation>
