<annotation>
	<folder></folder>
	<filename>ka22_png.rf.74ad84eb4f8a49cb7325de91c871d094.jpg</filename>
	<path>ka22_png.rf.74ad84eb4f8a49cb7325de91c871d094.jpg</path>
	<source>
		<database>roboflow.com</database>
	</source>
	<size>
		<width>512</width>
		<height>512</height>
		<depth>3</depth>
	</size>
	<segmented>0</segmented>
	<object>
		<name>ka</name>
		<pose>Unspecified</pose>
		<truncated>0</truncated>
		<difficult>0</difficult>
		<occluded>0</occluded>
		<bndbox>
			<xmin>117</xmin>
			<xmax>362</xmax>
			<ymin>50</ymin>
			<ymax>212</ymax>
		</bndbox>
	</object>
</annotation>
