<annotation>
	<folder></folder>
	<filename>ka23_png.rf.0d12cab05f06d106dfaecd1ed18d9541.jpg</filename>
	<path>ka23_png.rf.0d12cab05f06d106dfaecd1ed18d9541.jpg</path>
	<source>
		<database>roboflow.com</database>
	</source>
	<size>
		<width>512</width>
		<height>512</height>
		<depth>3</depth>
	</size>
	<segmented>0</segmented>
	<object>
		<name>ka</name>
		<pose>Unspecified</pose>
		<truncated>0</truncated>
		<difficult>0</difficult>
		<occluded>0</occluded>
		<bndbox>
			<xmin>74</xmin>
			<xmax>360</xmax>
			<ymin>70</ymin>
			<ymax>255</ymax>
		</bndbox>
	</object>
</annotation>
