<annotation>
	<folder></folder>
	<filename>ka24_png.rf.973438ce6a7ceb2f73b57889231c4953.jpg</filename>
	<path>ka24_png.rf.973438ce6a7ceb2f73b57889231c4953.jpg</path>
	<source>
		<database>roboflow.com</database>
	</source>
	<size>
		<width>512</width>
		<height>512</height>
		<depth>3</depth>
	</size>
	<segmented>0</segmented>
	<object>
		<name>ka</name>
		<pose>Unspecified</pose>
		<truncated>0</truncated>
		<difficult>0</difficult>
		<occluded>0</occluded>
		<bndbox>
			<xmin>61</xmin>
			<xmax>365</xmax>
			<ymin>30</ymin>
			<ymax>257</ymax>
		</bndbox>
	</object>
</annotation>
