<annotation>
	<folder></folder>
	<filename>ka26_png.rf.f4a4a474d1c08354d4f86f8ce359eead.jpg</filename>
	<path>ka26_png.rf.f4a4a474d1c08354d4f86f8ce359eead.jpg</path>
	<source>
		<database>roboflow.com</database>
	</source>
	<size>
		<width>512</width>
		<height>512</height>
		<depth>3</depth>
	</size>
	<segmented>0</segmented>
	<object>
		<name>ka</name>
		<pose>Unspecified</pose>
		<truncated>0</truncated>
		<difficult>0</difficult>
		<occluded>0</occluded>
		<bndbox>
			<xmin>72</xmin>
			<xmax>404</xmax>
			<ymin>38</ymin>
			<ymax>257</ymax>
		</bndbox>
	</object>
</annotation>
