<annotation>
	<folder></folder>
	<filename>ka27_png.rf.02e8fde555ebe30a9f2fe54ac2a849b7.jpg</filename>
	<path>ka27_png.rf.02e8fde555ebe30a9f2fe54ac2a849b7.jpg</path>
	<source>
		<database>roboflow.com</database>
	</source>
	<size>
		<width>512</width>
		<height>512</height>
		<depth>3</depth>
	</size>
	<segmented>0</segmented>
	<object>
		<name>ka</name>
		<pose>Unspecified</pose>
		<truncated>0</truncated>
		<difficult>0</difficult>
		<occluded>0</occluded>
		<bndbox>
			<xmin>140</xmin>
			<xmax>474</xmax>
			<ymin>35</ymin>
			<ymax>260</ymax>
		</bndbox>
	</object>
</annotation>
