<annotation>
	<folder></folder>
	<filename>ka28_png.rf.9bab7d84f88839e908a4c500aa7f265c.jpg</filename>
	<path>ka28_png.rf.9bab7d84f88839e908a4c500aa7f265c.jpg</path>
	<source>
		<database>roboflow.com</database>
	</source>
	<size>
		<width>512</width>
		<height>512</height>
		<depth>3</depth>
	</size>
	<segmented>0</segmented>
	<object>
		<name>ka</name>
		<pose>Unspecified</pose>
		<truncated>0</truncated>
		<difficult>0</difficult>
		<occluded>0</occluded>
		<bndbox>
			<xmin>139</xmin>
			<xmax>378</xmax>
			<ymin>67</ymin>
			<ymax>227</ymax>
		</bndbox>
	</object>
</annotation>
