<annotation>
	<folder></folder>
	<filename>ka29_png.rf.4bf22bed0b6ae3bf7486662e16c06d0f.jpg</filename>
	<path>ka29_png.rf.4bf22bed0b6ae3bf7486662e16c06d0f.jpg</path>
	<source>
		<database>roboflow.com</database>
	</source>
	<size>
		<width>512</width>
		<height>512</height>
		<depth>3</depth>
	</size>
	<segmented>0</segmented>
	<object>
		<name>ka</name>
		<pose>Unspecified</pose>
		<truncated>0</truncated>
		<difficult>0</difficult>
		<occluded>0</occluded>
		<bndbox>
			<xmin>127</xmin>
			<xmax>413</xmax>
			<ymin>23</ymin>
			<ymax>233</ymax>
		</bndbox>
	</object>
</annotation>
