<annotation>
	<folder></folder>
	<filename>ka2_png.rf.256f0d25d4a3bd1158c52631da468fca.jpg</filename>
	<path>ka2_png.rf.256f0d25d4a3bd1158c52631da468fca.jpg</path>
	<source>
		<database>roboflow.com</database>
	</source>
	<size>
		<width>512</width>
		<height>512</height>
		<depth>3</depth>
	</size>
	<segmented>0</segmented>
	<object>
		<name>ka</name>
		<pose>Unspecified</pose>
		<truncated>0</truncated>
		<difficult>0</difficult>
		<occluded>0</occluded>
		<bndbox>
			<xmin>127</xmin>
			<xmax>427</xmax>
			<ymin>46</ymin>
			<ymax>252</ymax>
		</bndbox>
	</object>
</annotation>
