<annotation>
	<folder></folder>
	<filename>ka30_png.rf.af5184742924dc727f56778e03d70edc.jpg</filename>
	<path>ka30_png.rf.af5184742924dc727f56778e03d70edc.jpg</path>
	<source>
		<database>roboflow.com</database>
	</source>
	<size>
		<width>512</width>
		<height>512</height>
		<depth>3</depth>
	</size>
	<segmented>0</segmented>
	<object>
		<name>ka</name>
		<pose>Unspecified</pose>
		<truncated>0</truncated>
		<difficult>0</difficult>
		<occluded>0</occluded>
		<bndbox>
			<xmin>132</xmin>
			<xmax>476</xmax>
			<ymin>33</ymin>
			<ymax>246</ymax>
		</bndbox>
	</object>
</annotation>
