<annotation>
	<folder></folder>
	<filename>ka32_png.rf.6830e6105b8bebc310946b08d9b02942.jpg</filename>
	<path>ka32_png.rf.6830e6105b8bebc310946b08d9b02942.jpg</path>
	<source>
		<database>roboflow.com</database>
	</source>
	<size>
		<width>512</width>
		<height>512</height>
		<depth>3</depth>
	</size>
	<segmented>0</segmented>
	<object>
		<name>ka</name>
		<pose>Unspecified</pose>
		<truncated>0</truncated>
		<difficult>0</difficult>
		<occluded>0</occluded>
		<bndbox>
			<xmin>177</xmin>
			<xmax>458</xmax>
			<ymin>44</ymin>
			<ymax>229</ymax>
		</bndbox>
	</object>
</annotation>
