<annotation>
	<folder></folder>
	<filename>ka34_png.rf.8e163b8d2f30cf75326416e47178a94c.jpg</filename>
	<path>ka34_png.rf.8e163b8d2f30cf75326416e47178a94c.jpg</path>
	<source>
		<database>roboflow.com</database>
	</source>
	<size>
		<width>512</width>
		<height>512</height>
		<depth>3</depth>
	</size>
	<segmented>0</segmented>
	<object>
		<name>ka</name>
		<pose>Unspecified</pose>
		<truncated>0</truncated>
		<difficult>0</difficult>
		<occluded>0</occluded>
		<bndbox>
			<xmin>49</xmin>
			<xmax>436</xmax>
			<ymin>110</ymin>
			<ymax>292</ymax>
		</bndbox>
	</object>
</annotation>
