<annotation>
	<folder></folder>
	<filename>ka35_png.rf.6a5d99e2fbf47c46c1e43ad19e65aeb8.jpg</filename>
	<path>ka35_png.rf.6a5d99e2fbf47c46c1e43ad19e65aeb8.jpg</path>
	<source>
		<database>roboflow.com</database>
	</source>
	<size>
		<width>512</width>
		<height>512</height>
		<depth>3</depth>
	</size>
	<segmented>0</segmented>
	<object>
		<name>ka</name>
		<pose>Unspecified</pose>
		<truncated>0</truncated>
		<difficult>0</difficult>
		<occluded>0</occluded>
		<bndbox>
			<xmin>75</xmin>
			<xmax>407</xmax>
			<ymin>28</ymin>
			<ymax>227</ymax>
		</bndbox>
	</object>
</annotation>
