<annotation>
	<folder></folder>
	<filename>ka36_png.rf.145fe2dbbc28b4ea029ee2b91914429e.jpg</filename>
	<path>ka36_png.rf.145fe2dbbc28b4ea029ee2b91914429e.jpg</path>
	<source>
		<database>roboflow.com</database>
	</source>
	<size>
		<width>512</width>
		<height>512</height>
		<depth>3</depth>
	</size>
	<segmented>0</segmented>
	<object>
		<name>ka</name>
		<pose>Unspecified</pose>
		<truncated>0</truncated>
		<difficult>0</difficult>
		<occluded>0</occluded>
		<bndbox>
			<xmin>61</xmin>
			<xmax>491</xmax>
			<ymin>80</ymin>
			<ymax>294</ymax>
		</bndbox>
	</object>
</annotation>
