<annotation>
	<folder></folder>
	<filename>ka37_png.rf.ab244d9454a28b4d985b605308b8ba0b.jpg</filename>
	<path>ka37_png.rf.ab244d9454a28b4d985b605308b8ba0b.jpg</path>
	<source>
		<database>roboflow.com</database>
	</source>
	<size>
		<width>512</width>
		<height>512</height>
		<depth>3</depth>
	</size>
	<segmented>0</segmented>
	<object>
		<name>ka</name>
		<pose>Unspecified</pose>
		<truncated>0</truncated>
		<difficult>0</difficult>
		<occluded>0</occluded>
		<bndbox>
			<xmin>144</xmin>
			<xmax>339</xmax>
			<ymin>107</ymin>
			<ymax>220</ymax>
		</bndbox>
	</object>
</annotation>
