<annotation>
	<folder></folder>
	<filename>ka38_png.rf.344ae6b0cf97d1ea85f9ca7eeae38091.jpg</filename>
	<path>ka38_png.rf.344ae6b0cf97d1ea85f9ca7eeae38091.jpg</path>
	<source>
		<database>roboflow.com</database>
	</source>
	<size>
		<width>512</width>
		<height>512</height>
		<depth>3</depth>
	</size>
	<segmented>0</segmented>
	<object>
		<name>ka</name>
		<pose>Unspecified</pose>
		<truncated>0</truncated>
		<difficult>0</difficult>
		<occluded>0</occluded>
		<bndbox>
			<xmin>24</xmin>
			<xmax>495</xmax>
			<ymin>23</ymin>
			<ymax>289</ymax>
		</bndbox>
	</object>
</annotation>
