<annotation>
	<folder></folder>
	<filename>ka39_png.rf.71ab4205a8e01e3903e53664cc174e13.jpg</filename>
	<path>ka39_png.rf.71ab4205a8e01e3903e53664cc174e13.jpg</path>
	<source>
		<database>roboflow.com</database>
	</source>
	<size>
		<width>512</width>
		<height>512</height>
		<depth>3</depth>
	</size>
	<segmented>0</segmented>
	<object>
		<name>ka</name>
		<pose>Unspecified</pose>
		<truncated>0</truncated>
		<difficult>0</difficult>
		<occluded>0</occluded>
		<bndbox>
			<xmin>105</xmin>
			<xmax>418</xmax>
			<ymin>86</ymin>
			<ymax>264</ymax>
		</bndbox>
	</object>
</annotation>
