<annotation>
	<folder></folder>
	<filename>ka40_png.rf.b46110df3bdd0702bce85fb6cf76609a.jpg</filename>
	<path>ka40_png.rf.b46110df3bdd0702bce85fb6cf76609a.jpg</path>
	<source>
		<database>roboflow.com</database>
	</source>
	<size>
		<width>512</width>
		<height>512</height>
		<depth>3</depth>
	</size>
	<segmented>0</segmented>
	<object>
		<name>ka</name>
		<pose>Unspecified</pose>
		<truncated>0</truncated>
		<difficult>0</difficult>
		<occluded>0</occluded>
		<bndbox>
			<xmin>82</xmin>
			<xmax>324</xmax>
			<ymin>67</ymin>
			<ymax>224</ymax>
		</bndbox>
	</object>
</annotation>
