<annotation>
	<folder></folder>
	<filename>ka41_png.rf.6cd914eea15cb69368dd692d4705f5c4.jpg</filename>
	<path>ka41_png.rf.6cd914eea15cb69368dd692d4705f5c4.jpg</path>
	<source>
		<database>roboflow.com</database>
	</source>
	<size>
		<width>512</width>
		<height>512</height>
		<depth>3</depth>
	</size>
	<segmented>0</segmented>
	<object>
		<name>ka</name>
		<pose>Unspecified</pose>
		<truncated>0</truncated>
		<difficult>0</difficult>
		<occluded>0</occluded>
		<bndbox>
			<xmin>62</xmin>
			<xmax>443</xmax>
			<ymin>38</ymin>
			<ymax>242</ymax>
		</bndbox>
	</object>
</annotation>
