<annotation>
	<folder></folder>
	<filename>ka42_png.rf.08c57b6cca989890d4f594c10270929c.jpg</filename>
	<path>ka42_png.rf.08c57b6cca989890d4f594c10270929c.jpg</path>
	<source>
		<database>roboflow.com</database>
	</source>
	<size>
		<width>512</width>
		<height>512</height>
		<depth>3</depth>
	</size>
	<segmented>0</segmented>
	<object>
		<name>ka</name>
		<pose>Unspecified</pose>
		<truncated>0</truncated>
		<difficult>0</difficult>
		<occluded>0</occluded>
		<bndbox>
			<xmin>105</xmin>
			<xmax>427</xmax>
			<ymin>45</ymin>
			<ymax>255</ymax>
		</bndbox>
	</object>
</annotation>
