<annotation>
	<folder></folder>
	<filename>ka43_png.rf.8a7415ecaf0aad5707d7d601f2dcbd47.jpg</filename>
	<path>ka43_png.rf.8a7415ecaf0aad5707d7d601f2dcbd47.jpg</path>
	<source>
		<database>roboflow.com</database>
	</source>
	<size>
		<width>512</width>
		<height>512</height>
		<depth>3</depth>
	</size>
	<segmented>0</segmented>
	<object>
		<name>ka</name>
		<pose>Unspecified</pose>
		<truncated>0</truncated>
		<difficult>0</difficult>
		<occluded>0</occluded>
		<bndbox>
			<xmin>77</xmin>
			<xmax>473</xmax>
			<ymin>48</ymin>
			<ymax>252</ymax>
		</bndbox>
	</object>
</annotation>
