<annotation>
	<folder></folder>
	<filename>ka44_png.rf.476e15349fb4ba76cc01b6dda8d029f6.jpg</filename>
	<path>ka44_png.rf.476e15349fb4ba76cc01b6dda8d029f6.jpg</path>
	<source>
		<database>roboflow.com</database>
	</source>
	<size>
		<width>512</width>
		<height>512</height>
		<depth>3</depth>
	</size>
	<segmented>0</segmented>
	<object>
		<name>ka</name>
		<pose>Unspecified</pose>
		<truncated>0</truncated>
		<difficult>0</difficult>
		<occluded>0</occluded>
		<bndbox>
			<xmin>44</xmin>
			<xmax>435</xmax>
			<ymin>15</ymin>
			<ymax>254</ymax>
		</bndbox>
	</object>
</annotation>
