<annotation>
	<folder></folder>
	<filename>ka46_png.rf.eecdc8829cab711056f879a8d4c84514.jpg</filename>
	<path>ka46_png.rf.eecdc8829cab711056f879a8d4c84514.jpg</path>
	<source>
		<database>roboflow.com</database>
	</source>
	<size>
		<width>512</width>
		<height>512</height>
		<depth>3</depth>
	</size>
	<segmented>0</segmented>
	<object>
		<name>ka</name>
		<pose>Unspecified</pose>
		<truncated>0</truncated>
		<difficult>0</difficult>
		<occluded>0</occluded>
		<bndbox>
			<xmin>98</xmin>
			<xmax>409</xmax>
			<ymin>55</ymin>
			<ymax>231</ymax>
		</bndbox>
	</object>
</annotation>
