<annotation>
	<folder></folder>
	<filename>ka48_png.rf.1cbda6882bbff9d8ac0fd0762ad6e9be.jpg</filename>
	<path>ka48_png.rf.1cbda6882bbff9d8ac0fd0762ad6e9be.jpg</path>
	<source>
		<database>roboflow.com</database>
	</source>
	<size>
		<width>512</width>
		<height>512</height>
		<depth>3</depth>
	</size>
	<segmented>0</segmented>
	<object>
		<name>ka</name>
		<pose>Unspecified</pose>
		<truncated>0</truncated>
		<difficult>0</difficult>
		<occluded>0</occluded>
		<bndbox>
			<xmin>120</xmin>
			<xmax>422</xmax>
			<ymin>79</ymin>
			<ymax>276</ymax>
		</bndbox>
	</object>
</annotation>
