<annotation>
	<folder></folder>
	<filename>ka51_png.rf.360fbdc7fdaaa4f86538da5d63a1b07b.jpg</filename>
	<path>ka51_png.rf.360fbdc7fdaaa4f86538da5d63a1b07b.jpg</path>
	<source>
		<database>roboflow.com</database>
	</source>
	<size>
		<width>512</width>
		<height>512</height>
		<depth>3</depth>
	</size>
	<segmented>0</segmented>
	<object>
		<name>ka</name>
		<pose>Unspecified</pose>
		<truncated>0</truncated>
		<difficult>0</difficult>
		<occluded>0</occluded>
		<bndbox>
			<xmin>114</xmin>
			<xmax>446</xmax>
			<ymin>45</ymin>
			<ymax>299</ymax>
		</bndbox>
	</object>
</annotation>
