<annotation>
	<folder></folder>
	<filename>ka54_png.rf.e4d42223ce8d05060d80e77366680108.jpg</filename>
	<path>ka54_png.rf.e4d42223ce8d05060d80e77366680108.jpg</path>
	<source>
		<database>roboflow.com</database>
	</source>
	<size>
		<width>512</width>
		<height>512</height>
		<depth>3</depth>
	</size>
	<segmented>0</segmented>
	<object>
		<name>ka</name>
		<pose>Unspecified</pose>
		<truncated>0</truncated>
		<difficult>0</difficult>
		<occluded>0</occluded>
		<bndbox>
			<xmin>89</xmin>
			<xmax>490</xmax>
			<ymin>38</ymin>
			<ymax>262</ymax>
		</bndbox>
	</object>
</annotation>
