<annotation>
	<folder></folder>
	<filename>ka55_png.rf.40eeee9a46f33ec28dca4775776bd58b.jpg</filename>
	<path>ka55_png.rf.40eeee9a46f33ec28dca4775776bd58b.jpg</path>
	<source>
		<database>roboflow.com</database>
	</source>
	<size>
		<width>512</width>
		<height>512</height>
		<depth>3</depth>
	</size>
	<segmented>0</segmented>
	<object>
		<name>ka</name>
		<pose>Unspecified</pose>
		<truncated>0</truncated>
		<difficult>0</difficult>
		<occluded>0</occluded>
		<bndbox>
			<xmin>112</xmin>
			<xmax>420</xmax>
			<ymin>52</ymin>
			<ymax>242</ymax>
		</bndbox>
	</object>
</annotation>
