<annotation>
	<folder></folder>
	<filename>ka56_png.rf.9b389eceb8be86f0d3910b5f37d8c3e1.jpg</filename>
	<path>ka56_png.rf.9b389eceb8be86f0d3910b5f37d8c3e1.jpg</path>
	<source>
		<database>roboflow.com</database>
	</source>
	<size>
		<width>512</width>
		<height>512</height>
		<depth>3</depth>
	</size>
	<segmented>0</segmented>
	<object>
		<name>ka</name>
		<pose>Unspecified</pose>
		<truncated>0</truncated>
		<difficult>0</difficult>
		<occluded>0</occluded>
		<bndbox>
			<xmin>68</xmin>
			<xmax>472</xmax>
			<ymin>15</ymin>
			<ymax>250</ymax>
		</bndbox>
	</object>
</annotation>
