<annotation>
	<folder></folder>
	<filename>ka57_png.rf.bd41bc3ff16a74a88e8f8c499837294c.jpg</filename>
	<path>ka57_png.rf.bd41bc3ff16a74a88e8f8c499837294c.jpg</path>
	<source>
		<database>roboflow.com</database>
	</source>
	<size>
		<width>512</width>
		<height>512</height>
		<depth>3</depth>
	</size>
	<segmented>0</segmented>
	<object>
		<name>ka</name>
		<pose>Unspecified</pose>
		<truncated>0</truncated>
		<difficult>0</difficult>
		<occluded>0</occluded>
		<bndbox>
			<xmin>111</xmin>
			<xmax>458</xmax>
			<ymin>46</ymin>
			<ymax>221</ymax>
		</bndbox>
	</object>
</annotation>
