<annotation>
	<folder></folder>
	<filename>ka58_png.rf.164da68a1c7920bd464f8d0ee4d86e30.jpg</filename>
	<path>ka58_png.rf.164da68a1c7920bd464f8d0ee4d86e30.jpg</path>
	<source>
		<database>roboflow.com</database>
	</source>
	<size>
		<width>512</width>
		<height>512</height>
		<depth>3</depth>
	</size>
	<segmented>0</segmented>
	<object>
		<name>ka</name>
		<pose>Unspecified</pose>
		<truncated>0</truncated>
		<difficult>0</difficult>
		<occluded>0</occluded>
		<bndbox>
			<xmin>69</xmin>
			<xmax>460</xmax>
			<ymin>33</ymin>
			<ymax>215</ymax>
		</bndbox>
	</object>
</annotation>
