<annotation>
	<folder></folder>
	<filename>ka59_png.rf.52d3e1707a646d1384fd07c8350a7d0f.jpg</filename>
	<path>ka59_png.rf.52d3e1707a646d1384fd07c8350a7d0f.jpg</path>
	<source>
		<database>roboflow.com</database>
	</source>
	<size>
		<width>512</width>
		<height>512</height>
		<depth>3</depth>
	</size>
	<segmented>0</segmented>
	<object>
		<name>ka</name>
		<pose>Unspecified</pose>
		<truncated>0</truncated>
		<difficult>0</difficult>
		<occluded>0</occluded>
		<bndbox>
			<xmin>140</xmin>
			<xmax>402</xmax>
			<ymin>38</ymin>
			<ymax>181</ymax>
		</bndbox>
	</object>
</annotation>
