<annotation>
	<folder></folder>
	<filename>ka60_png.rf.2fceab909b64c90bd9df29be1d2c16f4.jpg</filename>
	<path>ka60_png.rf.2fceab909b64c90bd9df29be1d2c16f4.jpg</path>
	<source>
		<database>roboflow.com</database>
	</source>
	<size>
		<width>512</width>
		<height>512</height>
		<depth>3</depth>
	</size>
	<segmented>0</segmented>
	<object>
		<name>ka</name>
		<pose>Unspecified</pose>
		<truncated>0</truncated>
		<difficult>0</difficult>
		<occluded>0</occluded>
		<bndbox>
			<xmin>157</xmin>
			<xmax>459</xmax>
			<ymin>58</ymin>
			<ymax>292</ymax>
		</bndbox>
	</object>
</annotation>
