<annotation>
	<folder></folder>
	<filename>ka61_png.rf.e08aff300f75c489549b818732c832b2.jpg</filename>
	<path>ka61_png.rf.e08aff300f75c489549b818732c832b2.jpg</path>
	<source>
		<database>roboflow.com</database>
	</source>
	<size>
		<width>512</width>
		<height>512</height>
		<depth>3</depth>
	</size>
	<segmented>0</segmented>
	<object>
		<name>ka</name>
		<pose>Unspecified</pose>
		<truncated>0</truncated>
		<difficult>0</difficult>
		<occluded>0</occluded>
		<bndbox>
			<xmin>75</xmin>
			<xmax>479</xmax>
			<ymin>22</ymin>
			<ymax>272</ymax>
		</bndbox>
	</object>
</annotation>
