<annotation>
	<folder></folder>
	<filename>ka62_png.rf.a63385e0c65ef5ccfeb42abe895842d9.jpg</filename>
	<path>ka62_png.rf.a63385e0c65ef5ccfeb42abe895842d9.jpg</path>
	<source>
		<database>roboflow.com</database>
	</source>
	<size>
		<width>512</width>
		<height>512</height>
		<depth>3</depth>
	</size>
	<segmented>0</segmented>
	<object>
		<name>ka</name>
		<pose>Unspecified</pose>
		<truncated>0</truncated>
		<difficult>0</difficult>
		<occluded>0</occluded>
		<bndbox>
			<xmin>72</xmin>
			<xmax>389</xmax>
			<ymin>87</ymin>
			<ymax>274</ymax>
		</bndbox>
	</object>
</annotation>
