<annotation>
	<folder></folder>
	<filename>ka63_png.rf.faded6b08d9079dbef3e8511e9e64317.jpg</filename>
	<path>ka63_png.rf.faded6b08d9079dbef3e8511e9e64317.jpg</path>
	<source>
		<database>roboflow.com</database>
	</source>
	<size>
		<width>512</width>
		<height>512</height>
		<depth>3</depth>
	</size>
	<segmented>0</segmented>
	<object>
		<name>ka</name>
		<pose>Unspecified</pose>
		<truncated>0</truncated>
		<difficult>0</difficult>
		<occluded>0</occluded>
		<bndbox>
			<xmin>117</xmin>
			<xmax>451</xmax>
			<ymin>60</ymin>
			<ymax>247</ymax>
		</bndbox>
	</object>
</annotation>
