<annotation>
	<folder></folder>
	<filename>ka64_png.rf.6f53b83441ee4384065fb55f00d84830.jpg</filename>
	<path>ka64_png.rf.6f53b83441ee4384065fb55f00d84830.jpg</path>
	<source>
		<database>roboflow.com</database>
	</source>
	<size>
		<width>512</width>
		<height>512</height>
		<depth>3</depth>
	</size>
	<segmented>0</segmented>
	<object>
		<name>ka</name>
		<pose>Unspecified</pose>
		<truncated>0</truncated>
		<difficult>0</difficult>
		<occluded>0</occluded>
		<bndbox>
			<xmin>65</xmin>
			<xmax>414</xmax>
			<ymin>73</ymin>
			<ymax>245</ymax>
		</bndbox>
	</object>
</annotation>
