<annotation>
	<folder></folder>
	<filename>ka65_png.rf.030dff91da89d5368b498790e4a857a7.jpg</filename>
	<path>ka65_png.rf.030dff91da89d5368b498790e4a857a7.jpg</path>
	<source>
		<database>roboflow.com</database>
	</source>
	<size>
		<width>512</width>
		<height>512</height>
		<depth>3</depth>
	</size>
	<segmented>0</segmented>
	<object>
		<name>ka</name>
		<pose>Unspecified</pose>
		<truncated>0</truncated>
		<difficult>0</difficult>
		<occluded>0</occluded>
		<bndbox>
			<xmin>68</xmin>
			<xmax>454</xmax>
			<ymin>30</ymin>
			<ymax>260</ymax>
		</bndbox>
	</object>
</annotation>
