<annotation>
	<folder></folder>
	<filename>ka69_png.rf.de79d52642235ddbb249b240f541e963.jpg</filename>
	<path>ka69_png.rf.de79d52642235ddbb249b240f541e963.jpg</path>
	<source>
		<database>roboflow.com</database>
	</source>
	<size>
		<width>512</width>
		<height>512</height>
		<depth>3</depth>
	</size>
	<segmented>0</segmented>
	<object>
		<name>ka</name>
		<pose>Unspecified</pose>
		<truncated>0</truncated>
		<difficult>0</difficult>
		<occluded>0</occluded>
		<bndbox>
			<xmin>142</xmin>
			<xmax>486</xmax>
			<ymin>57</ymin>
			<ymax>242</ymax>
		</bndbox>
	</object>
</annotation>
