<annotation>
	<folder></folder>
	<filename>ka70_png.rf.76112da93668f5eb6de0e158705a5d7e.jpg</filename>
	<path>ka70_png.rf.76112da93668f5eb6de0e158705a5d7e.jpg</path>
	<source>
		<database>roboflow.com</database>
	</source>
	<size>
		<width>512</width>
		<height>512</height>
		<depth>3</depth>
	</size>
	<segmented>0</segmented>
	<object>
		<name>ka</name>
		<pose>Unspecified</pose>
		<truncated>0</truncated>
		<difficult>0</difficult>
		<occluded>0</occluded>
		<bndbox>
			<xmin>133</xmin>
			<xmax>427</xmax>
			<ymin>67</ymin>
			<ymax>264</ymax>
		</bndbox>
	</object>
</annotation>
