<annotation>
	<folder></folder>
	<filename>ka72_png.rf.5664595aaeb5fab3a5a68a54e828de2c.jpg</filename>
	<path>ka72_png.rf.5664595aaeb5fab3a5a68a54e828de2c.jpg</path>
	<source>
		<database>roboflow.com</database>
	</source>
	<size>
		<width>512</width>
		<height>512</height>
		<depth>3</depth>
	</size>
	<segmented>0</segmented>
	<object>
		<name>ka</name>
		<pose>Unspecified</pose>
		<truncated>0</truncated>
		<difficult>0</difficult>
		<occluded>0</occluded>
		<bndbox>
			<xmin>122</xmin>
			<xmax>406</xmax>
			<ymin>55</ymin>
			<ymax>290</ymax>
		</bndbox>
	</object>
</annotation>
