<annotation>
	<folder></folder>
	<filename>ka74_png.rf.598a818c4377d45a64d2b581f961ba03.jpg</filename>
	<path>ka74_png.rf.598a818c4377d45a64d2b581f961ba03.jpg</path>
	<source>
		<database>roboflow.com</database>
	</source>
	<size>
		<width>512</width>
		<height>512</height>
		<depth>3</depth>
	</size>
	<segmented>0</segmented>
	<object>
		<name>ka</name>
		<pose>Unspecified</pose>
		<truncated>0</truncated>
		<difficult>0</difficult>
		<occluded>0</occluded>
		<bndbox>
			<xmin>147</xmin>
			<xmax>432</xmax>
			<ymin>92</ymin>
			<ymax>239</ymax>
		</bndbox>
	</object>
</annotation>
