<annotation>
	<folder></folder>
	<filename>ka75_png.rf.7b1d22305756bfe5530a56ebbf6599e4.jpg</filename>
	<path>ka75_png.rf.7b1d22305756bfe5530a56ebbf6599e4.jpg</path>
	<source>
		<database>roboflow.com</database>
	</source>
	<size>
		<width>512</width>
		<height>512</height>
		<depth>3</depth>
	</size>
	<segmented>0</segmented>
	<object>
		<name>ka</name>
		<pose>Unspecified</pose>
		<truncated>0</truncated>
		<difficult>0</difficult>
		<occluded>0</occluded>
		<bndbox>
			<xmin>104</xmin>
			<xmax>447</xmax>
			<ymin>63</ymin>
			<ymax>255</ymax>
		</bndbox>
	</object>
</annotation>
