<annotation>
	<folder></folder>
	<filename>ka76_png.rf.bfed61983c81141bd8afd759cb001e8c.jpg</filename>
	<path>ka76_png.rf.bfed61983c81141bd8afd759cb001e8c.jpg</path>
	<source>
		<database>roboflow.com</database>
	</source>
	<size>
		<width>512</width>
		<height>512</height>
		<depth>3</depth>
	</size>
	<segmented>0</segmented>
	<object>
		<name>ka</name>
		<pose>Unspecified</pose>
		<truncated>0</truncated>
		<difficult>0</difficult>
		<occluded>0</occluded>
		<bndbox>
			<xmin>116</xmin>
			<xmax>392</xmax>
			<ymin>69</ymin>
			<ymax>236</ymax>
		</bndbox>
	</object>
</annotation>
