<annotation>
	<folder></folder>
	<filename>ka78_png.rf.0073c982fb21c49fafe34206c5d3ce98.jpg</filename>
	<path>ka78_png.rf.0073c982fb21c49fafe34206c5d3ce98.jpg</path>
	<source>
		<database>roboflow.com</database>
	</source>
	<size>
		<width>512</width>
		<height>512</height>
		<depth>3</depth>
	</size>
	<segmented>0</segmented>
	<object>
		<name>ka</name>
		<pose>Unspecified</pose>
		<truncated>0</truncated>
		<difficult>0</difficult>
		<occluded>0</occluded>
		<bndbox>
			<xmin>79</xmin>
			<xmax>416</xmax>
			<ymin>14</ymin>
			<ymax>218</ymax>
		</bndbox>
	</object>
</annotation>
