<annotation>
	<folder></folder>
	<filename>ka7_png.rf.139c1286bd2404f5f431dccc7aa53889.jpg</filename>
	<path>ka7_png.rf.139c1286bd2404f5f431dccc7aa53889.jpg</path>
	<source>
		<database>roboflow.com</database>
	</source>
	<size>
		<width>512</width>
		<height>512</height>
		<depth>3</depth>
	</size>
	<segmented>0</segmented>
	<object>
		<name>ka</name>
		<pose>Unspecified</pose>
		<truncated>0</truncated>
		<difficult>0</difficult>
		<occluded>0</occluded>
		<bndbox>
			<xmin>164</xmin>
			<xmax>478</xmax>
			<ymin>40</ymin>
			<ymax>269</ymax>
		</bndbox>
	</object>
</annotation>
