<annotation>
	<folder></folder>
	<filename>ka8_png.rf.6e4ab2406d0875200913aa1fa23a398e.jpg</filename>
	<path>ka8_png.rf.6e4ab2406d0875200913aa1fa23a398e.jpg</path>
	<source>
		<database>roboflow.com</database>
	</source>
	<size>
		<width>512</width>
		<height>512</height>
		<depth>3</depth>
	</size>
	<segmented>0</segmented>
	<object>
		<name>ka</name>
		<pose>Unspecified</pose>
		<truncated>0</truncated>
		<difficult>0</difficult>
		<occluded>0</occluded>
		<bndbox>
			<xmin>141</xmin>
			<xmax>428</xmax>
			<ymin>77</ymin>
			<ymax>242</ymax>
		</bndbox>
	</object>
</annotation>
