<annotation>
	<folder></folder>
	<filename>la0_png.rf.40c5243c7b3b87e03e4379a2527ddec0.jpg</filename>
	<path>la0_png.rf.40c5243c7b3b87e03e4379a2527ddec0.jpg</path>
	<source>
		<database>roboflow.com</database>
	</source>
	<size>
		<width>512</width>
		<height>512</height>
		<depth>3</depth>
	</size>
	<segmented>0</segmented>
	<object>
		<name>la</name>
		<pose>Unspecified</pose>
		<truncated>0</truncated>
		<difficult>0</difficult>
		<occluded>0</occluded>
		<bndbox>
			<xmin>48</xmin>
			<xmax>496</xmax>
			<ymin>35</ymin>
			<ymax>254</ymax>
		</bndbox>
	</object>
</annotation>
