<annotation>
	<folder></folder>
	<filename>la10_png.rf.40e7e280aade84133252ec140c18736c.jpg</filename>
	<path>la10_png.rf.40e7e280aade84133252ec140c18736c.jpg</path>
	<source>
		<database>roboflow.com</database>
	</source>
	<size>
		<width>512</width>
		<height>512</height>
		<depth>3</depth>
	</size>
	<segmented>0</segmented>
	<object>
		<name>la</name>
		<pose>Unspecified</pose>
		<truncated>0</truncated>
		<difficult>0</difficult>
		<occluded>0</occluded>
		<bndbox>
			<xmin>147</xmin>
			<xmax>397</xmax>
			<ymin>52</ymin>
			<ymax>231</ymax>
		</bndbox>
	</object>
</annotation>
