<annotation>
	<folder></folder>
	<filename>la11_png.rf.2bb3298bfc24f7f722e059a809ab0574.jpg</filename>
	<path>la11_png.rf.2bb3298bfc24f7f722e059a809ab0574.jpg</path>
	<source>
		<database>roboflow.com</database>
	</source>
	<size>
		<width>512</width>
		<height>512</height>
		<depth>3</depth>
	</size>
	<segmented>0</segmented>
	<object>
		<name>la</name>
		<pose>Unspecified</pose>
		<truncated>0</truncated>
		<difficult>0</difficult>
		<occluded>0</occluded>
		<bndbox>
			<xmin>105</xmin>
			<xmax>426</xmax>
			<ymin>65</ymin>
			<ymax>260</ymax>
		</bndbox>
	</object>
</annotation>
