<annotation>
	<folder></folder>
	<filename>la12_png.rf.d8419f90ab2800457475a296a352ac4e.jpg</filename>
	<path>la12_png.rf.d8419f90ab2800457475a296a352ac4e.jpg</path>
	<source>
		<database>roboflow.com</database>
	</source>
	<size>
		<width>512</width>
		<height>512</height>
		<depth>3</depth>
	</size>
	<segmented>0</segmented>
	<object>
		<name>la</name>
		<pose>Unspecified</pose>
		<truncated>0</truncated>
		<difficult>0</difficult>
		<occluded>0</occluded>
		<bndbox>
			<xmin>61</xmin>
			<xmax>378</xmax>
			<ymin>60</ymin>
			<ymax>236</ymax>
		</bndbox>
	</object>
</annotation>
