<annotation>
	<folder></folder>
	<filename>la13_png.rf.77a8466df8c68867bca7fb2318a28933.jpg</filename>
	<path>la13_png.rf.77a8466df8c68867bca7fb2318a28933.jpg</path>
	<source>
		<database>roboflow.com</database>
	</source>
	<size>
		<width>512</width>
		<height>512</height>
		<depth>3</depth>
	</size>
	<segmented>0</segmented>
	<object>
		<name>la</name>
		<pose>Unspecified</pose>
		<truncated>0</truncated>
		<difficult>0</difficult>
		<occluded>0</occluded>
		<bndbox>
			<xmin>78</xmin>
			<xmax>380</xmax>
			<ymin>30</ymin>
			<ymax>227</ymax>
		</bndbox>
	</object>
</annotation>
