<annotation>
	<folder></folder>
	<filename>la15_png.rf.e5e63b11936b22d5d65f4d0709ce5313.jpg</filename>
	<path>la15_png.rf.e5e63b11936b22d5d65f4d0709ce5313.jpg</path>
	<source>
		<database>roboflow.com</database>
	</source>
	<size>
		<width>512</width>
		<height>512</height>
		<depth>3</depth>
	</size>
	<segmented>0</segmented>
	<object>
		<name>la</name>
		<pose>Unspecified</pose>
		<truncated>0</truncated>
		<difficult>0</difficult>
		<occluded>0</occluded>
		<bndbox>
			<xmin>37</xmin>
			<xmax>503</xmax>
			<ymin>10</ymin>
			<ymax>250</ymax>
		</bndbox>
	</object>
</annotation>
