<annotation>
	<folder></folder>
	<filename>la16_png.rf.b7eb7e2d1f362e79a9f849aa3d2af108.jpg</filename>
	<path>la16_png.rf.b7eb7e2d1f362e79a9f849aa3d2af108.jpg</path>
	<source>
		<database>roboflow.com</database>
	</source>
	<size>
		<width>512</width>
		<height>512</height>
		<depth>3</depth>
	</size>
	<segmented>0</segmented>
	<object>
		<name>la</name>
		<pose>Unspecified</pose>
		<truncated>0</truncated>
		<difficult>0</difficult>
		<occluded>0</occluded>
		<bndbox>
			<xmin>117</xmin>
			<xmax>356</xmax>
			<ymin>87</ymin>
			<ymax>252</ymax>
		</bndbox>
	</object>
</annotation>
