<annotation>
	<folder></folder>
	<filename>la17_png.rf.5b266298c05303ed2ff5c34547381d71.jpg</filename>
	<path>la17_png.rf.5b266298c05303ed2ff5c34547381d71.jpg</path>
	<source>
		<database>roboflow.com</database>
	</source>
	<size>
		<width>512</width>
		<height>512</height>
		<depth>3</depth>
	</size>
	<segmented>0</segmented>
	<object>
		<name>la</name>
		<pose>Unspecified</pose>
		<truncated>0</truncated>
		<difficult>0</difficult>
		<occluded>0</occluded>
		<bndbox>
			<xmin>100</xmin>
			<xmax>401</xmax>
			<ymin>43</ymin>
			<ymax>233</ymax>
		</bndbox>
	</object>
</annotation>
