<annotation>
	<folder></folder>
	<filename>la18_png.rf.abb6e4e13fda7475159e830f8fb3743a.jpg</filename>
	<path>la18_png.rf.abb6e4e13fda7475159e830f8fb3743a.jpg</path>
	<source>
		<database>roboflow.com</database>
	</source>
	<size>
		<width>512</width>
		<height>512</height>
		<depth>3</depth>
	</size>
	<segmented>0</segmented>
	<object>
		<name>la</name>
		<pose>Unspecified</pose>
		<truncated>0</truncated>
		<difficult>0</difficult>
		<occluded>0</occluded>
		<bndbox>
			<xmin>83</xmin>
			<xmax>317</xmax>
			<ymin>95</ymin>
			<ymax>223</ymax>
		</bndbox>
	</object>
</annotation>
