<annotation>
	<folder></folder>
	<filename>la19_png.rf.342a2702fab8f83b033937bbb3d2ed05.jpg</filename>
	<path>la19_png.rf.342a2702fab8f83b033937bbb3d2ed05.jpg</path>
	<source>
		<database>roboflow.com</database>
	</source>
	<size>
		<width>512</width>
		<height>512</height>
		<depth>3</depth>
	</size>
	<segmented>0</segmented>
	<object>
		<name>la</name>
		<pose>Unspecified</pose>
		<truncated>0</truncated>
		<difficult>0</difficult>
		<occluded>0</occluded>
		<bndbox>
			<xmin>67</xmin>
			<xmax>428</xmax>
			<ymin>28</ymin>
			<ymax>267</ymax>
		</bndbox>
	</object>
</annotation>
